Order_ID,Sale_Date,Product_ID,Warehouse_ID,Sales_Quantity,Unit_Price,Discount_Percent,Promotion_Applied,Revenue
500011,2024-01-01,SKU1023,WH_WEST,6,1257.73,10.0,No,6791.74
500002,2024-01-01,SKU1005,WH_NORTH,4,23473.03,0.0,Yes,93892.12
500003,2024-01-01,SKU1008,WH_SOUTH,6,7387.04,0.0,Yes,44322.24
500008,2024-01-01,SKU1018,WH_NORTH,8,2038.19,0.0,No,16305.52
500012,2024-01-01,SKU1024,WH_NORTH,9,1822.24,10.0,Yes,14760.14
500014,2024-01-01,SKU1028,WH_WEST,3,716.34,20.0,No,1719.22
500010,2024-01-01,SKU1021,WH_NORTH,5,2700.26,5.0,No,12826.24
500013,2024-01-01,SKU1027,WH_WEST,6,194.56,0.0,No,1167.36
500006,2024-01-01,SKU1016,WH_SOUTH,5,497.81,5.0,No,2364.6
500000,2024-01-01,SKU1000,WH_WEST,4,9457.32,0.0,No,37829.28
500009,2024-01-01,SKU1019,WH_NORTH,7,1767.95,0.0,No,12375.65
500001,2024-01-01,SKU1001,WH_WEST,2,19525.32,5.0,No,37098.11
500016,2024-01-01,SKU1033,WH_WEST,17,1093.06,0.0,No,18582.02
500004,2024-01-01,SKU1011,WH_NORTH,5,282.38,0.0,No,1411.9
500005,2024-01-01,SKU1013,WH_WEST,7,2835.28,0.0,No,19846.96
500015,2024-01-01,SKU1031,WH_NORTH,15,2789.96,10.0,No,37664.46
500017,2024-01-01,SKU1036,WH_NORTH,19,2919.38,0.0,No,55468.22
500007,2024-01-01,SKU1017,WH_WEST,9,2741.56,15.0,Yes,20972.93
500018,2024-01-01,SKU1038,WH_SOUTH,16,1639.79,5.0,Yes,24924.81
500035,2024-01-02,SKU1027,WH_WEST,5,194.56,10.0,No,875.52
500033,2024-01-02,SKU1022,WH_WEST,5,278.9,0.0,No,1394.5
500022,2024-01-02,SKU1004,WH_SOUTH,3,661.52,20.0,No,1587.65
500027,2024-01-02,SKU1013,WH_WEST,14,2835.28,5.0,Yes,37709.22
500037,2024-01-02,SKU1030,WH_NORTH,22,2402.0,10.0,Yes,47559.6
500032,2024-01-02,SKU1021,WH_NORTH,5,2700.26,10.0,No,12151.17
500021,2024-01-02,SKU1003,WH_WEST,4,21674.48,0.0,No,86697.92
500028,2024-01-02,SKU1017,WH_WEST,8,2741.56,0.0,No,21932.48
500030,2024-01-02,SKU1019,WH_WEST,6,1767.95,10.0,No,9546.93
500024,2024-01-02,SKU1007,WH_NORTH,4,13190.2,0.0,No,52760.8
500025,2024-01-02,SKU1009,WH_NORTH,4,1309.64,0.0,No,5238.56
500040,2024-01-02,SKU1033,WH_WEST,17,1093.06,15.0,No,15794.72
500041,2024-01-02,SKU1038,WH_SOUTH,15,1639.79,5.0,No,23367.01
500029,2024-01-02,SKU1018,WH_NORTH,6,2038.19,0.0,No,12229.14
500020,2024-01-02,SKU1002,WH_WEST,5,4026.46,5.0,No,19125.68
500031,2024-01-02,SKU1020,WH_WEST,5,2359.13,0.0,No,11795.65
500023,2024-01-02,SKU1006,WH_SOUTH,4,4707.6,0.0,No,18830.4
500038,2024-01-02,SKU1031,WH_WEST,13,2789.96,15.0,No,30829.06
500034,2024-01-02,SKU1024,WH_NORTH,3,1822.24,0.0,No,5466.72
500036,2024-01-02,SKU1028,WH_SOUTH,4,716.34,0.0,No,2865.36
500026,2024-01-02,SKU1011,WH_WEST,4,282.38,0.0,No,1129.52
500039,2024-01-02,SKU1032,WH_NORTH,24,2757.64,0.0,Yes,66183.36
500019,2024-01-02,SKU1000,WH_NORTH,3,9457.32,0.0,No,28371.96
500043,2024-01-03,SKU1002,WH_WEST,2,4026.46,5.0,No,7650.27
500050,2024-01-03,SKU1011,WH_NORTH,8,282.38,0.0,No,2259.04
500063,2024-01-03,SKU1034,WH_SOUTH,12,2229.38,0.0,No,26752.56
500048,2024-01-03,SKU1009,WH_WEST,5,1309.64,15.0,No,5565.97
500061,2024-01-03,SKU1031,WH_SOUTH,11,2789.96,5.0,No,29155.08
500047,2024-01-03,SKU1006,WH_WEST,4,4707.6,0.0,No,18830.4
500049,2024-01-03,SKU1010,WH_SOUTH,12,1240.02,0.0,Yes,14880.24
500045,2024-01-03,SKU1004,WH_SOUTH,3,661.52,0.0,No,1984.56
500056,2024-01-03,SKU1021,WH_SOUTH,3,2700.26,10.0,No,7290.7
500057,2024-01-03,SKU1023,WH_NORTH,7,1257.73,0.0,No,8804.11
500051,2024-01-03,SKU1012,WH_SOUTH,9,1433.92,10.0,No,11614.75
500053,2024-01-03,SKU1016,WH_WEST,10,497.81,10.0,Yes,4480.29
500062,2024-01-03,SKU1032,WH_WEST,14,2757.64,0.0,No,38606.96
500052,2024-01-03,SKU1015,WH_SOUTH,8,808.05,15.0,No,5494.74
500042,2024-01-03,SKU1001,WH_SOUTH,3,19525.32,5.0,No,55647.16
500064,2024-01-03,SKU1035,WH_WEST,20,1749.54,0.0,Yes,34990.8
500044,2024-01-03,SKU1003,WH_WEST,5,21674.48,15.0,No,92116.54
500055,2024-01-03,SKU1020,WH_SOUTH,5,2359.13,15.0,No,10026.3
500060,2024-01-03,SKU1030,WH_WEST,29,2402.0,0.0,Yes,69658.0
500054,2024-01-03,SKU1019,WH_WEST,9,1767.95,0.0,No,15911.55
500058,2024-01-03,SKU1024,WH_SOUTH,6,1822.24,5.0,No,10386.77
500059,2024-01-03,SKU1026,WH_WEST,4,994.38,0.0,No,3977.52
500066,2024-01-03,SKU1039,WH_WEST,10,222.44,10.0,No,2001.96
500046,2024-01-03,SKU1005,WH_WEST,5,23473.03,10.0,No,105628.64
500065,2024-01-03,SKU1036,WH_NORTH,14,2919.38,0.0,Yes,40871.32
500085,2024-01-04,SKU1039,WH_SOUTH,16,222.44,0.0,No,3559.04
500083,2024-01-04,SKU1037,WH_NORTH,17,2206.93,0.0,No,37517.81
500069,2024-01-04,SKU1011,WH_WEST,7,282.38,20.0,No,1581.33
500076,2024-01-04,SKU1030,WH_SOUTH,16,2402.0,5.0,No,36510.4
500067,2024-01-04,SKU1001,WH_SOUTH,4,19525.32,20.0,No,62481.02
500074,2024-01-04,SKU1027,WH_NORTH,7,194.56,10.0,No,1225.73
500081,2024-01-04,SKU1035,WH_WEST,11,1749.54,15.0,No,16358.2
500075,2024-01-04,SKU1029,WH_WEST,11,716.7,0.0,Yes,7883.7
500073,2024-01-04,SKU1025,WH_WEST,9,1880.05,0.0,No,16920.45
500079,2024-01-04,SKU1033,WH_WEST,27,1093.06,0.0,Yes,29512.62
500072,2024-01-04,SKU1016,WH_SOUTH,6,497.81,10.0,No,2688.17
500080,2024-01-04,SKU1034,WH_SOUTH,13,2229.38,0.0,No,28981.94
500070,2024-01-04,SKU1013,WH_NORTH,4,2835.28,0.0,No,11341.12
500078,2024-01-04,SKU1032,WH_SOUTH,9,2757.64,0.0,No,24818.76
500068,2024-01-04,SKU1004,WH_NORTH,3,661.52,10.0,No,1786.1
500084,2024-01-04,SKU1038,WH_WEST,17,1639.79,0.0,No,27876.43
500071,2024-01-04,SKU1014,WH_NORTH,10,1248.44,10.0,No,11235.96
500082,2024-01-04,SKU1036,WH_WEST,17,2919.38,0.0,No,49629.46
500077,2024-01-04,SKU1031,WH_SOUTH,7,2789.96,15.0,No,16600.26
500096,2024-01-05,SKU1015,WH_SOUTH,9,808.05,5.0,No,6908.83
500105,2024-01-05,SKU1029,WH_SOUTH,9,716.7,10.0,No,5805.27
500100,2024-01-05,SKU1021,WH_SOUTH,6,2700.26,5.0,No,15391.48
500094,2024-01-05,SKU1013,WH_SOUTH,7,2835.28,0.0,No,19846.96
500103,2024-01-05,SKU1027,WH_SOUTH,7,194.56,0.0,No,1361.92
500089,2024-01-05,SKU1008,WH_WEST,4,7387.04,0.0,No,29548.16
500101,2024-01-05,SKU1023,WH_SOUTH,9,1257.73,0.0,No,11319.57
500098,2024-01-05,SKU1019,WH_NORTH,8,1767.95,10.0,No,12729.24
500092,2024-01-05,SKU1011,WH_NORTH,7,282.38,10.0,No,1778.99
500107,2024-01-05,SKU1031,WH_SOUTH,16,2789.96,0.0,No,44639.36
500093,2024-01-05,SKU1012,WH_SOUTH,9,1433.92,5.0,No,12260.02
500104,2024-01-05,SKU1028,WH_SOUTH,6,716.34,10.0,No,3868.24
500109,2024-01-05,SKU1035,WH_SOUTH,22,1749.54,0.0,No,38489.88
500099,2024-01-05,SKU1020,WH_NORTH,5,2359.13,0.0,No,11795.65
500086,2024-01-05,SKU1000,WH_SOUTH,9,9457.32,0.0,No,85115.88
500091,2024-01-05,SKU1010,WH_WEST,8,1240.02,0.0,No,9920.16
500097,2024-01-05,SKU1016,WH_WEST,5,497.81,15.0,No,2115.69
500087,2024-01-05,SKU1001,WH_SOUTH,2,19525.32,0.0,No,39050.64
500102,2024-01-05,SKU1025,WH_WEST,5,1880.05,15.0,No,7990.21
500110,2024-01-05,SKU1038,WH_NORTH,29,1639.79,0.0,Yes,47553.91
500106,2024-01-05,SKU1030,WH_WEST,16,2402.0,10.0,No,34588.8
500088,2024-01-05,SKU1007,WH_NORTH,4,13190.2,0.0,No,52760.8
500090,2024-01-05,SKU1009,WH_NORTH,4,1309.64,20.0,No,4190.85
500108,2024-01-05,SKU1032,WH_WEST,20,2757.64,5.0,No,52395.16
500095,2024-01-05,SKU1014,WH_NORTH,5,1248.44,20.0,No,4993.76
500131,2024-01-06,SKU1038,WH_SOUTH,20,1639.79,0.0,No,32795.8
500128,2024-01-06,SKU1034,WH_SOUTH,17,2229.38,0.0,No,37899.46
500114,2024-01-06,SKU1005,WH_NORTH,6,23473.03,0.0,No,140838.18
500116,2024-01-06,SKU1007,WH_WEST,5,13190.2,0.0,No,65951.0
500125,2024-01-06,SKU1021,WH_SOUTH,6,2700.26,5.0,No,15391.48
500118,2024-01-06,SKU1010,WH_SOUTH,9,1240.02,0.0,No,11160.18
500112,2024-01-06,SKU1002,WH_WEST,6,4026.46,15.0,Yes,20534.95
500120,2024-01-06,SKU1013,WH_NORTH,6,2835.28,0.0,No,17011.68
500126,2024-01-06,SKU1029,WH_WEST,6,716.7,10.0,No,3870.18
500127,2024-01-06,SKU1031,WH_WEST,17,2789.96,10.0,No,42686.39
500113,2024-01-06,SKU1004,WH_SOUTH,4,661.52,0.0,No,2646.08
500124,2024-01-06,SKU1020,WH_SOUTH,6,2359.13,5.0,No,13447.04
500115,2024-01-06,SKU1006,WH_WEST,2,4707.6,0.0,No,9415.2
500111,2024-01-06,SKU1001,WH_WEST,3,19525.32,0.0,No,58575.96
500123,2024-01-06,SKU1018,WH_NORTH,9,2038.19,10.0,No,16509.34
500122,2024-01-06,SKU1017,WH_NORTH,10,2741.56,15.0,No,23303.26
500121,2024-01-06,SKU1015,WH_WEST,13,808.05,0.0,No,10504.65
500117,2024-01-06,SKU1008,WH_NORTH,3,7387.04,0.0,No,22161.12
500130,2024-01-06,SKU1037,WH_WEST,18,2206.93,0.0,No,39724.74
500119,2024-01-06,SKU1011,WH_WEST,7,282.38,0.0,No,1976.66
500132,2024-01-06,SKU1039,WH_WEST,18,222.44,0.0,No,4003.92
500129,2024-01-06,SKU1036,WH_NORTH,18,2919.38,10.0,No,47293.96
500143,2024-01-07,SKU1016,WH_SOUTH,9,497.81,0.0,No,4480.29
500139,2024-01-07,SKU1009,WH_NORTH,3,1309.64,10.0,No,3536.03
500154,2024-01-07,SKU1039,WH_SOUTH,14,222.44,0.0,No,3114.16
500144,2024-01-07,SKU1018,WH_NORTH,6,2038.19,15.0,No,10394.77
500153,2024-01-07,SKU1034,WH_WEST,13,2229.38,0.0,No,28981.94
500147,2024-01-07,SKU1027,WH_WEST,7,194.56,15.0,No,1157.63
500136,2024-01-07,SKU1005,WH_NORTH,2,23473.03,0.0,No,46946.06
500148,2024-01-07,SKU1028,WH_WEST,6,716.34,0.0,No,4298.04
500151,2024-01-07,SKU1032,WH_WEST,16,2757.64,15.0,No,37503.9
500145,2024-01-07,SKU1024,WH_SOUTH,7,1822.24,20.0,No,10204.54
500133,2024-01-07,SKU1000,WH_WEST,5,9457.32,5.0,No,44922.27
500150,2024-01-07,SKU1031,WH_WEST,17,2789.96,10.0,No,42686.39
500142,2024-01-07,SKU1014,WH_NORTH,6,1248.44,10.0,No,6741.58
500134,2024-01-07,SKU1001,WH_SOUTH,6,19525.32,0.0,No,117151.92
500137,2024-01-07,SKU1006,WH_SOUTH,3,4707.6,5.0,No,13416.66
500138,2024-01-07,SKU1007,WH_SOUTH,3,13190.2,0.0,No,39570.6
500141,2024-01-07,SKU1012,WH_SOUTH,6,1433.92,0.0,No,8603.52
500135,2024-01-07,SKU1002,WH_WEST,5,4026.46,5.0,No,19125.68
500140,2024-01-07,SKU1010,WH_SOUTH,18,1240.02,0.0,Yes,22320.36
500152,2024-01-07,SKU1033,WH_SOUTH,16,1093.06,20.0,No,13991.17
500149,2024-01-07,SKU1030,WH_WEST,22,2402.0,5.0,No,50201.8
500146,2024-01-07,SKU1026,WH_WEST,9,994.38,5.0,No,8501.95
500164,2024-01-08,SKU1025,WH_SOUTH,11,1880.05,15.0,Yes,17578.47
500159,2024-01-08,SKU1008,WH_SOUTH,4,7387.04,20.0,No,23638.53
500156,2024-01-08,SKU1001,WH_NORTH,2,19525.32,10.0,No,35145.58
500162,2024-01-08,SKU1016,WH_SOUTH,7,497.81,0.0,No,3484.67
500163,2024-01-08,SKU1023,WH_NORTH,7,1257.73,0.0,No,8804.11
500166,2024-01-08,SKU1027,WH_NORTH,3,194.56,10.0,No,525.31
500160,2024-01-08,SKU1012,WH_NORTH,9,1433.92,0.0,No,12905.28
500161,2024-01-08,SKU1013,WH_NORTH,12,2835.28,0.0,No,34023.36
500158,2024-01-08,SKU1007,WH_SOUTH,3,13190.2,0.0,No,39570.6
500168,2024-01-08,SKU1039,WH_NORTH,12,222.44,10.0,No,2402.35
500155,2024-01-08,SKU1000,WH_WEST,4,9457.32,0.0,No,37829.28
500165,2024-01-08,SKU1026,WH_SOUTH,4,994.38,10.0,No,3579.77
500157,2024-01-08,SKU1002,WH_NORTH,2,4026.46,15.0,No,6844.98
500167,2024-01-08,SKU1037,WH_WEST,16,2206.93,0.0,No,35310.88
500185,2024-01-09,SKU1030,WH_NORTH,17,2402.0,0.0,Yes,40834.0
500169,2024-01-09,SKU1000,WH_WEST,4,9457.32,0.0,No,37829.28
500178,2024-01-09,SKU1013,WH_NORTH,4,2835.28,10.0,No,10207.01
500183,2024-01-09,SKU1020,WH_SOUTH,8,2359.13,5.0,No,17929.39
500186,2024-01-09,SKU1031,WH_NORTH,19,2789.96,0.0,No,53009.24
500190,2024-01-09,SKU1037,WH_WEST,15,2206.93,10.0,No,29793.55
500170,2024-01-09,SKU1002,WH_NORTH,3,4026.46,0.0,No,12079.38
500173,2024-01-09,SKU1006,WH_NORTH,5,4707.6,5.0,No,22361.1
500172,2024-01-09,SKU1005,WH_WEST,4,23473.03,0.0,No,93892.12
500181,2024-01-09,SKU1018,WH_WEST,5,2038.19,0.0,No,10190.95
500171,2024-01-09,SKU1004,WH_SOUTH,3,661.52,10.0,No,1786.1
500192,2024-01-09,SKU1039,WH_NORTH,22,222.44,5.0,Yes,4649.0
500191,2024-01-09,SKU1038,WH_NORTH,17,1639.79,10.0,No,25088.79
500184,2024-01-09,SKU1021,WH_NORTH,5,2700.26,0.0,No,13501.3
500174,2024-01-09,SKU1007,WH_SOUTH,2,13190.2,10.0,No,23742.36
500182,2024-01-09,SKU1019,WH_WEST,18,1767.95,0.0,Yes,31823.1
500179,2024-01-09,SKU1015,WH_WEST,6,808.05,0.0,No,4848.3
500180,2024-01-09,SKU1016,WH_NORTH,7,497.81,0.0,No,3484.67
500187,2024-01-09,SKU1032,WH_WEST,12,2757.64,10.0,No,29782.51
500175,2024-01-09,SKU1008,WH_NORTH,5,7387.04,0.0,No,36935.2
500189,2024-01-09,SKU1035,WH_WEST,17,1749.54,5.0,No,28255.07
500176,2024-01-09,SKU1009,WH_SOUTH,4,1309.64,0.0,No,5238.56
500177,2024-01-09,SKU1012,WH_SOUTH,10,1433.92,20.0,No,11471.36
500188,2024-01-09,SKU1033,WH_WEST,18,1093.06,5.0,No,18691.33
500203,2024-01-10,SKU1022,WH_SOUTH,3,278.9,15.0,No,711.2
500202,2024-01-10,SKU1019,WH_SOUTH,6,1767.95,0.0,No,10607.7
500205,2024-01-10,SKU1026,WH_SOUTH,5,994.38,10.0,No,4474.71
500208,2024-01-10,SKU1031,WH_SOUTH,17,2789.96,0.0,No,47429.32
500206,2024-01-10,SKU1028,WH_NORTH,6,716.34,0.0,No,4298.04
500194,2024-01-10,SKU1004,WH_SOUTH,4,661.52,5.0,Yes,2513.78
500196,2024-01-10,SKU1006,WH_WEST,4,4707.6,0.0,No,18830.4
500214,2024-01-10,SKU1039,WH_NORTH,28,222.44,10.0,Yes,5605.49
500212,2024-01-10,SKU1035,WH_SOUTH,12,1749.54,10.0,No,18895.03
500207,2024-01-10,SKU1029,WH_WEST,7,716.7,0.0,No,5016.9
500193,2024-01-10,SKU1001,WH_SOUTH,2,19525.32,0.0,No,39050.64
500199,2024-01-10,SKU1012,WH_SOUTH,11,1433.92,0.0,No,15773.12
500198,2024-01-10,SKU1009,WH_WEST,5,1309.64,0.0,No,6548.2
500201,2024-01-10,SKU1015,WH_NORTH,10,808.05,0.0,No,8080.5
500197,2024-01-10,SKU1007,WH_WEST,4,13190.2,0.0,No,52760.8
500213,2024-01-10,SKU1036,WH_NORTH,16,2919.38,0.0,No,46710.08
500195,2024-01-10,SKU1005,WH_WEST,5,23473.03,0.0,No,117365.15
500210,2024-01-10,SKU1033,WH_NORTH,18,1093.06,0.0,No,19675.08
500200,2024-01-10,SKU1014,WH_WEST,5,1248.44,0.0,No,6242.2
500211,2024-01-10,SKU1034,WH_NORTH,16,2229.38,0.0,No,35670.08
500209,2024-01-10,SKU1032,WH_WEST,14,2757.64,20.0,No,30885.57
500204,2024-01-10,SKU1023,WH_SOUTH,8,1257.73,0.0,No,10061.84
500218,2024-01-11,SKU1007,WH_WEST,5,13190.2,10.0,No,59355.9
500233,2024-01-11,SKU1033,WH_SOUTH,18,1093.06,0.0,No,19675.08
500228,2024-01-11,SKU1027,WH_NORTH,5,194.56,10.0,No,875.52
500229,2024-01-11,SKU1028,WH_WEST,6,716.34,10.0,No,3868.24
500235,2024-01-11,SKU1037,WH_WEST,11,2206.93,0.0,No,24276.23
500225,2024-01-11,SKU1024,WH_WEST,10,1822.24,0.0,Yes,18222.4
500220,2024-01-11,SKU1009,WH_NORTH,5,1309.64,0.0,No,6548.2
500231,2024-01-11,SKU1031,WH_WEST,23,2789.96,0.0,No,64169.08
500237,2024-01-11,SKU1039,WH_WEST,22,222.44,5.0,No,4649.0
500217,2024-01-11,SKU1004,WH_SOUTH,3,661.52,5.0,No,1885.33
500230,2024-01-11,SKU1029,WH_WEST,6,716.7,0.0,No,4300.2
500227,2024-01-11,SKU1026,WH_WEST,8,994.38,0.0,No,7955.04
500236,2024-01-11,SKU1038,WH_SOUTH,12,1639.79,10.0,No,17709.73
500222,2024-01-11,SKU1012,WH_WEST,8,1433.92,20.0,No,9177.09
500224,2024-01-11,SKU1022,WH_SOUTH,5,278.9,0.0,No,1394.5
500221,2024-01-11,SKU1011,WH_NORTH,12,282.38,5.0,No,3219.13
500216,2024-01-11,SKU1002,WH_NORTH,4,4026.46,0.0,No,16105.84
500223,2024-01-11,SKU1016,WH_SOUTH,11,497.81,0.0,No,5475.91
500219,2024-01-11,SKU1008,WH_NORTH,4,7387.04,5.0,No,28070.75
500226,2024-01-11,SKU1025,WH_NORTH,6,1880.05,10.0,No,10152.27
500215,2024-01-11,SKU1000,WH_SOUTH,3,9457.32,0.0,No,28371.96
500232,2024-01-11,SKU1032,WH_WEST,16,2757.64,10.0,No,39710.02
500234,2024-01-11,SKU1035,WH_NORTH,13,1749.54,0.0,No,22744.02
500244,2024-01-12,SKU1012,WH_WEST,6,1433.92,10.0,No,7743.17
500255,2024-01-12,SKU1030,WH_SOUTH,18,2402.0,0.0,Yes,43236.0
500238,2024-01-12,SKU1000,WH_SOUTH,3,9457.32,5.0,No,26953.36
500260,2024-01-12,SKU1036,WH_WEST,9,2919.38,10.0,No,23646.98
500239,2024-01-12,SKU1001,WH_WEST,4,19525.32,5.0,No,74196.22
500256,2024-01-12,SKU1031,WH_NORTH,16,2789.96,5.0,Yes,42407.39
500261,2024-01-12,SKU1038,WH_SOUTH,18,1639.79,0.0,No,29516.22
500245,2024-01-12,SKU1014,WH_NORTH,5,1248.44,0.0,No,6242.2
500251,2024-01-12,SKU1024,WH_SOUTH,8,1822.24,0.0,Yes,14577.92
500243,2024-01-12,SKU1010,WH_NORTH,8,1240.02,0.0,No,9920.16
500241,2024-01-12,SKU1004,WH_NORTH,4,661.52,5.0,No,2513.78
500258,2024-01-12,SKU1033,WH_SOUTH,15,1093.06,0.0,No,16395.9
500240,2024-01-12,SKU1002,WH_WEST,3,4026.46,15.0,No,10267.47
500257,2024-01-12,SKU1032,WH_NORTH,27,2757.64,0.0,Yes,74456.28
500242,2024-01-12,SKU1009,WH_SOUTH,7,1309.64,5.0,Yes,8709.11
500253,2024-01-12,SKU1028,WH_NORTH,6,716.34,0.0,No,4298.04
500262,2024-01-12,SKU1039,WH_NORTH,16,222.44,0.0,No,3559.04
500249,2024-01-12,SKU1020,WH_WEST,4,2359.13,0.0,No,9436.52
500254,2024-01-12,SKU1029,WH_WEST,5,716.7,0.0,No,3583.5
500259,2024-01-12,SKU1034,WH_NORTH,13,2229.38,0.0,No,28981.94
500247,2024-01-12,SKU1017,WH_WEST,9,2741.56,15.0,No,20972.93
500250,2024-01-12,SKU1022,WH_NORTH,7,278.9,10.0,No,1757.07
500246,2024-01-12,SKU1016,WH_NORTH,9,497.81,0.0,No,4480.29
500248,2024-01-12,SKU1019,WH_NORTH,12,1767.95,15.0,No,18033.09
500252,2024-01-12,SKU1026,WH_SOUTH,7,994.38,15.0,No,5916.56
500271,2024-01-13,SKU1018,WH_NORTH,10,2038.19,20.0,No,16305.52
500268,2024-01-13,SKU1011,WH_WEST,9,282.38,5.0,No,2414.35
500274,2024-01-13,SKU1024,WH_SOUTH,10,1822.24,0.0,No,18222.4
500267,2024-01-13,SKU1007,WH_SOUTH,5,13190.2,0.0,No,65951.0
500265,2024-01-13,SKU1002,WH_SOUTH,7,4026.46,0.0,Yes,28185.22
500270,2024-01-13,SKU1017,WH_NORTH,9,2741.56,0.0,No,24674.04
500272,2024-01-13,SKU1022,WH_NORTH,9,278.9,0.0,No,2510.1
500275,2024-01-13,SKU1025,WH_WEST,8,1880.05,0.0,No,15040.4
500273,2024-01-13,SKU1023,WH_SOUTH,7,1257.73,0.0,No,8804.11
500269,2024-01-13,SKU1016,WH_SOUTH,10,497.81,10.0,No,4480.29
500266,2024-01-13,SKU1004,WH_NORTH,4,661.52,10.0,No,2381.47
500278,2024-01-13,SKU1036,WH_SOUTH,20,2919.38,0.0,No,58387.6
500263,2024-01-13,SKU1000,WH_WEST,4,9457.32,5.0,No,35937.82
500276,2024-01-13,SKU1032,WH_WEST,13,2757.64,0.0,No,35849.32
500264,2024-01-13,SKU1001,WH_SOUTH,6,19525.32,0.0,No,117151.92
500277,2024-01-13,SKU1033,WH_NORTH,9,1093.06,0.0,No,9837.54
500279,2024-01-14,SKU1000,WH_NORTH,4,9457.32,20.0,Yes,30263.42
500300,2024-01-14,SKU1035,WH_WEST,20,1749.54,0.0,No,34990.8
500296,2024-01-14,SKU1029,WH_WEST,10,716.7,15.0,No,6091.95
500301,2024-01-14,SKU1036,WH_NORTH,25,2919.38,0.0,Yes,72984.5
500284,2024-01-14,SKU1009,WH_WEST,4,1309.64,10.0,No,4714.7
500303,2024-01-14,SKU1038,WH_NORTH,20,1639.79,5.0,No,31156.01
500289,2024-01-14,SKU1017,WH_WEST,7,2741.56,0.0,No,19190.92
500288,2024-01-14,SKU1016,WH_SOUTH,9,497.81,15.0,No,3808.25
500286,2024-01-14,SKU1012,WH_SOUTH,6,1433.92,0.0,No,8603.52
500293,2024-01-14,SKU1023,WH_SOUTH,5,1257.73,20.0,No,5030.92
500292,2024-01-14,SKU1022,WH_SOUTH,6,278.9,0.0,No,1673.4
500283,2024-01-14,SKU1007,WH_WEST,5,13190.2,10.0,No,59355.9
500290,2024-01-14,SKU1019,WH_SOUTH,14,1767.95,5.0,No,23513.73
500302,2024-01-14,SKU1037,WH_NORTH,18,2206.93,10.0,No,35752.27
500285,2024-01-14,SKU1011,WH_SOUTH,11,282.38,5.0,No,2950.87
500281,2024-01-14,SKU1003,WH_WEST,4,21674.48,0.0,No,86697.92
500299,2024-01-14,SKU1034,WH_WEST,18,2229.38,10.0,No,36115.96
500282,2024-01-14,SKU1005,WH_NORTH,7,23473.03,5.0,No,156095.65
500295,2024-01-14,SKU1027,WH_SOUTH,8,194.56,5.0,No,1478.66
500298,2024-01-14,SKU1032,WH_NORTH,22,2757.64,0.0,No,60668.08
500291,2024-01-14,SKU1020,WH_NORTH,10,2359.13,10.0,No,21232.17
500294,2024-01-14,SKU1026,WH_WEST,6,994.38,10.0,No,5369.65
500287,2024-01-14,SKU1015,WH_NORTH,7,808.05,0.0,No,5656.35
500280,2024-01-14,SKU1002,WH_NORTH,5,4026.46,0.0,No,20132.3
500297,2024-01-14,SKU1031,WH_WEST,26,2789.96,0.0,No,72538.96
500314,2024-01-15,SKU1014,WH_WEST,6,1248.44,15.0,No,6367.04
500323,2024-01-15,SKU1031,WH_SOUTH,31,2789.96,0.0,Yes,86488.76
500311,2024-01-15,SKU1010,WH_SOUTH,2,1240.02,0.0,No,2480.04
500313,2024-01-15,SKU1012,WH_WEST,10,1433.92,10.0,No,12905.28
500318,2024-01-15,SKU1022,WH_NORTH,1,278.9,0.0,No,278.9
500325,2024-01-15,SKU1039,WH_WEST,14,222.44,15.0,No,2647.04
500320,2024-01-15,SKU1026,WH_WEST,7,994.38,10.0,No,6264.59
500319,2024-01-15,SKU1024,WH_NORTH,7,1822.24,0.0,No,12755.68
500309,2024-01-15,SKU1005,WH_WEST,3,23473.03,0.0,No,70419.09
500316,2024-01-15,SKU1020,WH_SOUTH,5,2359.13,20.0,No,9436.52
500317,2024-01-15,SKU1021,WH_WEST,7,2700.26,0.0,No,18901.82
500324,2024-01-15,SKU1034,WH_NORTH,16,2229.38,0.0,No,35670.08
500306,2024-01-15,SKU1002,WH_WEST,4,4026.46,5.0,No,15300.55
500321,2024-01-15,SKU1029,WH_NORTH,6,716.7,20.0,No,3440.16
500310,2024-01-15,SKU1007,WH_SOUTH,4,13190.2,15.0,Yes,44846.68
500315,2024-01-15,SKU1019,WH_WEST,9,1767.95,0.0,No,15911.55
500307,2024-01-15,SKU1003,WH_SOUTH,2,21674.48,0.0,No,43348.96
500322,2024-01-15,SKU1030,WH_NORTH,11,2402.0,0.0,No,26422.0
500308,2024-01-15,SKU1004,WH_SOUTH,4,661.52,0.0,No,2646.08
500304,2024-01-15,SKU1000,WH_NORTH,3,9457.32,10.0,No,25534.76
500305,2024-01-15,SKU1001,WH_SOUTH,4,19525.32,0.0,No,78101.28
500312,2024-01-15,SKU1011,WH_SOUTH,7,282.38,0.0,No,1976.66
500335,2024-01-16,SKU1014,WH_NORTH,10,1248.44,10.0,No,11235.96
500327,2024-01-16,SKU1001,WH_NORTH,5,19525.32,5.0,No,92745.27
500338,2024-01-16,SKU1026,WH_NORTH,7,994.38,15.0,No,5916.56
500326,2024-01-16,SKU1000,WH_WEST,3,9457.32,10.0,No,25534.76
500340,2024-01-16,SKU1029,WH_NORTH,6,716.7,5.0,No,4085.19
500330,2024-01-16,SKU1008,WH_SOUTH,3,7387.04,0.0,No,22161.12
500336,2024-01-16,SKU1023,WH_SOUTH,3,1257.73,0.0,No,3773.19
500341,2024-01-16,SKU1031,WH_SOUTH,13,2789.96,0.0,No,36269.48
500343,2024-01-16,SKU1039,WH_NORTH,8,222.44,5.0,No,1690.54
500342,2024-01-16,SKU1037,WH_SOUTH,12,2206.93,5.0,No,25159.0
500332,2024-01-16,SKU1011,WH_SOUTH,9,282.38,0.0,No,2541.42
500329,2024-01-16,SKU1007,WH_WEST,4,13190.2,0.0,No,52760.8
500334,2024-01-16,SKU1013,WH_SOUTH,7,2835.28,0.0,No,19846.96
500331,2024-01-16,SKU1010,WH_SOUTH,8,1240.02,10.0,No,8928.14
500337,2024-01-16,SKU1024,WH_WEST,9,1822.24,0.0,Yes,16400.16
500339,2024-01-16,SKU1028,WH_SOUTH,8,716.34,0.0,No,5730.72
500333,2024-01-16,SKU1012,WH_NORTH,8,1433.92,0.0,No,11471.36
500328,2024-01-16,SKU1005,WH_NORTH,5,23473.03,0.0,Yes,117365.15
500361,2024-01-17,SKU1030,WH_NORTH,13,2402.0,10.0,No,28103.4
500351,2024-01-17,SKU1013,WH_NORTH,8,2835.28,0.0,No,22682.24
500356,2024-01-17,SKU1019,WH_SOUTH,9,1767.95,5.0,No,15115.97
500359,2024-01-17,SKU1026,WH_SOUTH,4,994.38,0.0,No,3977.52
500353,2024-01-17,SKU1015,WH_WEST,9,808.05,0.0,No,7272.45
500364,2024-01-17,SKU1037,WH_SOUTH,15,2206.93,0.0,No,33103.95
500355,2024-01-17,SKU1018,WH_WEST,6,2038.19,0.0,No,12229.14
500358,2024-01-17,SKU1025,WH_WEST,6,1880.05,5.0,No,10716.28
500354,2024-01-17,SKU1017,WH_NORTH,8,2741.56,0.0,No,21932.48
500362,2024-01-17,SKU1033,WH_WEST,8,1093.06,10.0,No,7870.03
500363,2024-01-17,SKU1035,WH_SOUTH,19,1749.54,0.0,No,33241.26
500352,2024-01-17,SKU1014,WH_WEST,20,1248.44,5.0,No,24313.37
500360,2024-01-17,SKU1029,WH_SOUTH,7,716.7,0.0,No,5016.9
500345,2024-01-17,SKU1005,WH_NORTH,3,23473.03,0.0,No,70419.09
500349,2024-01-17,SKU1009,WH_NORTH,4,1309.64,0.0,No,5238.56
500344,2024-01-17,SKU1001,WH_SOUTH,3,19525.32,5.0,No,55647.16
500357,2024-01-17,SKU1020,WH_NORTH,5,2359.13,5.0,No,11205.87
500350,2024-01-17,SKU1011,WH_SOUTH,10,282.38,0.0,No,2823.8
500348,2024-01-17,SKU1008,WH_SOUTH,3,7387.04,0.0,No,22161.12
500346,2024-01-17,SKU1006,WH_WEST,3,4707.6,0.0,No,14122.8
500347,2024-01-17,SKU1007,WH_WEST,1,13190.2,15.0,No,11211.67
500374,2024-01-18,SKU1014,WH_SOUTH,7,1248.44,20.0,No,6991.26
500387,2024-01-18,SKU1039,WH_SOUTH,13,222.44,15.0,No,2457.96
500368,2024-01-18,SKU1004,WH_NORTH,6,661.52,15.0,Yes,3373.75
500381,2024-01-18,SKU1032,WH_SOUTH,30,2757.64,5.0,Yes,78592.74
500370,2024-01-18,SKU1009,WH_NORTH,2,1309.64,20.0,No,2095.42
500383,2024-01-18,SKU1034,WH_NORTH,11,2229.38,15.0,No,20844.7
500372,2024-01-18,SKU1012,WH_WEST,6,1433.92,5.0,No,8173.34
500377,2024-01-18,SKU1023,WH_WEST,12,1257.73,0.0,Yes,15092.76
500378,2024-01-18,SKU1026,WH_NORTH,9,994.38,0.0,Yes,8949.42
500365,2024-01-18,SKU1000,WH_NORTH,3,9457.32,0.0,No,28371.96
500380,2024-01-18,SKU1029,WH_SOUTH,5,716.7,10.0,No,3225.15
500375,2024-01-18,SKU1019,WH_SOUTH,12,1767.95,10.0,No,19093.86
500366,2024-01-18,SKU1002,WH_SOUTH,3,4026.46,20.0,No,9663.5
500386,2024-01-18,SKU1038,WH_SOUTH,14,1639.79,0.0,No,22957.06
500379,2024-01-18,SKU1027,WH_SOUTH,8,194.56,5.0,No,1478.66
500376,2024-01-18,SKU1021,WH_NORTH,3,2700.26,0.0,No,8100.78
500384,2024-01-18,SKU1035,WH_WEST,23,1749.54,10.0,No,36215.48
500373,2024-01-18,SKU1013,WH_SOUTH,9,2835.28,5.0,No,24241.64
500382,2024-01-18,SKU1033,WH_SOUTH,10,1093.06,20.0,No,8744.48
500367,2024-01-18,SKU1003,WH_WEST,4,21674.48,0.0,Yes,86697.92
500385,2024-01-18,SKU1036,WH_WEST,16,2919.38,10.0,No,42039.07
500371,2024-01-18,SKU1010,WH_WEST,5,1240.02,0.0,No,6200.1
500369,2024-01-18,SKU1005,WH_SOUTH,5,23473.03,15.0,No,99760.38
500410,2024-01-19,SKU1037,WH_NORTH,17,2206.93,10.0,Yes,33766.03
500406,2024-01-19,SKU1027,WH_NORTH,7,194.56,0.0,No,1361.92
500400,2024-01-19,SKU1020,WH_WEST,7,2359.13,15.0,No,14036.82
500388,2024-01-19,SKU1001,WH_WEST,3,19525.32,0.0,No,58575.96
500396,2024-01-19,SKU1015,WH_SOUTH,6,808.05,0.0,No,4848.3
500397,2024-01-19,SKU1016,WH_SOUTH,9,497.81,10.0,No,4032.26
500404,2024-01-19,SKU1025,WH_NORTH,6,1880.05,15.0,No,9588.25
500393,2024-01-19,SKU1007,WH_SOUTH,3,13190.2,5.0,No,37592.07
500403,2024-01-19,SKU1023,WH_SOUTH,6,1257.73,0.0,No,7546.38
500402,2024-01-19,SKU1022,WH_SOUTH,4,278.9,15.0,No,948.26
500401,2024-01-19,SKU1021,WH_SOUTH,5,2700.26,0.0,No,13501.3
500395,2024-01-19,SKU1011,WH_NORTH,8,282.38,10.0,No,2033.14
500405,2024-01-19,SKU1026,WH_WEST,7,994.38,0.0,Yes,6960.66
500399,2024-01-19,SKU1019,WH_WEST,8,1767.95,0.0,No,14143.6
500408,2024-01-19,SKU1031,WH_NORTH,20,2789.96,0.0,No,55799.2
500390,2024-01-19,SKU1003,WH_SOUTH,7,21674.48,10.0,Yes,136549.22
500409,2024-01-19,SKU1033,WH_WEST,18,1093.06,0.0,No,19675.08
500389,2024-01-19,SKU1002,WH_SOUTH,8,4026.46,5.0,Yes,30601.1
500394,2024-01-19,SKU1010,WH_NORTH,1,1240.02,5.0,No,1178.02
500407,2024-01-19,SKU1029,WH_WEST,5,716.7,5.0,No,3404.32
500391,2024-01-19,SKU1004,WH_NORTH,4,661.52,10.0,No,2381.47
500398,2024-01-19,SKU1017,WH_NORTH,10,2741.56,15.0,Yes,23303.26
500392,2024-01-19,SKU1006,WH_WEST,2,4707.6,15.0,No,8002.92
500415,2024-01-20,SKU1008,WH_SOUTH,7,7387.04,0.0,No,51709.28
500414,2024-01-20,SKU1005,WH_WEST,5,23473.03,5.0,No,111496.89
500419,2024-01-20,SKU1016,WH_WEST,8,497.81,5.0,No,3783.36
500411,2024-01-20,SKU1000,WH_WEST,6,9457.32,15.0,No,48232.33
500421,2024-01-20,SKU1019,WH_SOUTH,14,1767.95,0.0,No,24751.3
500417,2024-01-20,SKU1012,WH_NORTH,10,1433.92,15.0,No,12188.32
500416,2024-01-20,SKU1011,WH_NORTH,10,282.38,0.0,No,2823.8
500428,2024-01-20,SKU1034,WH_SOUTH,24,2229.38,0.0,Yes,53505.12
500423,2024-01-20,SKU1024,WH_WEST,6,1822.24,5.0,No,10386.77
500431,2024-01-20,SKU1039,WH_WEST,20,222.44,5.0,No,4226.36
500412,2024-01-20,SKU1001,WH_NORTH,6,19525.32,0.0,No,117151.92
500427,2024-01-20,SKU1033,WH_WEST,18,1093.06,0.0,No,19675.08
500424,2024-01-20,SKU1027,WH_WEST,11,194.56,0.0,No,2140.16
500420,2024-01-20,SKU1017,WH_SOUTH,6,2741.56,10.0,No,14804.42
500422,2024-01-20,SKU1023,WH_WEST,7,1257.73,10.0,No,7923.7
500425,2024-01-20,SKU1030,WH_WEST,11,2402.0,0.0,No,26422.0
500430,2024-01-20,SKU1038,WH_SOUTH,21,1639.79,0.0,No,34435.59
500426,2024-01-20,SKU1032,WH_NORTH,6,2757.64,0.0,No,16545.84
500413,2024-01-20,SKU1002,WH_NORTH,4,4026.46,0.0,No,16105.84
500429,2024-01-20,SKU1037,WH_NORTH,25,2206.93,0.0,No,55173.25
500418,2024-01-20,SKU1015,WH_NORTH,9,808.05,0.0,No,7272.45
500432,2024-01-21,SKU1000,WH_NORTH,5,9457.32,0.0,No,47286.6
500433,2024-01-21,SKU1001,WH_SOUTH,5,19525.32,0.0,No,97626.6
500435,2024-01-21,SKU1005,WH_WEST,3,23473.03,5.0,No,66898.14
500447,2024-01-21,SKU1021,WH_WEST,5,2700.26,10.0,No,12151.17
500448,2024-01-21,SKU1023,WH_WEST,10,1257.73,0.0,No,12577.3
500450,2024-01-21,SKU1027,WH_SOUTH,4,194.56,10.0,No,700.42
500443,2024-01-21,SKU1017,WH_SOUTH,12,2741.56,0.0,No,32898.72
500444,2024-01-21,SKU1018,WH_SOUTH,17,2038.19,0.0,Yes,34649.23
500453,2024-01-21,SKU1035,WH_NORTH,23,1749.54,20.0,No,32191.54
500449,2024-01-21,SKU1024,WH_NORTH,4,1822.24,10.0,No,6560.06
500445,2024-01-21,SKU1019,WH_NORTH,14,1767.95,0.0,Yes,24751.3
500440,2024-01-21,SKU1013,WH_NORTH,7,2835.28,0.0,No,19846.96
500437,2024-01-21,SKU1007,WH_SOUTH,5,13190.2,0.0,No,65951.0
500446,2024-01-21,SKU1020,WH_SOUTH,8,2359.13,10.0,No,16985.74
500438,2024-01-21,SKU1010,WH_SOUTH,9,1240.02,15.0,No,9486.15
500442,2024-01-21,SKU1015,WH_WEST,8,808.05,10.0,No,5817.96
500436,2024-01-21,SKU1006,WH_WEST,5,4707.6,20.0,No,18830.4
500441,2024-01-21,SKU1014,WH_SOUTH,12,1248.44,0.0,Yes,14981.28
500452,2024-01-21,SKU1033,WH_WEST,24,1093.06,0.0,No,26233.44
500451,2024-01-21,SKU1028,WH_SOUTH,9,716.34,0.0,No,6447.06
500439,2024-01-21,SKU1012,WH_NORTH,10,1433.92,15.0,No,12188.32
500434,2024-01-21,SKU1002,WH_WEST,3,4026.46,15.0,No,10267.47
500465,2024-01-22,SKU1021,WH_WEST,6,2700.26,0.0,No,16201.56
500473,2024-01-22,SKU1038,WH_NORTH,19,1639.79,10.0,No,28040.41
500460,2024-01-22,SKU1012,WH_WEST,5,1433.92,0.0,No,7169.6
500456,2024-01-22,SKU1004,WH_WEST,4,661.52,0.0,No,2646.08
500469,2024-01-22,SKU1030,WH_NORTH,25,2402.0,0.0,Yes,60050.0
500466,2024-01-22,SKU1024,WH_NORTH,3,1822.24,0.0,No,5466.72
500471,2024-01-22,SKU1035,WH_WEST,16,1749.54,15.0,No,23793.74
500467,2024-01-22,SKU1025,WH_NORTH,5,1880.05,20.0,No,7520.2
500468,2024-01-22,SKU1027,WH_NORTH,9,194.56,5.0,Yes,1663.49
500454,2024-01-22,SKU1001,WH_WEST,4,19525.32,0.0,No,78101.28
500461,2024-01-22,SKU1014,WH_SOUTH,11,1248.44,0.0,Yes,13732.84
500462,2024-01-22,SKU1015,WH_SOUTH,7,808.05,15.0,No,4807.9
500457,2024-01-22,SKU1005,WH_NORTH,5,23473.03,0.0,No,117365.15
500464,2024-01-22,SKU1020,WH_NORTH,6,2359.13,0.0,No,14154.78
500472,2024-01-22,SKU1036,WH_SOUTH,19,2919.38,0.0,No,55468.22
500463,2024-01-22,SKU1019,WH_WEST,7,1767.95,0.0,No,12375.65
500470,2024-01-22,SKU1034,WH_SOUTH,19,2229.38,0.0,No,42358.22
500455,2024-01-22,SKU1003,WH_NORTH,3,21674.48,0.0,No,65023.44
500459,2024-01-22,SKU1009,WH_SOUTH,3,1309.64,15.0,No,3339.58
500458,2024-01-22,SKU1008,WH_WEST,2,7387.04,0.0,No,14774.08
500497,2024-01-23,SKU1039,WH_WEST,22,222.44,0.0,Yes,4893.68
500486,2024-01-23,SKU1022,WH_SOUTH,5,278.9,10.0,No,1255.05
500475,2024-01-23,SKU1002,WH_SOUTH,4,4026.46,10.0,No,14495.26
500474,2024-01-23,SKU1001,WH_WEST,5,19525.32,15.0,No,82982.61
500496,2024-01-23,SKU1038,WH_WEST,14,1639.79,5.0,No,21809.21
500479,2024-01-23,SKU1009,WH_NORTH,3,1309.64,10.0,No,3536.03
500483,2024-01-23,SKU1019,WH_SOUTH,7,1767.95,10.0,No,11138.08
500494,2024-01-23,SKU1036,WH_NORTH,30,2919.38,0.0,Yes,87581.4
500488,2024-01-23,SKU1028,WH_NORTH,7,716.34,0.0,No,5014.38
500484,2024-01-23,SKU1020,WH_WEST,6,2359.13,5.0,No,13447.04
500493,2024-01-23,SKU1035,WH_NORTH,15,1749.54,0.0,No,26243.1
500481,2024-01-23,SKU1014,WH_SOUTH,9,1248.44,0.0,No,11235.96
500480,2024-01-23,SKU1012,WH_NORTH,10,1433.92,0.0,No,14339.2
500478,2024-01-23,SKU1007,WH_NORTH,3,13190.2,5.0,No,37592.07
500489,2024-01-23,SKU1030,WH_WEST,11,2402.0,5.0,No,25100.9
500495,2024-01-23,SKU1037,WH_NORTH,29,2206.93,15.0,Yes,54400.82
500477,2024-01-23,SKU1006,WH_SOUTH,4,4707.6,0.0,No,18830.4
500490,2024-01-23,SKU1031,WH_SOUTH,12,2789.96,0.0,No,33479.52
500485,2024-01-23,SKU1021,WH_SOUTH,8,2700.26,10.0,No,19441.87
500491,2024-01-23,SKU1033,WH_WEST,11,1093.06,15.0,No,10220.11
500482,2024-01-23,SKU1018,WH_NORTH,10,2038.19,10.0,No,18343.71
500476,2024-01-23,SKU1003,WH_NORTH,6,21674.48,0.0,No,130046.88
500487,2024-01-23,SKU1027,WH_WEST,5,194.56,15.0,No,826.88
500492,2024-01-23,SKU1034,WH_SOUTH,14,2229.38,0.0,No,31211.32
500498,2024-01-24,SKU1000,WH_SOUTH,5,9457.32,0.0,No,47286.6
500509,2024-01-24,SKU1019,WH_NORTH,15,1767.95,0.0,Yes,26519.25
500508,2024-01-24,SKU1018,WH_SOUTH,4,2038.19,0.0,No,8152.76
500518,2024-01-24,SKU1033,WH_NORTH,19,1093.06,0.0,No,20768.14
500517,2024-01-24,SKU1032,WH_WEST,12,2757.64,5.0,No,31437.1
500513,2024-01-24,SKU1027,WH_NORTH,7,194.56,0.0,No,1361.92
500516,2024-01-24,SKU1030,WH_NORTH,11,2402.0,0.0,No,26422.0
500519,2024-01-24,SKU1036,WH_WEST,17,2919.38,0.0,No,49629.46
500502,2024-01-24,SKU1004,WH_WEST,7,661.52,20.0,Yes,3704.51
500514,2024-01-24,SKU1028,WH_NORTH,4,716.34,15.0,No,2435.56
500505,2024-01-24,SKU1015,WH_SOUTH,7,808.05,0.0,No,5656.35
500515,2024-01-24,SKU1029,WH_WEST,9,716.7,0.0,No,6450.3
500507,2024-01-24,SKU1017,WH_SOUTH,6,2741.56,0.0,No,16449.36
500504,2024-01-24,SKU1014,WH_WEST,7,1248.44,0.0,No,8739.08
500520,2024-01-24,SKU1039,WH_NORTH,14,222.44,10.0,No,2802.74
500510,2024-01-24,SKU1023,WH_NORTH,5,1257.73,0.0,No,6288.65
500506,2024-01-24,SKU1016,WH_NORTH,6,497.81,0.0,No,2986.86
500499,2024-01-24,SKU1001,WH_NORTH,6,19525.32,0.0,No,117151.92
500511,2024-01-24,SKU1024,WH_WEST,14,1822.24,0.0,Yes,25511.36
500503,2024-01-24,SKU1009,WH_NORTH,5,1309.64,10.0,No,5893.38
500501,2024-01-24,SKU1003,WH_NORTH,4,21674.48,20.0,No,69358.34
500500,2024-01-24,SKU1002,WH_SOUTH,4,4026.46,5.0,No,15300.55
500512,2024-01-24,SKU1025,WH_SOUTH,7,1880.05,0.0,No,13160.35
500524,2024-01-25,SKU1006,WH_NORTH,4,4707.6,10.0,No,16947.36
500535,2024-01-25,SKU1026,WH_NORTH,5,994.38,0.0,No,4971.9
500528,2024-01-25,SKU1014,WH_SOUTH,4,1248.44,0.0,No,4993.76
500530,2024-01-25,SKU1020,WH_WEST,7,2359.13,0.0,No,16513.91
500537,2024-01-25,SKU1038,WH_SOUTH,12,1639.79,0.0,No,19677.48
500521,2024-01-25,SKU1002,WH_SOUTH,5,4026.46,0.0,No,20132.3
500526,2024-01-25,SKU1012,WH_SOUTH,7,1433.92,0.0,No,10037.44
500522,2024-01-25,SKU1003,WH_NORTH,4,21674.48,10.0,No,78028.13
500529,2024-01-25,SKU1018,WH_SOUTH,5,2038.19,15.0,No,8662.31
500525,2024-01-25,SKU1011,WH_SOUTH,9,282.38,0.0,No,2541.42
500527,2024-01-25,SKU1013,WH_WEST,8,2835.28,0.0,No,22682.24
500523,2024-01-25,SKU1004,WH_SOUTH,5,661.52,0.0,No,3307.6
500533,2024-01-25,SKU1024,WH_SOUTH,7,1822.24,0.0,No,12755.68
500531,2024-01-25,SKU1021,WH_NORTH,7,2700.26,0.0,No,18901.82
500536,2024-01-25,SKU1035,WH_WEST,15,1749.54,0.0,No,26243.1
500534,2024-01-25,SKU1025,WH_NORTH,7,1880.05,5.0,No,12502.33
500532,2024-01-25,SKU1023,WH_WEST,7,1257.73,0.0,No,8804.11
500556,2024-01-26,SKU1039,WH_SOUTH,26,222.44,0.0,Yes,5783.44
500540,2024-01-26,SKU1008,WH_NORTH,3,7387.04,0.0,No,22161.12
500538,2024-01-26,SKU1001,WH_SOUTH,3,19525.32,5.0,No,55647.16
500544,2024-01-26,SKU1014,WH_WEST,9,1248.44,0.0,No,11235.96
500555,2024-01-26,SKU1038,WH_NORTH,17,1639.79,0.0,No,27876.43
500547,2024-01-26,SKU1021,WH_SOUTH,2,2700.26,20.0,No,4320.42
500546,2024-01-26,SKU1017,WH_SOUTH,5,2741.56,5.0,No,13022.41
500553,2024-01-26,SKU1036,WH_NORTH,12,2919.38,0.0,No,35032.56
500545,2024-01-26,SKU1016,WH_WEST,11,497.81,0.0,No,5475.91
500554,2024-01-26,SKU1037,WH_NORTH,16,2206.93,5.0,No,33545.34
500539,2024-01-26,SKU1005,WH_SOUTH,3,23473.03,0.0,No,70419.09
500550,2024-01-26,SKU1026,WH_SOUTH,5,994.38,0.0,No,4971.9
500543,2024-01-26,SKU1013,WH_WEST,5,2835.28,0.0,No,14176.4
500542,2024-01-26,SKU1011,WH_WEST,14,282.38,0.0,Yes,3953.32
500541,2024-01-26,SKU1009,WH_SOUTH,5,1309.64,0.0,No,6548.2
500551,2024-01-26,SKU1029,WH_NORTH,5,716.7,0.0,No,3583.5
500552,2024-01-26,SKU1031,WH_SOUTH,13,2789.96,0.0,No,36269.48
500549,2024-01-26,SKU1025,WH_NORTH,5,1880.05,0.0,No,9400.25
500548,2024-01-26,SKU1023,WH_NORTH,8,1257.73,0.0,No,10061.84
500564,2024-01-27,SKU1015,WH_WEST,13,808.05,10.0,No,9454.18
500574,2024-01-27,SKU1037,WH_NORTH,15,2206.93,10.0,No,29793.55
500566,2024-01-27,SKU1019,WH_SOUTH,9,1767.95,0.0,No,15911.55
500572,2024-01-27,SKU1034,WH_SOUTH,14,2229.38,15.0,No,26529.62
500569,2024-01-27,SKU1025,WH_WEST,9,1880.05,0.0,No,16920.45
500567,2024-01-27,SKU1020,WH_NORTH,16,2359.13,5.0,Yes,35858.78
500571,2024-01-27,SKU1033,WH_NORTH,15,1093.06,0.0,No,16395.9
500565,2024-01-27,SKU1016,WH_WEST,8,497.81,15.0,No,3385.11
500575,2024-01-27,SKU1038,WH_WEST,17,1639.79,0.0,No,27876.43
500563,2024-01-27,SKU1013,WH_SOUTH,7,2835.28,0.0,No,19846.96
500561,2024-01-27,SKU1007,WH_NORTH,5,13190.2,5.0,No,62653.45
500558,2024-01-27,SKU1002,WH_SOUTH,4,4026.46,0.0,No,16105.84
500557,2024-01-27,SKU1000,WH_WEST,5,9457.32,0.0,No,47286.6
500560,2024-01-27,SKU1004,WH_NORTH,4,661.52,0.0,No,2646.08
500559,2024-01-27,SKU1003,WH_NORTH,4,21674.48,10.0,No,78028.13
500568,2024-01-27,SKU1022,WH_NORTH,5,278.9,15.0,No,1185.32
500573,2024-01-27,SKU1035,WH_NORTH,20,1749.54,15.0,Yes,29742.18
500570,2024-01-27,SKU1030,WH_WEST,18,2402.0,0.0,No,43236.0
500562,2024-01-27,SKU1008,WH_WEST,5,7387.04,15.0,No,31394.92
500577,2024-01-28,SKU1003,WH_WEST,4,21674.48,10.0,No,78028.13
500582,2024-01-28,SKU1010,WH_WEST,16,1240.02,0.0,Yes,19840.32
500597,2024-01-28,SKU1032,WH_SOUTH,16,2757.64,20.0,No,35297.79
500600,2024-01-28,SKU1036,WH_NORTH,24,2919.38,0.0,No,70065.12
500584,2024-01-28,SKU1013,WH_SOUTH,5,2835.28,0.0,No,14176.4
500576,2024-01-28,SKU1002,WH_WEST,4,4026.46,0.0,No,16105.84
500596,2024-01-28,SKU1031,WH_WEST,16,2789.96,5.0,No,42407.39
500581,2024-01-28,SKU1008,WH_WEST,5,7387.04,0.0,No,36935.2
500579,2024-01-28,SKU1006,WH_NORTH,5,4707.6,0.0,No,23538.0
500593,2024-01-28,SKU1028,WH_NORTH,7,716.34,0.0,No,5014.38
500583,2024-01-28,SKU1012,WH_WEST,13,1433.92,5.0,Yes,17708.91
500595,2024-01-28,SKU1030,WH_NORTH,17,2402.0,5.0,No,38792.3
500589,2024-01-28,SKU1021,WH_WEST,5,2700.26,15.0,No,11476.11
500578,2024-01-28,SKU1004,WH_NORTH,2,661.52,5.0,No,1256.89
500591,2024-01-28,SKU1023,WH_NORTH,11,1257.73,0.0,No,13835.03
500587,2024-01-28,SKU1019,WH_WEST,13,1767.95,0.0,No,22983.35
500580,2024-01-28,SKU1007,WH_NORTH,7,13190.2,0.0,No,92331.4
500592,2024-01-28,SKU1026,WH_NORTH,10,994.38,5.0,No,9446.61
500590,2024-01-28,SKU1022,WH_WEST,8,278.9,0.0,No,2231.2
500585,2024-01-28,SKU1015,WH_SOUTH,7,808.05,0.0,No,5656.35
500588,2024-01-28,SKU1020,WH_SOUTH,6,2359.13,10.0,No,12739.3
500599,2024-01-28,SKU1034,WH_SOUTH,25,2229.38,10.0,No,50161.05
500586,2024-01-28,SKU1017,WH_WEST,9,2741.56,0.0,No,24674.04
500594,2024-01-28,SKU1029,WH_NORTH,10,716.7,0.0,No,7167.0
500601,2024-01-28,SKU1038,WH_NORTH,19,1639.79,0.0,No,31156.01
500598,2024-01-28,SKU1033,WH_NORTH,25,1093.06,10.0,No,24593.85
500609,2024-01-29,SKU1012,WH_NORTH,7,1433.92,0.0,No,10037.44
500603,2024-01-29,SKU1001,WH_SOUTH,4,19525.32,15.0,No,66386.09
500614,2024-01-29,SKU1021,WH_NORTH,5,2700.26,0.0,No,13501.3
500619,2024-01-29,SKU1029,WH_NORTH,3,716.7,20.0,No,1720.08
500616,2024-01-29,SKU1023,WH_SOUTH,6,1257.73,0.0,No,7546.38
500612,2024-01-29,SKU1019,WH_SOUTH,20,1767.95,0.0,Yes,35359.0
500621,2024-01-29,SKU1033,WH_NORTH,13,1093.06,0.0,No,14209.78
500622,2024-01-29,SKU1035,WH_SOUTH,24,1749.54,0.0,Yes,41988.96
500623,2024-01-29,SKU1036,WH_SOUTH,13,2919.38,0.0,No,37951.94
500611,2024-01-29,SKU1017,WH_NORTH,5,2741.56,0.0,No,13707.8
500618,2024-01-29,SKU1027,WH_WEST,4,194.56,10.0,No,700.42
500604,2024-01-29,SKU1003,WH_SOUTH,5,21674.48,10.0,No,97535.16
500607,2024-01-29,SKU1007,WH_SOUTH,5,13190.2,10.0,No,59355.9
500617,2024-01-29,SKU1026,WH_SOUTH,6,994.38,15.0,No,5071.34
500615,2024-01-29,SKU1022,WH_WEST,5,278.9,0.0,No,1394.5
500608,2024-01-29,SKU1010,WH_SOUTH,6,1240.02,10.0,No,6696.11
500605,2024-01-29,SKU1005,WH_WEST,2,23473.03,0.0,No,46946.06
500613,2024-01-29,SKU1020,WH_WEST,12,2359.13,0.0,Yes,28309.56
500620,2024-01-29,SKU1030,WH_SOUTH,12,2402.0,5.0,No,27382.8
500610,2024-01-29,SKU1013,WH_NORTH,7,2835.28,15.0,No,16869.92
500606,2024-01-29,SKU1006,WH_NORTH,6,4707.6,10.0,Yes,25421.04
500602,2024-01-29,SKU1000,WH_SOUTH,5,9457.32,5.0,No,44922.27
500637,2024-01-30,SKU1030,WH_WEST,22,2402.0,0.0,No,52844.0
500624,2024-01-30,SKU1000,WH_WEST,5,9457.32,15.0,No,40193.61
500633,2024-01-30,SKU1019,WH_WEST,7,1767.95,0.0,No,12375.65
500634,2024-01-30,SKU1022,WH_WEST,11,278.9,0.0,Yes,3067.9
500629,2024-01-30,SKU1013,WH_WEST,7,2835.28,0.0,No,19846.96
500642,2024-01-30,SKU1035,WH_WEST,17,1749.54,0.0,No,29742.18
500643,2024-01-30,SKU1036,WH_SOUTH,25,2919.38,0.0,No,72984.5
500644,2024-01-30,SKU1037,WH_NORTH,15,2206.93,0.0,No,33103.95
500630,2024-01-30,SKU1014,WH_SOUTH,10,1248.44,10.0,No,11235.96
500628,2024-01-30,SKU1012,WH_WEST,9,1433.92,5.0,Yes,12260.02
500625,2024-01-30,SKU1005,WH_SOUTH,5,23473.03,15.0,No,99760.38
500638,2024-01-30,SKU1031,WH_NORTH,28,2789.96,0.0,Yes,78118.88
500636,2024-01-30,SKU1029,WH_NORTH,8,716.7,10.0,No,5160.24
500639,2024-01-30,SKU1032,WH_SOUTH,16,2757.64,0.0,No,44122.24
500632,2024-01-30,SKU1016,WH_NORTH,12,497.81,0.0,Yes,5973.72
500641,2024-01-30,SKU1034,WH_WEST,18,2229.38,0.0,No,40128.84
500635,2024-01-30,SKU1025,WH_WEST,2,1880.05,10.0,No,3384.09
500627,2024-01-30,SKU1008,WH_NORTH,4,7387.04,0.0,No,29548.16
500631,2024-01-30,SKU1015,WH_NORTH,8,808.05,0.0,No,6464.4
500640,2024-01-30,SKU1033,WH_NORTH,16,1093.06,0.0,No,17488.96
500645,2024-01-30,SKU1039,WH_SOUTH,16,222.44,0.0,No,3559.04
500626,2024-01-30,SKU1007,WH_NORTH,3,13190.2,0.0,No,39570.6
500657,2024-01-31,SKU1022,WH_NORTH,4,278.9,0.0,No,1115.6
500654,2024-01-31,SKU1018,WH_SOUTH,11,2038.19,10.0,No,20178.08
500663,2024-01-31,SKU1032,WH_NORTH,19,2757.64,0.0,No,52395.16
500650,2024-01-31,SKU1006,WH_WEST,3,4707.6,5.0,No,13416.66
500651,2024-01-31,SKU1009,WH_NORTH,4,1309.64,0.0,Yes,5238.56
500661,2024-01-31,SKU1030,WH_NORTH,22,2402.0,10.0,No,47559.6
500649,2024-01-31,SKU1004,WH_SOUTH,4,661.52,0.0,No,2646.08
500655,2024-01-31,SKU1020,WH_NORTH,6,2359.13,10.0,No,12739.3
500652,2024-01-31,SKU1011,WH_WEST,11,282.38,0.0,No,3106.18
500646,2024-01-31,SKU1000,WH_SOUTH,5,9457.32,10.0,No,42557.94
500647,2024-01-31,SKU1002,WH_SOUTH,4,4026.46,15.0,No,13689.96
500665,2024-01-31,SKU1036,WH_NORTH,15,2919.38,5.0,No,41601.16
500656,2024-01-31,SKU1021,WH_SOUTH,6,2700.26,0.0,No,16201.56
500662,2024-01-31,SKU1031,WH_SOUTH,37,2789.96,5.0,Yes,98067.09
500664,2024-01-31,SKU1035,WH_SOUTH,38,1749.54,5.0,No,63989.43
500653,2024-01-31,SKU1013,WH_NORTH,4,2835.28,0.0,No,11341.12
500648,2024-01-31,SKU1003,WH_WEST,2,21674.48,0.0,No,43348.96
500660,2024-01-31,SKU1029,WH_WEST,8,716.7,0.0,No,5733.6
500659,2024-01-31,SKU1026,WH_SOUTH,7,994.38,15.0,No,5916.56
500658,2024-01-31,SKU1023,WH_SOUTH,9,1257.73,0.0,Yes,11319.57
500666,2024-01-31,SKU1038,WH_NORTH,19,1639.79,0.0,No,31156.01
500683,2024-02-01,SKU1027,WH_NORTH,7,194.56,0.0,No,1361.92
500671,2024-02-01,SKU1006,WH_SOUTH,5,4707.6,15.0,Yes,20007.3
500679,2024-02-01,SKU1018,WH_SOUTH,6,2038.19,15.0,No,10394.77
500674,2024-02-01,SKU1013,WH_SOUTH,12,2835.28,0.0,No,34023.36
500673,2024-02-01,SKU1009,WH_NORTH,4,1309.64,10.0,No,4714.7
500677,2024-02-01,SKU1016,WH_SOUTH,9,497.81,5.0,No,4256.28
500682,2024-02-01,SKU1026,WH_WEST,12,994.38,15.0,Yes,10142.68
500687,2024-02-01,SKU1031,WH_WEST,17,2789.96,5.0,No,45057.85
500685,2024-02-01,SKU1029,WH_NORTH,8,716.7,20.0,No,4586.88
500676,2024-02-01,SKU1015,WH_SOUTH,3,808.05,0.0,No,2424.15
500675,2024-02-01,SKU1014,WH_SOUTH,9,1248.44,10.0,No,10112.36
500678,2024-02-01,SKU1017,WH_NORTH,6,2741.56,0.0,No,16449.36
500669,2024-02-01,SKU1003,WH_NORTH,4,21674.48,0.0,No,86697.92
500689,2024-02-01,SKU1035,WH_NORTH,14,1749.54,0.0,No,24493.56
500686,2024-02-01,SKU1030,WH_WEST,10,2402.0,0.0,No,24020.0
500684,2024-02-01,SKU1028,WH_WEST,5,716.34,0.0,No,3581.7
500667,2024-02-01,SKU1000,WH_NORTH,4,9457.32,0.0,No,37829.28
500668,2024-02-01,SKU1002,WH_WEST,6,4026.46,5.0,No,22950.82
500680,2024-02-01,SKU1021,WH_WEST,14,2700.26,15.0,Yes,32133.09
500681,2024-02-01,SKU1023,WH_SOUTH,11,1257.73,10.0,Yes,12451.53
500672,2024-02-01,SKU1007,WH_WEST,3,13190.2,10.0,No,35613.54
500670,2024-02-01,SKU1005,WH_NORTH,3,23473.03,5.0,No,66898.14
500688,2024-02-01,SKU1034,WH_SOUTH,24,2229.38,5.0,No,50829.86
500698,2024-02-02,SKU1012,WH_WEST,7,1433.92,15.0,No,8531.82
500711,2024-02-02,SKU1033,WH_WEST,22,1093.06,20.0,Yes,19237.86
500710,2024-02-02,SKU1032,WH_SOUTH,18,2757.64,0.0,No,49637.52
500714,2024-02-02,SKU1036,WH_SOUTH,17,2919.38,0.0,No,49629.46
500694,2024-02-02,SKU1007,WH_SOUTH,2,13190.2,0.0,No,26380.4
500709,2024-02-02,SKU1029,WH_NORTH,4,716.7,15.0,No,2436.78
500696,2024-02-02,SKU1009,WH_SOUTH,5,1309.64,0.0,No,6548.2
500697,2024-02-02,SKU1010,WH_SOUTH,6,1240.02,0.0,No,7440.12
500701,2024-02-02,SKU1015,WH_WEST,17,808.05,5.0,Yes,13050.01
500700,2024-02-02,SKU1014,WH_SOUTH,6,1248.44,15.0,No,6367.04
500703,2024-02-02,SKU1017,WH_NORTH,10,2741.56,0.0,No,27415.6
500690,2024-02-02,SKU1000,WH_WEST,3,9457.32,5.0,No,26953.36
500715,2024-02-02,SKU1038,WH_NORTH,17,1639.79,0.0,No,27876.43
500716,2024-02-02,SKU1039,WH_NORTH,14,222.44,0.0,No,3114.16
500712,2024-02-02,SKU1034,WH_NORTH,12,2229.38,0.0,No,26752.56
500693,2024-02-02,SKU1004,WH_SOUTH,6,661.52,10.0,No,3572.21
500704,2024-02-02,SKU1020,WH_NORTH,6,2359.13,0.0,No,14154.78
500699,2024-02-02,SKU1013,WH_NORTH,9,2835.28,0.0,Yes,25517.52
500705,2024-02-02,SKU1021,WH_NORTH,4,2700.26,5.0,No,10260.99
500692,2024-02-02,SKU1003,WH_SOUTH,2,21674.48,0.0,No,43348.96
500708,2024-02-02,SKU1028,WH_WEST,8,716.34,15.0,Yes,4871.11
500706,2024-02-02,SKU1024,WH_NORTH,5,1822.24,15.0,No,7744.52
500691,2024-02-02,SKU1002,WH_NORTH,2,4026.46,20.0,No,6442.34
500707,2024-02-02,SKU1026,WH_SOUTH,7,994.38,0.0,No,6960.66
500713,2024-02-02,SKU1035,WH_WEST,20,1749.54,0.0,No,34990.8
500695,2024-02-02,SKU1008,WH_NORTH,4,7387.04,0.0,No,29548.16
500702,2024-02-02,SKU1016,WH_WEST,9,497.81,0.0,No,4480.29
500729,2024-02-03,SKU1025,WH_WEST,12,1880.05,5.0,Yes,21432.57
500720,2024-02-03,SKU1006,WH_WEST,4,4707.6,10.0,No,16947.36
500717,2024-02-03,SKU1003,WH_WEST,4,21674.48,15.0,No,73693.23
500721,2024-02-03,SKU1009,WH_SOUTH,5,1309.64,5.0,No,6220.79
500722,2024-02-03,SKU1010,WH_WEST,11,1240.02,0.0,No,13640.22
500733,2024-02-03,SKU1031,WH_NORTH,9,2789.96,0.0,No,25109.64
500723,2024-02-03,SKU1012,WH_WEST,12,1433.92,10.0,No,15486.34
500727,2024-02-03,SKU1022,WH_NORTH,13,278.9,0.0,Yes,3625.7
500734,2024-02-03,SKU1037,WH_SOUTH,14,2206.93,10.0,No,27807.32
500724,2024-02-03,SKU1014,WH_SOUTH,13,1248.44,15.0,No,13795.26
500725,2024-02-03,SKU1016,WH_NORTH,12,497.81,0.0,No,5973.72
500735,2024-02-03,SKU1039,WH_NORTH,15,222.44,0.0,No,3336.6
500728,2024-02-03,SKU1023,WH_SOUTH,6,1257.73,0.0,No,7546.38
500732,2024-02-03,SKU1030,WH_SOUTH,24,2402.0,15.0,No,49000.8
500731,2024-02-03,SKU1027,WH_NORTH,8,194.56,15.0,No,1323.01
500726,2024-02-03,SKU1020,WH_WEST,7,2359.13,20.0,No,13211.13
500719,2024-02-03,SKU1005,WH_WEST,6,23473.03,0.0,No,140838.18
500718,2024-02-03,SKU1004,WH_SOUTH,5,661.52,0.0,Yes,3307.6
500730,2024-02-03,SKU1026,WH_NORTH,6,994.38,5.0,No,5667.97
500756,2024-02-04,SKU1033,WH_NORTH,25,1093.06,0.0,No,27326.5
500742,2024-02-04,SKU1008,WH_NORTH,2,7387.04,0.0,No,14774.08
500747,2024-02-04,SKU1017,WH_NORTH,10,2741.56,0.0,No,27415.6
500760,2024-02-04,SKU1039,WH_WEST,17,222.44,0.0,No,3781.48
500751,2024-02-04,SKU1023,WH_WEST,11,1257.73,0.0,No,13835.03
500744,2024-02-04,SKU1012,WH_SOUTH,7,1433.92,10.0,No,9033.7
500740,2024-02-04,SKU1005,WH_NORTH,3,23473.03,0.0,No,70419.09
500750,2024-02-04,SKU1022,WH_WEST,5,278.9,0.0,No,1394.5
500743,2024-02-04,SKU1011,WH_WEST,11,282.38,20.0,No,2484.94
500755,2024-02-04,SKU1032,WH_NORTH,17,2757.64,5.0,No,44535.89
500736,2024-02-04,SKU1000,WH_NORTH,4,9457.32,0.0,No,37829.28
500753,2024-02-04,SKU1026,WH_NORTH,8,994.38,0.0,No,7955.04
500746,2024-02-04,SKU1015,WH_SOUTH,8,808.05,0.0,No,6464.4
500741,2024-02-04,SKU1007,WH_SOUTH,4,13190.2,0.0,No,52760.8
500739,2024-02-04,SKU1004,WH_WEST,5,661.52,15.0,No,2811.46
500737,2024-02-04,SKU1001,WH_WEST,4,19525.32,15.0,No,66386.09
500757,2024-02-04,SKU1034,WH_WEST,20,2229.38,5.0,No,42358.22
500745,2024-02-04,SKU1013,WH_SOUTH,7,2835.28,0.0,No,19846.96
500748,2024-02-04,SKU1019,WH_NORTH,16,1767.95,20.0,Yes,22629.76
500749,2024-02-04,SKU1021,WH_NORTH,12,2700.26,0.0,No,32403.12
500758,2024-02-04,SKU1037,WH_NORTH,18,2206.93,0.0,No,39724.74
500759,2024-02-04,SKU1038,WH_SOUTH,12,1639.79,5.0,No,18693.61
500752,2024-02-04,SKU1025,WH_SOUTH,9,1880.05,10.0,No,15228.4
500738,2024-02-04,SKU1003,WH_NORTH,5,21674.48,5.0,No,102953.78
500754,2024-02-04,SKU1028,WH_SOUTH,6,716.34,15.0,No,3653.33
500761,2024-02-05,SKU1000,WH_NORTH,6,9457.32,0.0,Yes,56743.92
500771,2024-02-05,SKU1018,WH_SOUTH,6,2038.19,0.0,No,12229.14
500764,2024-02-05,SKU1003,WH_WEST,3,21674.48,0.0,No,65023.44
500765,2024-02-05,SKU1005,WH_NORTH,8,23473.03,5.0,Yes,178395.03
500769,2024-02-05,SKU1011,WH_NORTH,9,282.38,10.0,No,2287.28
500772,2024-02-05,SKU1019,WH_SOUTH,7,1767.95,20.0,No,9900.52
500763,2024-02-05,SKU1002,WH_WEST,3,4026.46,0.0,No,12079.38
500778,2024-02-05,SKU1037,WH_SOUTH,18,2206.93,0.0,No,39724.74
500766,2024-02-05,SKU1007,WH_SOUTH,2,13190.2,0.0,No,26380.4
500775,2024-02-05,SKU1030,WH_NORTH,10,2402.0,0.0,No,24020.0
500774,2024-02-05,SKU1026,WH_WEST,4,994.38,0.0,No,3977.52
500767,2024-02-05,SKU1008,WH_NORTH,4,7387.04,5.0,No,28070.75
500779,2024-02-05,SKU1038,WH_SOUTH,17,1639.79,5.0,No,26482.61
500773,2024-02-05,SKU1022,WH_NORTH,6,278.9,0.0,No,1673.4
500770,2024-02-05,SKU1017,WH_NORTH,18,2741.56,10.0,Yes,44413.27
500777,2024-02-05,SKU1035,WH_WEST,19,1749.54,0.0,No,33241.26
500776,2024-02-05,SKU1032,WH_SOUTH,16,2757.64,0.0,No,44122.24
500768,2024-02-05,SKU1010,WH_WEST,4,1240.02,0.0,No,4960.08
500762,2024-02-05,SKU1001,WH_WEST,2,19525.32,15.0,No,33193.04
500782,2024-02-06,SKU1004,WH_WEST,5,661.52,5.0,No,3142.22
500794,2024-02-06,SKU1024,WH_NORTH,5,1822.24,20.0,No,7288.96
500780,2024-02-06,SKU1001,WH_NORTH,4,19525.32,0.0,No,78101.28
500781,2024-02-06,SKU1003,WH_SOUTH,4,21674.48,0.0,No,86697.92
500787,2024-02-06,SKU1014,WH_NORTH,9,1248.44,0.0,No,11235.96
500799,2024-02-06,SKU1033,WH_WEST,15,1093.06,5.0,No,15576.1
500789,2024-02-06,SKU1017,WH_NORTH,10,2741.56,10.0,No,24674.04
500790,2024-02-06,SKU1018,WH_WEST,7,2038.19,0.0,No,14267.33
500785,2024-02-06,SKU1008,WH_WEST,5,7387.04,15.0,Yes,31394.92
500786,2024-02-06,SKU1011,WH_SOUTH,12,282.38,10.0,Yes,3049.7
500788,2024-02-06,SKU1016,WH_WEST,5,497.81,0.0,No,2489.05
500795,2024-02-06,SKU1027,WH_WEST,6,194.56,10.0,No,1050.62
500801,2024-02-06,SKU1039,WH_NORTH,20,222.44,15.0,No,3781.48
500791,2024-02-06,SKU1020,WH_WEST,5,2359.13,0.0,No,11795.65
500800,2024-02-06,SKU1036,WH_SOUTH,13,2919.38,5.0,No,36054.34
500784,2024-02-06,SKU1006,WH_WEST,2,4707.6,0.0,No,9415.2
500797,2024-02-06,SKU1030,WH_NORTH,13,2402.0,0.0,No,31226.0
500798,2024-02-06,SKU1031,WH_NORTH,11,2789.96,15.0,No,26086.13
500792,2024-02-06,SKU1021,WH_NORTH,7,2700.26,0.0,No,18901.82
500796,2024-02-06,SKU1029,WH_WEST,4,716.7,0.0,No,2866.8
500793,2024-02-06,SKU1022,WH_NORTH,6,278.9,0.0,No,1673.4
500783,2024-02-06,SKU1005,WH_NORTH,5,23473.03,0.0,No,117365.15
500812,2024-02-07,SKU1017,WH_WEST,6,2741.56,0.0,No,16449.36
500820,2024-02-07,SKU1035,WH_WEST,14,1749.54,0.0,No,24493.56
500805,2024-02-07,SKU1006,WH_WEST,4,4707.6,0.0,No,18830.4
500809,2024-02-07,SKU1010,WH_SOUTH,5,1240.02,0.0,No,6200.1
500811,2024-02-07,SKU1016,WH_WEST,7,497.81,5.0,No,3310.44
500822,2024-02-07,SKU1037,WH_WEST,16,2206.93,20.0,No,28248.7
500818,2024-02-07,SKU1030,WH_WEST,22,2402.0,0.0,Yes,52844.0
500817,2024-02-07,SKU1025,WH_NORTH,7,1880.05,0.0,No,13160.35
500815,2024-02-07,SKU1022,WH_SOUTH,3,278.9,10.0,No,753.03
500814,2024-02-07,SKU1021,WH_NORTH,7,2700.26,15.0,No,16066.55
500803,2024-02-07,SKU1003,WH_SOUTH,5,21674.48,0.0,No,108372.4
500816,2024-02-07,SKU1023,WH_NORTH,5,1257.73,0.0,No,6288.65
500806,2024-02-07,SKU1007,WH_NORTH,3,13190.2,0.0,No,39570.6
500819,2024-02-07,SKU1032,WH_WEST,16,2757.64,10.0,No,39710.02
500802,2024-02-07,SKU1002,WH_NORTH,3,4026.46,5.0,No,11475.41
500807,2024-02-07,SKU1008,WH_NORTH,4,7387.04,0.0,No,29548.16
500808,2024-02-07,SKU1009,WH_WEST,4,1309.64,20.0,No,4190.85
500804,2024-02-07,SKU1005,WH_WEST,4,23473.03,0.0,No,93892.12
500813,2024-02-07,SKU1018,WH_SOUTH,6,2038.19,15.0,No,10394.77
500810,2024-02-07,SKU1011,WH_NORTH,7,282.38,0.0,No,1976.66
500821,2024-02-07,SKU1036,WH_SOUTH,12,2919.38,0.0,No,35032.56
500832,2024-02-08,SKU1016,WH_WEST,3,497.81,20.0,No,1194.74
500825,2024-02-08,SKU1006,WH_SOUTH,3,4707.6,10.0,No,12710.52
500845,2024-02-08,SKU1038,WH_NORTH,15,1639.79,0.0,No,24596.85
500844,2024-02-08,SKU1036,WH_NORTH,16,2919.38,0.0,No,46710.08
500828,2024-02-08,SKU1012,WH_SOUTH,6,1433.92,0.0,No,8603.52
500823,2024-02-08,SKU1000,WH_WEST,9,9457.32,0.0,Yes,85115.88
500841,2024-02-08,SKU1031,WH_WEST,26,2789.96,0.0,No,72538.96
500839,2024-02-08,SKU1028,WH_SOUTH,6,716.34,5.0,No,4083.14
500838,2024-02-08,SKU1025,WH_NORTH,7,1880.05,0.0,No,13160.35
500842,2024-02-08,SKU1032,WH_NORTH,22,2757.64,0.0,Yes,60668.08
500836,2024-02-08,SKU1023,WH_WEST,4,1257.73,0.0,No,5030.92
500833,2024-02-08,SKU1018,WH_WEST,9,2038.19,0.0,No,18343.71
500835,2024-02-08,SKU1022,WH_SOUTH,8,278.9,5.0,No,2119.64
500840,2024-02-08,SKU1030,WH_NORTH,18,2402.0,10.0,No,38912.4
500826,2024-02-08,SKU1007,WH_WEST,4,13190.2,0.0,No,52760.8
500831,2024-02-08,SKU1015,WH_SOUTH,9,808.05,20.0,No,5817.96
500830,2024-02-08,SKU1014,WH_SOUTH,8,1248.44,0.0,No,9987.52
500827,2024-02-08,SKU1008,WH_SOUTH,3,7387.04,10.0,No,19945.01
500834,2024-02-08,SKU1020,WH_SOUTH,3,2359.13,0.0,No,7077.39
500843,2024-02-08,SKU1034,WH_NORTH,14,2229.38,0.0,No,31211.32
500837,2024-02-08,SKU1024,WH_NORTH,5,1822.24,10.0,No,8200.08
500824,2024-02-08,SKU1001,WH_WEST,2,19525.32,0.0,No,39050.64
500829,2024-02-08,SKU1013,WH_NORTH,10,2835.28,15.0,No,24099.88
500851,2024-02-09,SKU1008,WH_NORTH,4,7387.04,0.0,Yes,29548.16
500859,2024-02-09,SKU1026,WH_WEST,7,994.38,5.0,No,6612.63
500855,2024-02-09,SKU1017,WH_WEST,8,2741.56,5.0,No,20835.86
500849,2024-02-09,SKU1006,WH_NORTH,3,4707.6,15.0,No,12004.38
500863,2024-02-09,SKU1035,WH_NORTH,37,1749.54,0.0,Yes,64732.98
500856,2024-02-09,SKU1021,WH_NORTH,9,2700.26,0.0,Yes,24302.34
500864,2024-02-09,SKU1036,WH_WEST,17,2919.38,10.0,No,44666.51
500848,2024-02-09,SKU1004,WH_WEST,4,661.52,0.0,No,2646.08
500865,2024-02-09,SKU1038,WH_WEST,14,1639.79,5.0,No,21809.21
500857,2024-02-09,SKU1022,WH_NORTH,3,278.9,0.0,No,836.7
500847,2024-02-09,SKU1003,WH_WEST,7,21674.48,0.0,Yes,151721.36
500846,2024-02-09,SKU1000,WH_WEST,5,9457.32,0.0,No,47286.6
500853,2024-02-09,SKU1011,WH_NORTH,9,282.38,0.0,No,2541.42
500858,2024-02-09,SKU1023,WH_NORTH,6,1257.73,10.0,No,6791.74
500854,2024-02-09,SKU1015,WH_SOUTH,9,808.05,10.0,No,6545.2
500850,2024-02-09,SKU1007,WH_SOUTH,5,13190.2,0.0,No,65951.0
500860,2024-02-09,SKU1028,WH_SOUTH,6,716.34,0.0,No,4298.04
500862,2024-02-09,SKU1031,WH_SOUTH,10,2789.96,5.0,Yes,26504.62
500852,2024-02-09,SKU1010,WH_SOUTH,6,1240.02,10.0,No,6696.11
500866,2024-02-09,SKU1039,WH_SOUTH,11,222.44,0.0,No,2446.84
500861,2024-02-09,SKU1029,WH_WEST,5,716.7,5.0,No,3404.32
500876,2024-02-10,SKU1013,WH_NORTH,8,2835.28,0.0,No,22682.24
500870,2024-02-10,SKU1003,WH_WEST,8,21674.48,15.0,Yes,147386.46
500884,2024-02-10,SKU1025,WH_WEST,5,1880.05,0.0,No,9400.25
500867,2024-02-10,SKU1000,WH_SOUTH,3,9457.32,0.0,No,28371.96
500875,2024-02-10,SKU1011,WH_NORTH,8,282.38,0.0,No,2259.04
500879,2024-02-10,SKU1019,WH_SOUTH,16,1767.95,0.0,No,28287.2
500885,2024-02-10,SKU1027,WH_NORTH,5,194.56,5.0,No,924.16
500874,2024-02-10,SKU1010,WH_WEST,18,1240.02,20.0,Yes,17856.29
500878,2024-02-10,SKU1015,WH_SOUTH,11,808.05,5.0,No,8444.12
500886,2024-02-10,SKU1028,WH_WEST,6,716.34,0.0,No,4298.04
500889,2024-02-10,SKU1034,WH_WEST,15,2229.38,0.0,No,33440.7
500883,2024-02-10,SKU1023,WH_WEST,9,1257.73,10.0,No,10187.61
500869,2024-02-10,SKU1002,WH_NORTH,5,4026.46,5.0,No,19125.68
500872,2024-02-10,SKU1005,WH_NORTH,5,23473.03,5.0,No,111496.89
500880,2024-02-10,SKU1020,WH_SOUTH,7,2359.13,0.0,No,16513.91
500881,2024-02-10,SKU1021,WH_WEST,7,2700.26,0.0,No,18901.82
500873,2024-02-10,SKU1009,WH_WEST,7,1309.64,5.0,Yes,8709.11
500887,2024-02-10,SKU1031,WH_WEST,18,2789.96,0.0,No,50219.28
500882,2024-02-10,SKU1022,WH_WEST,9,278.9,5.0,No,2384.59
500890,2024-02-10,SKU1036,WH_WEST,17,2919.38,0.0,Yes,49629.46
500868,2024-02-10,SKU1001,WH_SOUTH,9,19525.32,0.0,Yes,175727.88
500891,2024-02-10,SKU1038,WH_WEST,17,1639.79,15.0,No,23694.97
500877,2024-02-10,SKU1014,WH_WEST,5,1248.44,10.0,No,5617.98
500888,2024-02-10,SKU1032,WH_NORTH,22,2757.64,15.0,No,51567.87
500871,2024-02-10,SKU1004,WH_NORTH,4,661.52,0.0,No,2646.08
500913,2024-02-11,SKU1039,WH_NORTH,16,222.44,10.0,No,3203.14
500898,2024-02-11,SKU1015,WH_SOUTH,10,808.05,0.0,No,8080.5
500903,2024-02-11,SKU1022,WH_WEST,8,278.9,20.0,No,1784.96
500900,2024-02-11,SKU1018,WH_NORTH,10,2038.19,0.0,No,20381.9
500910,2024-02-11,SKU1034,WH_WEST,13,2229.38,0.0,No,28981.94
500897,2024-02-11,SKU1014,WH_NORTH,8,1248.44,0.0,No,9987.52
500908,2024-02-11,SKU1030,WH_WEST,14,2402.0,0.0,No,33628.0
500906,2024-02-11,SKU1026,WH_NORTH,8,994.38,10.0,No,7159.54
500893,2024-02-11,SKU1001,WH_NORTH,4,19525.32,0.0,No,78101.28
500902,2024-02-11,SKU1021,WH_NORTH,11,2700.26,20.0,Yes,23762.29
500901,2024-02-11,SKU1020,WH_NORTH,7,2359.13,5.0,No,15688.21
500895,2024-02-11,SKU1008,WH_SOUTH,7,7387.04,15.0,Yes,43952.89
500909,2024-02-11,SKU1031,WH_WEST,19,2789.96,10.0,No,47708.32
500912,2024-02-11,SKU1037,WH_SOUTH,26,2206.93,15.0,No,48773.15
500894,2024-02-11,SKU1004,WH_WEST,6,661.52,0.0,Yes,3969.12
500892,2024-02-11,SKU1000,WH_SOUTH,4,9457.32,0.0,No,37829.28
500899,2024-02-11,SKU1016,WH_SOUTH,9,497.81,5.0,No,4256.28
500911,2024-02-11,SKU1035,WH_NORTH,28,1749.54,0.0,No,48987.12
500907,2024-02-11,SKU1027,WH_WEST,5,194.56,0.0,No,972.8
500904,2024-02-11,SKU1024,WH_SOUTH,6,1822.24,0.0,No,10933.44
500905,2024-02-11,SKU1025,WH_NORTH,11,1880.05,0.0,Yes,20680.55
500896,2024-02-11,SKU1012,WH_SOUTH,12,1433.92,10.0,No,15486.34
500914,2024-02-12,SKU1001,WH_WEST,2,19525.32,5.0,No,37098.11
500928,2024-02-12,SKU1023,WH_SOUTH,8,1257.73,5.0,No,9558.75
500916,2024-02-12,SKU1004,WH_SOUTH,4,661.52,0.0,No,2646.08
500925,2024-02-12,SKU1018,WH_SOUTH,6,2038.19,10.0,No,11006.23
500926,2024-02-12,SKU1021,WH_WEST,5,2700.26,10.0,No,12151.17
500937,2024-02-12,SKU1039,WH_WEST,16,222.44,5.0,Yes,3381.09
500934,2024-02-12,SKU1029,WH_WEST,6,716.7,20.0,No,3440.16
500929,2024-02-12,SKU1024,WH_SOUTH,7,1822.24,10.0,No,11480.11
500917,2024-02-12,SKU1005,WH_WEST,2,23473.03,15.0,No,39904.15
500935,2024-02-12,SKU1034,WH_NORTH,13,2229.38,0.0,No,28981.94
500921,2024-02-12,SKU1013,WH_SOUTH,9,2835.28,15.0,No,21689.89
500930,2024-02-12,SKU1025,WH_SOUTH,8,1880.05,15.0,No,12784.34
500922,2024-02-12,SKU1015,WH_SOUTH,10,808.05,0.0,No,8080.5
500932,2024-02-12,SKU1027,WH_NORTH,6,194.56,20.0,No,933.89
500924,2024-02-12,SKU1017,WH_SOUTH,8,2741.56,0.0,No,21932.48
500933,2024-02-12,SKU1028,WH_NORTH,4,716.34,0.0,No,2865.36
500920,2024-02-12,SKU1012,WH_WEST,8,1433.92,0.0,No,11471.36
500918,2024-02-12,SKU1007,WH_SOUTH,4,13190.2,0.0,No,52760.8
500927,2024-02-12,SKU1022,WH_NORTH,7,278.9,15.0,No,1659.45
500931,2024-02-12,SKU1026,WH_NORTH,5,994.38,0.0,No,4971.9
500919,2024-02-12,SKU1008,WH_NORTH,5,7387.04,0.0,No,36935.2
500923,2024-02-12,SKU1016,WH_SOUTH,5,497.81,0.0,No,2489.05
500936,2024-02-12,SKU1036,WH_SOUTH,17,2919.38,5.0,No,47147.99
500915,2024-02-12,SKU1003,WH_WEST,3,21674.48,5.0,No,61772.27
500943,2024-02-13,SKU1011,WH_SOUTH,4,282.38,0.0,No,1129.52
500955,2024-02-13,SKU1030,WH_SOUTH,22,2402.0,10.0,Yes,47559.6
500947,2024-02-13,SKU1017,WH_SOUTH,7,2741.56,0.0,No,19190.92
500940,2024-02-13,SKU1006,WH_SOUTH,5,4707.6,0.0,No,23538.0
500951,2024-02-13,SKU1024,WH_SOUTH,5,1822.24,15.0,No,7744.52
500948,2024-02-13,SKU1018,WH_NORTH,7,2038.19,0.0,No,14267.33
500959,2024-02-13,SKU1038,WH_SOUTH,13,1639.79,5.0,No,20251.41
500942,2024-02-13,SKU1008,WH_NORTH,5,7387.04,0.0,Yes,36935.2
500949,2024-02-13,SKU1020,WH_WEST,7,2359.13,0.0,No,16513.91
500939,2024-02-13,SKU1004,WH_NORTH,8,661.52,0.0,Yes,5292.16
500956,2024-02-13,SKU1034,WH_WEST,11,2229.38,0.0,No,24523.18
500953,2024-02-13,SKU1026,WH_NORTH,4,994.38,0.0,No,3977.52
500952,2024-02-13,SKU1025,WH_SOUTH,8,1880.05,0.0,No,15040.4
500938,2024-02-13,SKU1001,WH_NORTH,4,19525.32,0.0,No,78101.28
500944,2024-02-13,SKU1012,WH_WEST,10,1433.92,0.0,No,14339.2
500946,2024-02-13,SKU1016,WH_NORTH,20,497.81,10.0,No,9184.59
500957,2024-02-13,SKU1035,WH_NORTH,17,1749.54,0.0,No,29742.18
500960,2024-02-13,SKU1039,WH_SOUTH,23,222.44,10.0,No,4604.51
500954,2024-02-13,SKU1029,WH_NORTH,2,716.7,0.0,Yes,1433.4
500945,2024-02-13,SKU1015,WH_WEST,9,808.05,5.0,No,6908.83
500941,2024-02-13,SKU1007,WH_WEST,3,13190.2,0.0,No,39570.6
500958,2024-02-13,SKU1037,WH_NORTH,16,2206.93,0.0,No,35310.88
500950,2024-02-13,SKU1022,WH_WEST,6,278.9,0.0,No,1673.4
500965,2024-02-14,SKU1007,WH_NORTH,7,13190.2,0.0,Yes,92331.4
500963,2024-02-14,SKU1004,WH_SOUTH,4,661.52,0.0,No,2646.08
500981,2024-02-14,SKU1034,WH_NORTH,12,2229.38,0.0,No,26752.56
500966,2024-02-14,SKU1008,WH_WEST,3,7387.04,5.0,No,21053.06
500961,2024-02-14,SKU1002,WH_WEST,4,4026.46,0.0,No,16105.84
500978,2024-02-14,SKU1030,WH_WEST,14,2402.0,10.0,No,30265.2
500970,2024-02-14,SKU1016,WH_NORTH,9,497.81,0.0,No,4480.29
500971,2024-02-14,SKU1017,WH_WEST,9,2741.56,10.0,No,22206.64
500974,2024-02-14,SKU1021,WH_SOUTH,5,2700.26,15.0,No,11476.11
500962,2024-02-14,SKU1003,WH_SOUTH,4,21674.48,0.0,No,86697.92
500976,2024-02-14,SKU1025,WH_SOUTH,5,1880.05,0.0,No,9400.25
500979,2024-02-14,SKU1031,WH_SOUTH,16,2789.96,0.0,No,44639.36
500969,2024-02-14,SKU1015,WH_NORTH,8,808.05,0.0,No,6464.4
500972,2024-02-14,SKU1018,WH_NORTH,8,2038.19,20.0,No,13044.42
500968,2024-02-14,SKU1014,WH_WEST,6,1248.44,0.0,No,7490.64
500967,2024-02-14,SKU1012,WH_SOUTH,7,1433.92,0.0,No,10037.44
500980,2024-02-14,SKU1033,WH_NORTH,15,1093.06,5.0,No,15576.1
500975,2024-02-14,SKU1023,WH_WEST,4,1257.73,10.0,No,4527.83
500964,2024-02-14,SKU1006,WH_SOUTH,2,4707.6,0.0,No,9415.2
500977,2024-02-14,SKU1026,WH_NORTH,10,994.38,0.0,Yes,9943.8
500973,2024-02-14,SKU1020,WH_SOUTH,4,2359.13,0.0,No,9436.52
500982,2024-02-14,SKU1039,WH_WEST,14,222.44,0.0,No,3114.16
500989,2024-02-15,SKU1009,WH_SOUTH,5,1309.64,0.0,No,6548.2
500997,2024-02-15,SKU1021,WH_SOUTH,5,2700.26,0.0,No,13501.3
501000,2024-02-15,SKU1027,WH_NORTH,7,194.56,5.0,No,1293.82
501002,2024-02-15,SKU1031,WH_WEST,22,2789.96,5.0,No,58310.16
500986,2024-02-15,SKU1005,WH_SOUTH,5,23473.03,0.0,No,117365.15
500984,2024-02-15,SKU1003,WH_NORTH,5,21674.48,0.0,Yes,108372.4
500983,2024-02-15,SKU1000,WH_SOUTH,5,9457.32,0.0,No,47286.6
500992,2024-02-15,SKU1015,WH_NORTH,10,808.05,0.0,No,8080.5
501001,2024-02-15,SKU1030,WH_NORTH,13,2402.0,10.0,No,28103.4
500993,2024-02-15,SKU1017,WH_NORTH,9,2741.56,0.0,No,24674.04
500991,2024-02-15,SKU1013,WH_NORTH,6,2835.28,15.0,No,14459.93
500987,2024-02-15,SKU1007,WH_SOUTH,4,13190.2,5.0,No,50122.76
500990,2024-02-15,SKU1012,WH_WEST,5,1433.92,0.0,No,7169.6
501003,2024-02-15,SKU1034,WH_WEST,11,2229.38,0.0,Yes,24523.18
500994,2024-02-15,SKU1018,WH_SOUTH,4,2038.19,15.0,No,6929.85
500985,2024-02-15,SKU1004,WH_NORTH,5,661.52,0.0,No,3307.6
501004,2024-02-15,SKU1036,WH_NORTH,14,2919.38,15.0,No,34740.62
500998,2024-02-15,SKU1024,WH_WEST,7,1822.24,0.0,No,12755.68
500999,2024-02-15,SKU1025,WH_SOUTH,6,1880.05,15.0,No,9588.25
500996,2024-02-15,SKU1020,WH_SOUTH,7,2359.13,0.0,No,16513.91
500988,2024-02-15,SKU1008,WH_SOUTH,8,7387.04,0.0,Yes,59096.32
500995,2024-02-15,SKU1019,WH_WEST,4,1767.95,15.0,No,6011.03
501005,2024-02-16,SKU1000,WH_NORTH,3,9457.32,0.0,No,28371.96
501016,2024-02-16,SKU1024,WH_SOUTH,5,1822.24,0.0,No,9111.2
501012,2024-02-16,SKU1012,WH_NORTH,8,1433.92,15.0,No,9750.66
501011,2024-02-16,SKU1009,WH_WEST,5,1309.64,0.0,Yes,6548.2
501021,2024-02-16,SKU1039,WH_SOUTH,31,222.44,5.0,Yes,6550.86
501020,2024-02-16,SKU1036,WH_SOUTH,22,2919.38,5.0,Yes,61015.04
501015,2024-02-16,SKU1023,WH_NORTH,9,1257.73,0.0,Yes,11319.57
501014,2024-02-16,SKU1022,WH_SOUTH,7,278.9,0.0,No,1952.3
501018,2024-02-16,SKU1031,WH_SOUTH,16,2789.96,0.0,No,44639.36
501013,2024-02-16,SKU1020,WH_NORTH,8,2359.13,0.0,Yes,18873.04
501019,2024-02-16,SKU1035,WH_SOUTH,17,1749.54,10.0,No,26767.96
501017,2024-02-16,SKU1029,WH_SOUTH,7,716.7,15.0,No,4264.37
501006,2024-02-16,SKU1001,WH_WEST,4,19525.32,15.0,No,66386.09
501010,2024-02-16,SKU1008,WH_NORTH,6,7387.04,5.0,Yes,42106.13
501007,2024-02-16,SKU1003,WH_NORTH,2,21674.48,5.0,No,41181.51
501008,2024-02-16,SKU1004,WH_NORTH,2,661.52,0.0,No,1323.04
501009,2024-02-16,SKU1006,WH_SOUTH,4,4707.6,0.0,No,18830.4
501031,2024-02-17,SKU1013,WH_SOUTH,7,2835.28,5.0,No,18854.61
501045,2024-02-17,SKU1036,WH_WEST,12,2919.38,15.0,No,29777.68
501047,2024-02-17,SKU1038,WH_NORTH,21,1639.79,5.0,No,32713.81
501042,2024-02-17,SKU1031,WH_WEST,19,2789.96,0.0,No,53009.24
501038,2024-02-17,SKU1023,WH_NORTH,8,1257.73,0.0,No,10061.84
501025,2024-02-17,SKU1004,WH_SOUTH,2,661.52,0.0,No,1323.04
501044,2024-02-17,SKU1035,WH_SOUTH,23,1749.54,0.0,No,40239.42
501029,2024-02-17,SKU1009,WH_SOUTH,7,1309.64,5.0,No,8709.11
501034,2024-02-17,SKU1016,WH_SOUTH,9,497.81,10.0,No,4032.26
501037,2024-02-17,SKU1022,WH_NORTH,12,278.9,5.0,Yes,3179.46
501048,2024-02-17,SKU1039,WH_NORTH,17,222.44,0.0,No,3781.48
501046,2024-02-17,SKU1037,WH_SOUTH,21,2206.93,0.0,No,46345.53
501035,2024-02-17,SKU1017,WH_NORTH,18,2741.56,10.0,Yes,44413.27
501030,2024-02-17,SKU1012,WH_WEST,13,1433.92,0.0,No,18640.96
501023,2024-02-17,SKU1002,WH_SOUTH,7,4026.46,0.0,Yes,28185.22
501036,2024-02-17,SKU1018,WH_WEST,14,2038.19,5.0,No,27107.93
501022,2024-02-17,SKU1001,WH_SOUTH,5,19525.32,0.0,No,97626.6
501041,2024-02-17,SKU1029,WH_WEST,4,716.7,0.0,No,2866.8
501040,2024-02-17,SKU1027,WH_NORTH,6,194.56,5.0,No,1108.99
501039,2024-02-17,SKU1026,WH_WEST,11,994.38,10.0,No,9844.36
501024,2024-02-17,SKU1003,WH_WEST,5,21674.48,0.0,No,108372.4
501043,2024-02-17,SKU1033,WH_WEST,18,1093.06,0.0,No,19675.08
501028,2024-02-17,SKU1007,WH_SOUTH,2,13190.2,20.0,No,21104.32
501026,2024-02-17,SKU1005,WH_WEST,7,23473.03,5.0,No,156095.65
501027,2024-02-17,SKU1006,WH_SOUTH,7,4707.6,5.0,No,31305.54
501032,2024-02-17,SKU1014,WH_SOUTH,11,1248.44,5.0,No,13046.2
501033,2024-02-17,SKU1015,WH_WEST,10,808.05,0.0,No,8080.5
501054,2024-02-18,SKU1009,WH_SOUTH,4,1309.64,0.0,No,5238.56
501067,2024-02-18,SKU1031,WH_WEST,17,2789.96,0.0,No,47429.32
501056,2024-02-18,SKU1012,WH_SOUTH,12,1433.92,15.0,No,14625.98
501068,2024-02-18,SKU1032,WH_NORTH,14,2757.64,15.0,No,32815.92
501073,2024-02-18,SKU1039,WH_WEST,38,222.44,0.0,Yes,8452.72
501053,2024-02-18,SKU1008,WH_NORTH,4,7387.04,0.0,No,29548.16
501069,2024-02-18,SKU1034,WH_NORTH,19,2229.38,20.0,No,33886.58
501066,2024-02-18,SKU1030,WH_SOUTH,25,2402.0,0.0,No,60050.0
501051,2024-02-18,SKU1002,WH_WEST,3,4026.46,0.0,No,12079.38
501058,2024-02-18,SKU1016,WH_SOUTH,7,497.81,10.0,No,3136.2
501063,2024-02-18,SKU1025,WH_SOUTH,5,1880.05,15.0,No,7990.21
501062,2024-02-18,SKU1024,WH_SOUTH,7,1822.24,5.0,No,12117.9
501061,2024-02-18,SKU1023,WH_NORTH,7,1257.73,0.0,No,8804.11
501049,2024-02-18,SKU1000,WH_WEST,6,9457.32,5.0,No,53906.72
501050,2024-02-18,SKU1001,WH_WEST,4,19525.32,10.0,No,70291.15
501071,2024-02-18,SKU1037,WH_NORTH,16,2206.93,0.0,No,35310.88
501064,2024-02-18,SKU1028,WH_SOUTH,5,716.34,0.0,No,3581.7
501057,2024-02-18,SKU1015,WH_SOUTH,12,808.05,10.0,No,8726.94
501072,2024-02-18,SKU1038,WH_WEST,21,1639.79,0.0,Yes,34435.59
501070,2024-02-18,SKU1035,WH_SOUTH,16,1749.54,0.0,No,27992.64
501060,2024-02-18,SKU1020,WH_NORTH,8,2359.13,0.0,No,18873.04
501052,2024-02-18,SKU1003,WH_SOUTH,5,21674.48,0.0,No,108372.4
501065,2024-02-18,SKU1029,WH_WEST,9,716.7,0.0,No,6450.3
501055,2024-02-18,SKU1010,WH_SOUTH,10,1240.02,0.0,No,12400.2
501059,2024-02-18,SKU1019,WH_NORTH,11,1767.95,0.0,No,19447.45
501080,2024-02-19,SKU1014,WH_SOUTH,12,1248.44,0.0,No,14981.28
501084,2024-02-19,SKU1022,WH_NORTH,5,278.9,5.0,No,1324.78
501090,2024-02-19,SKU1030,WH_SOUTH,5,2402.0,0.0,No,12010.0
501076,2024-02-19,SKU1006,WH_SOUTH,2,4707.6,0.0,No,9415.2
501091,2024-02-19,SKU1031,WH_SOUTH,10,2789.96,10.0,No,25109.64
501094,2024-02-19,SKU1037,WH_NORTH,6,2206.93,10.0,No,11917.42
501077,2024-02-19,SKU1009,WH_WEST,7,1309.64,0.0,Yes,9167.48
501089,2024-02-19,SKU1029,WH_WEST,6,716.7,0.0,No,4300.2
501092,2024-02-19,SKU1033,WH_NORTH,16,1093.06,0.0,No,17488.96
501075,2024-02-19,SKU1003,WH_NORTH,4,21674.48,0.0,No,86697.92
501082,2024-02-19,SKU1018,WH_NORTH,5,2038.19,0.0,No,10190.95
501085,2024-02-19,SKU1023,WH_SOUTH,16,1257.73,15.0,No,17105.13
501087,2024-02-19,SKU1026,WH_SOUTH,4,994.38,0.0,No,3977.52
501093,2024-02-19,SKU1035,WH_SOUTH,17,1749.54,0.0,No,29742.18
501086,2024-02-19,SKU1025,WH_NORTH,3,1880.05,5.0,No,5358.14
501088,2024-02-19,SKU1027,WH_WEST,3,194.56,15.0,No,496.13
501079,2024-02-19,SKU1012,WH_NORTH,6,1433.92,0.0,No,8603.52
501078,2024-02-19,SKU1011,WH_SOUTH,9,282.38,0.0,No,2541.42
501095,2024-02-19,SKU1039,WH_WEST,21,222.44,0.0,No,4671.24
501081,2024-02-19,SKU1017,WH_NORTH,12,2741.56,0.0,Yes,32898.72
501083,2024-02-19,SKU1021,WH_WEST,7,2700.26,0.0,No,18901.82
501074,2024-02-19,SKU1000,WH_WEST,3,9457.32,15.0,No,24116.17
501105,2024-02-20,SKU1011,WH_SOUTH,4,282.38,5.0,No,1073.04
501120,2024-02-20,SKU1039,WH_WEST,15,222.44,10.0,No,3002.94
501109,2024-02-20,SKU1018,WH_WEST,7,2038.19,0.0,No,14267.33
501103,2024-02-20,SKU1008,WH_NORTH,5,7387.04,0.0,Yes,36935.2
501097,2024-02-20,SKU1001,WH_NORTH,5,19525.32,15.0,No,82982.61
501117,2024-02-20,SKU1034,WH_WEST,19,2229.38,0.0,No,42358.22
501116,2024-02-20,SKU1033,WH_WEST,23,1093.06,15.0,Yes,21369.32
501108,2024-02-20,SKU1015,WH_NORTH,8,808.05,15.0,No,5494.74
501115,2024-02-20,SKU1031,WH_WEST,15,2789.96,20.0,No,33479.52
501106,2024-02-20,SKU1013,WH_WEST,11,2835.28,0.0,No,31188.08
501096,2024-02-20,SKU1000,WH_WEST,3,9457.32,0.0,No,28371.96
501100,2024-02-20,SKU1004,WH_SOUTH,4,661.52,0.0,No,2646.08
501102,2024-02-20,SKU1006,WH_WEST,4,4707.6,15.0,No,16005.84
501113,2024-02-20,SKU1027,WH_WEST,1,194.56,20.0,No,155.65
501099,2024-02-20,SKU1003,WH_SOUTH,4,21674.48,0.0,No,86697.92
501110,2024-02-20,SKU1020,WH_WEST,5,2359.13,0.0,No,11795.65
501111,2024-02-20,SKU1022,WH_WEST,5,278.9,5.0,No,1324.78
501118,2024-02-20,SKU1035,WH_SOUTH,20,1749.54,0.0,Yes,34990.8
501104,2024-02-20,SKU1009,WH_SOUTH,4,1309.64,0.0,No,5238.56
501098,2024-02-20,SKU1002,WH_SOUTH,5,4026.46,5.0,No,19125.68
501107,2024-02-20,SKU1014,WH_SOUTH,6,1248.44,15.0,No,6367.04
501114,2024-02-20,SKU1028,WH_WEST,5,716.34,0.0,No,3581.7
501101,2024-02-20,SKU1005,WH_SOUTH,3,23473.03,0.0,No,70419.09
501112,2024-02-20,SKU1026,WH_NORTH,5,994.38,5.0,No,4723.3
501119,2024-02-20,SKU1038,WH_WEST,16,1639.79,0.0,No,26236.64
501137,2024-02-21,SKU1023,WH_SOUTH,5,1257.73,0.0,No,6288.65
501135,2024-02-21,SKU1021,WH_WEST,6,2700.26,0.0,No,16201.56
501142,2024-02-21,SKU1029,WH_NORTH,7,716.7,10.0,No,4515.21
501145,2024-02-21,SKU1034,WH_WEST,6,2229.38,0.0,No,13376.28
501143,2024-02-21,SKU1030,WH_WEST,8,2402.0,5.0,No,18255.2
501130,2024-02-21,SKU1013,WH_SOUTH,5,2835.28,0.0,No,14176.4
501126,2024-02-21,SKU1008,WH_NORTH,5,7387.04,10.0,No,33241.68
501131,2024-02-21,SKU1015,WH_SOUTH,8,808.05,10.0,No,5817.96
501138,2024-02-21,SKU1025,WH_SOUTH,7,1880.05,5.0,No,12502.33
501147,2024-02-21,SKU1037,WH_WEST,23,2206.93,0.0,No,50759.39
501125,2024-02-21,SKU1007,WH_NORTH,6,13190.2,15.0,No,67270.02
501127,2024-02-21,SKU1009,WH_NORTH,5,1309.64,0.0,No,6548.2
501141,2024-02-21,SKU1028,WH_SOUTH,7,716.34,15.0,No,4262.22
501134,2024-02-21,SKU1020,WH_WEST,7,2359.13,15.0,No,14036.82
501129,2024-02-21,SKU1012,WH_SOUTH,8,1433.92,0.0,No,11471.36
501136,2024-02-21,SKU1022,WH_NORTH,9,278.9,0.0,Yes,2510.1
501121,2024-02-21,SKU1000,WH_SOUTH,5,9457.32,20.0,No,37829.28
501133,2024-02-21,SKU1019,WH_NORTH,7,1767.95,0.0,No,12375.65
501146,2024-02-21,SKU1035,WH_WEST,20,1749.54,0.0,No,34990.8
501128,2024-02-21,SKU1011,WH_NORTH,13,282.38,0.0,Yes,3670.94
501140,2024-02-21,SKU1027,WH_WEST,7,194.56,0.0,No,1361.92
501122,2024-02-21,SKU1004,WH_NORTH,4,661.52,15.0,No,2249.17
501123,2024-02-21,SKU1005,WH_SOUTH,5,23473.03,0.0,Yes,117365.15
501124,2024-02-21,SKU1006,WH_WEST,4,4707.6,10.0,No,16947.36
501144,2024-02-21,SKU1031,WH_NORTH,14,2789.96,0.0,No,39059.44
501139,2024-02-21,SKU1026,WH_NORTH,5,994.38,10.0,No,4474.71
501132,2024-02-21,SKU1017,WH_NORTH,4,2741.56,5.0,No,10417.93
501162,2024-02-22,SKU1021,WH_SOUTH,7,2700.26,0.0,No,18901.82
501160,2024-02-22,SKU1019,WH_NORTH,6,1767.95,0.0,No,10607.7
501166,2024-02-22,SKU1031,WH_NORTH,25,2789.96,0.0,No,69749.0
501170,2024-02-22,SKU1036,WH_WEST,22,2919.38,15.0,No,54592.41
501168,2024-02-22,SKU1033,WH_NORTH,19,1093.06,0.0,No,20768.14
501152,2024-02-22,SKU1006,WH_NORTH,4,4707.6,0.0,No,18830.4
501148,2024-02-22,SKU1001,WH_WEST,4,19525.32,0.0,Yes,78101.28
501171,2024-02-22,SKU1038,WH_WEST,16,1639.79,10.0,No,23612.98
501158,2024-02-22,SKU1016,WH_NORTH,6,497.81,10.0,No,2688.17
501165,2024-02-22,SKU1029,WH_SOUTH,15,716.7,0.0,Yes,10750.5
501155,2024-02-22,SKU1009,WH_NORTH,2,1309.64,0.0,No,2619.28
501156,2024-02-22,SKU1010,WH_NORTH,9,1240.02,0.0,No,11160.18
501157,2024-02-22,SKU1011,WH_SOUTH,8,282.38,5.0,No,2146.09
501149,2024-02-22,SKU1002,WH_WEST,4,4026.46,0.0,No,16105.84
501150,2024-02-22,SKU1003,WH_WEST,5,21674.48,20.0,No,86697.92
501163,2024-02-22,SKU1026,WH_SOUTH,4,994.38,0.0,No,3977.52
501169,2024-02-22,SKU1034,WH_SOUTH,17,2229.38,0.0,Yes,37899.46
501167,2024-02-22,SKU1032,WH_NORTH,25,2757.64,0.0,Yes,68941.0
501154,2024-02-22,SKU1008,WH_SOUTH,4,7387.04,15.0,No,25115.94
501164,2024-02-22,SKU1028,WH_SOUTH,8,716.34,10.0,No,5157.65
501151,2024-02-22,SKU1004,WH_NORTH,3,661.52,0.0,No,1984.56
501153,2024-02-22,SKU1007,WH_WEST,4,13190.2,0.0,No,52760.8
501161,2024-02-22,SKU1020,WH_SOUTH,6,2359.13,0.0,No,14154.78
501159,2024-02-22,SKU1017,WH_SOUTH,9,2741.56,0.0,No,24674.04
501178,2024-02-23,SKU1011,WH_WEST,12,282.38,15.0,No,2880.28
501190,2024-02-23,SKU1030,WH_SOUTH,18,2402.0,15.0,No,36750.6
501181,2024-02-23,SKU1015,WH_SOUTH,11,808.05,5.0,No,8444.12
501180,2024-02-23,SKU1013,WH_WEST,6,2835.28,5.0,No,16161.1
501192,2024-02-23,SKU1033,WH_WEST,20,1093.06,5.0,No,20768.14
501185,2024-02-23,SKU1021,WH_WEST,6,2700.26,0.0,No,16201.56
501186,2024-02-23,SKU1022,WH_WEST,5,278.9,5.0,No,1324.78
501179,2024-02-23,SKU1012,WH_WEST,8,1433.92,0.0,No,11471.36
501173,2024-02-23,SKU1005,WH_SOUTH,4,23473.03,15.0,No,79808.3
501184,2024-02-23,SKU1020,WH_SOUTH,4,2359.13,0.0,No,9436.52
501174,2024-02-23,SKU1006,WH_NORTH,3,4707.6,20.0,No,11298.24
501183,2024-02-23,SKU1019,WH_NORTH,9,1767.95,5.0,No,15115.97
501177,2024-02-23,SKU1010,WH_WEST,8,1240.02,15.0,No,8432.14
501187,2024-02-23,SKU1024,WH_WEST,5,1822.24,0.0,No,9111.2
501188,2024-02-23,SKU1026,WH_SOUTH,9,994.38,10.0,Yes,8054.48
501172,2024-02-23,SKU1000,WH_WEST,4,9457.32,10.0,No,34046.35
501193,2024-02-23,SKU1034,WH_WEST,16,2229.38,0.0,No,35670.08
501176,2024-02-23,SKU1009,WH_SOUTH,5,1309.64,5.0,No,6220.79
501194,2024-02-23,SKU1036,WH_NORTH,21,2919.38,5.0,No,58241.63
501189,2024-02-23,SKU1029,WH_SOUTH,5,716.7,0.0,No,3583.5
501191,2024-02-23,SKU1031,WH_SOUTH,13,2789.96,0.0,No,36269.48
501175,2024-02-23,SKU1008,WH_NORTH,4,7387.04,5.0,No,28070.75
501182,2024-02-23,SKU1017,WH_NORTH,11,2741.56,0.0,Yes,30157.16
501204,2024-02-24,SKU1020,WH_WEST,9,2359.13,0.0,No,21232.17
501197,2024-02-24,SKU1006,WH_WEST,5,4707.6,0.0,No,23538.0
501195,2024-02-24,SKU1001,WH_SOUTH,9,19525.32,0.0,Yes,175727.88
501205,2024-02-24,SKU1021,WH_NORTH,8,2700.26,5.0,No,20521.98
501196,2024-02-24,SKU1003,WH_WEST,4,21674.48,10.0,No,78028.13
501208,2024-02-24,SKU1030,WH_WEST,18,2402.0,10.0,No,38912.4
501207,2024-02-24,SKU1026,WH_SOUTH,14,994.38,0.0,Yes,13921.32
501198,2024-02-24,SKU1008,WH_SOUTH,5,7387.04,0.0,No,36935.2
501202,2024-02-24,SKU1014,WH_SOUTH,13,1248.44,0.0,No,16229.72
501200,2024-02-24,SKU1011,WH_NORTH,9,282.38,0.0,No,2541.42
501201,2024-02-24,SKU1012,WH_SOUTH,12,1433.92,0.0,No,17207.04
501210,2024-02-24,SKU1032,WH_SOUTH,26,2757.64,0.0,No,71698.64
501212,2024-02-24,SKU1034,WH_WEST,36,2229.38,0.0,Yes,80257.68
501214,2024-02-24,SKU1039,WH_SOUTH,13,222.44,10.0,No,2602.55
501203,2024-02-24,SKU1015,WH_SOUTH,7,808.05,0.0,No,5656.35
501213,2024-02-24,SKU1036,WH_SOUTH,23,2919.38,0.0,No,67145.74
501209,2024-02-24,SKU1031,WH_SOUTH,19,2789.96,15.0,No,45057.85
501211,2024-02-24,SKU1033,WH_NORTH,21,1093.06,5.0,No,21806.55
501199,2024-02-24,SKU1010,WH_WEST,7,1240.02,0.0,No,8680.14
501206,2024-02-24,SKU1022,WH_WEST,9,278.9,15.0,No,2133.58
501217,2024-02-25,SKU1004,WH_NORTH,4,661.52,0.0,No,2646.08
501219,2024-02-25,SKU1008,WH_NORTH,5,7387.04,20.0,No,29548.16
501232,2024-02-25,SKU1026,WH_NORTH,11,994.38,0.0,No,10938.18
501226,2024-02-25,SKU1017,WH_NORTH,11,2741.56,0.0,No,30157.16
501216,2024-02-25,SKU1002,WH_NORTH,7,4026.46,0.0,Yes,28185.22
501237,2024-02-25,SKU1039,WH_WEST,11,222.44,5.0,No,2324.5
501225,2024-02-25,SKU1016,WH_SOUTH,9,497.81,20.0,No,3584.23
501224,2024-02-25,SKU1014,WH_NORTH,11,1248.44,0.0,No,13732.84
501220,2024-02-25,SKU1009,WH_WEST,5,1309.64,10.0,No,5893.38
501230,2024-02-25,SKU1024,WH_NORTH,8,1822.24,0.0,No,14577.92
501229,2024-02-25,SKU1023,WH_SOUTH,9,1257.73,5.0,No,10753.59
501233,2024-02-25,SKU1028,WH_SOUTH,6,716.34,0.0,No,4298.04
501215,2024-02-25,SKU1001,WH_SOUTH,6,19525.32,0.0,Yes,117151.92
501236,2024-02-25,SKU1037,WH_WEST,12,2206.93,0.0,No,26483.16
501234,2024-02-25,SKU1029,WH_SOUTH,2,716.7,5.0,No,1361.73
501218,2024-02-25,SKU1006,WH_NORTH,6,4707.6,0.0,No,28245.6
501231,2024-02-25,SKU1025,WH_WEST,8,1880.05,0.0,No,15040.4
501222,2024-02-25,SKU1012,WH_NORTH,11,1433.92,5.0,No,14984.46
501235,2024-02-25,SKU1032,WH_WEST,13,2757.64,0.0,No,35849.32
501221,2024-02-25,SKU1011,WH_WEST,13,282.38,0.0,No,3670.94
501228,2024-02-25,SKU1022,WH_NORTH,5,278.9,0.0,No,1394.5
501223,2024-02-25,SKU1013,WH_SOUTH,8,2835.28,0.0,No,22682.24
501227,2024-02-25,SKU1019,WH_SOUTH,12,1767.95,10.0,No,19093.86
501259,2024-02-26,SKU1036,WH_WEST,16,2919.38,0.0,No,46710.08
501249,2024-02-26,SKU1019,WH_WEST,10,1767.95,0.0,Yes,17679.5
501242,2024-02-26,SKU1009,WH_SOUTH,3,1309.64,0.0,No,3928.92
501258,2024-02-26,SKU1033,WH_NORTH,23,1093.06,0.0,No,25140.38
501240,2024-02-26,SKU1005,WH_NORTH,2,23473.03,0.0,No,46946.06
501253,2024-02-26,SKU1026,WH_WEST,6,994.38,10.0,No,5369.65
501255,2024-02-26,SKU1030,WH_NORTH,11,2402.0,15.0,No,22458.7
501260,2024-02-26,SKU1037,WH_NORTH,30,2206.93,5.0,Yes,62897.5
501250,2024-02-26,SKU1021,WH_SOUTH,8,2700.26,5.0,No,20521.98
501238,2024-02-26,SKU1000,WH_SOUTH,2,9457.32,0.0,No,18914.64
501239,2024-02-26,SKU1004,WH_WEST,9,661.52,5.0,Yes,5656.0
501261,2024-02-26,SKU1038,WH_SOUTH,14,1639.79,0.0,No,22957.06
501241,2024-02-26,SKU1008,WH_WEST,4,7387.04,5.0,No,28070.75
501254,2024-02-26,SKU1029,WH_SOUTH,6,716.7,0.0,No,4300.2
501244,2024-02-26,SKU1012,WH_NORTH,11,1433.92,10.0,No,14195.81
501247,2024-02-26,SKU1016,WH_NORTH,6,497.81,15.0,No,2538.83
501256,2024-02-26,SKU1031,WH_NORTH,16,2789.96,15.0,No,37943.46
501243,2024-02-26,SKU1011,WH_SOUTH,5,282.38,0.0,No,1411.9
501251,2024-02-26,SKU1024,WH_WEST,7,1822.24,0.0,No,12755.68
501246,2024-02-26,SKU1015,WH_SOUTH,13,808.05,0.0,No,10504.65
501252,2024-02-26,SKU1025,WH_WEST,6,1880.05,5.0,No,10716.28
501248,2024-02-26,SKU1018,WH_SOUTH,4,2038.19,10.0,No,7337.48
501245,2024-02-26,SKU1013,WH_SOUTH,5,2835.28,0.0,No,14176.4
501257,2024-02-26,SKU1032,WH_NORTH,11,2757.64,5.0,No,28817.34
501267,2024-02-27,SKU1008,WH_SOUTH,3,7387.04,0.0,No,22161.12
501270,2024-02-27,SKU1012,WH_NORTH,15,1433.92,5.0,Yes,20433.36
501274,2024-02-27,SKU1018,WH_WEST,6,2038.19,15.0,No,10394.77
501262,2024-02-27,SKU1003,WH_WEST,3,21674.48,10.0,No,58521.1
501263,2024-02-27,SKU1004,WH_SOUTH,4,661.52,5.0,No,2513.78
501269,2024-02-27,SKU1010,WH_WEST,7,1240.02,0.0,No,8680.14
501282,2024-02-27,SKU1032,WH_NORTH,23,2757.64,20.0,No,50740.58
501281,2024-02-27,SKU1029,WH_WEST,8,716.7,0.0,No,5733.6
501265,2024-02-27,SKU1006,WH_WEST,3,4707.6,0.0,No,14122.8
501268,2024-02-27,SKU1009,WH_NORTH,5,1309.64,10.0,No,5893.38
501284,2024-02-27,SKU1034,WH_WEST,15,2229.38,0.0,No,33440.7
501277,2024-02-27,SKU1024,WH_WEST,5,1822.24,0.0,No,9111.2
501279,2024-02-27,SKU1027,WH_SOUTH,7,194.56,0.0,No,1361.92
501283,2024-02-27,SKU1033,WH_NORTH,15,1093.06,0.0,Yes,16395.9
501272,2024-02-27,SKU1015,WH_WEST,6,808.05,15.0,No,4121.05
501280,2024-02-27,SKU1028,WH_SOUTH,12,716.34,10.0,Yes,7736.47
501276,2024-02-27,SKU1023,WH_WEST,7,1257.73,0.0,No,8804.11
501285,2024-02-27,SKU1035,WH_WEST,21,1749.54,0.0,No,36740.34
501264,2024-02-27,SKU1005,WH_WEST,3,23473.03,0.0,No,70419.09
501278,2024-02-27,SKU1025,WH_NORTH,7,1880.05,5.0,No,12502.33
501271,2024-02-27,SKU1013,WH_SOUTH,9,2835.28,15.0,No,21689.89
501275,2024-02-27,SKU1021,WH_SOUTH,5,2700.26,0.0,No,13501.3
501266,2024-02-27,SKU1007,WH_WEST,3,13190.2,5.0,No,37592.07
501273,2024-02-27,SKU1017,WH_SOUTH,8,2741.56,0.0,No,21932.48
501298,2024-02-28,SKU1021,WH_NORTH,6,2700.26,0.0,No,16201.56
501290,2024-02-28,SKU1008,WH_SOUTH,3,7387.04,5.0,No,21053.06
501287,2024-02-28,SKU1003,WH_WEST,3,21674.48,0.0,No,65023.44
501289,2024-02-28,SKU1006,WH_NORTH,5,4707.6,5.0,No,22361.1
501300,2024-02-28,SKU1023,WH_NORTH,5,1257.73,0.0,No,6288.65
501295,2024-02-28,SKU1018,WH_SOUTH,14,2038.19,0.0,Yes,28534.66
501307,2024-02-28,SKU1039,WH_WEST,11,222.44,15.0,No,2079.81
501292,2024-02-28,SKU1011,WH_SOUTH,6,282.38,0.0,No,1694.28
501305,2024-02-28,SKU1032,WH_WEST,14,2757.64,5.0,No,36676.61
501296,2024-02-28,SKU1019,WH_WEST,5,1767.95,0.0,No,8839.75
501302,2024-02-28,SKU1027,WH_NORTH,7,194.56,0.0,No,1361.92
501293,2024-02-28,SKU1013,WH_SOUTH,20,2835.28,0.0,Yes,58123.24
501306,2024-02-28,SKU1033,WH_SOUTH,8,1093.06,0.0,No,8744.48
501286,2024-02-28,SKU1002,WH_SOUTH,3,4026.46,0.0,No,12079.38
501301,2024-02-28,SKU1025,WH_WEST,5,1880.05,0.0,No,9400.25
501304,2024-02-28,SKU1031,WH_WEST,21,2789.96,0.0,No,58589.16
501288,2024-02-28,SKU1005,WH_NORTH,5,23473.03,15.0,No,99760.38
501291,2024-02-28,SKU1009,WH_NORTH,5,1309.64,0.0,No,6548.2
501303,2024-02-28,SKU1029,WH_WEST,6,716.7,0.0,No,4300.2
501294,2024-02-28,SKU1017,WH_WEST,9,2741.56,0.0,No,24674.04
501297,2024-02-28,SKU1020,WH_WEST,6,2359.13,0.0,No,14154.78
501299,2024-02-28,SKU1022,WH_WEST,8,278.9,5.0,No,2119.64
501320,2024-02-29,SKU1036,WH_NORTH,19,2919.38,0.0,No,55468.22
501311,2024-02-29,SKU1004,WH_SOUTH,6,661.52,5.0,Yes,3770.66
501314,2024-02-29,SKU1012,WH_WEST,6,1433.92,0.0,No,8603.52
501308,2024-02-29,SKU1000,WH_WEST,5,9457.32,0.0,No,47286.6
501316,2024-02-29,SKU1025,WH_WEST,7,1880.05,0.0,No,13160.35
501322,2024-02-29,SKU1038,WH_WEST,27,1639.79,0.0,Yes,44274.33
501318,2024-02-29,SKU1032,WH_SOUTH,13,2757.64,5.0,No,34056.85
501321,2024-02-29,SKU1037,WH_WEST,17,2206.93,0.0,No,37517.81
501319,2024-02-29,SKU1033,WH_NORTH,11,1093.06,20.0,No,9618.93
501309,2024-02-29,SKU1002,WH_WEST,4,4026.46,5.0,No,15300.55
501315,2024-02-29,SKU1024,WH_NORTH,12,1822.24,0.0,Yes,21866.88
501313,2024-02-29,SKU1008,WH_SOUTH,4,7387.04,10.0,No,26593.34
501312,2024-02-29,SKU1005,WH_WEST,4,23473.03,15.0,No,79808.3
501317,2024-02-29,SKU1030,WH_WEST,7,2402.0,0.0,No,16814.0
501310,2024-02-29,SKU1003,WH_SOUTH,2,21674.48,5.0,No,41181.51
501323,2024-02-29,SKU1039,WH_NORTH,13,222.44,0.0,No,2891.72
501340,2024-03-01,SKU1032,WH_WEST,17,2757.64,0.0,No,46879.88
501329,2024-03-01,SKU1011,WH_SOUTH,10,282.38,10.0,No,2541.42
501334,2024-03-01,SKU1017,WH_SOUTH,2,2741.56,0.0,No,5483.12
501325,2024-03-01,SKU1003,WH_NORTH,2,21674.48,5.0,No,41181.51
501326,2024-03-01,SKU1004,WH_WEST,4,661.52,5.0,No,2513.78
501332,2024-03-01,SKU1014,WH_SOUTH,14,1248.44,0.0,Yes,17478.16
501328,2024-03-01,SKU1010,WH_WEST,7,1240.02,10.0,Yes,7812.13
501337,2024-03-01,SKU1027,WH_SOUTH,5,194.56,5.0,No,924.16
501339,2024-03-01,SKU1030,WH_WEST,15,2402.0,15.0,Yes,30625.5
501330,2024-03-01,SKU1012,WH_WEST,7,1433.92,0.0,No,10037.44
501342,2024-03-01,SKU1039,WH_SOUTH,10,222.44,0.0,No,2224.4
501327,2024-03-01,SKU1007,WH_WEST,3,13190.2,10.0,No,35613.54
501341,2024-03-01,SKU1037,WH_NORTH,16,2206.93,0.0,No,35310.88
501324,2024-03-01,SKU1002,WH_NORTH,2,4026.46,5.0,No,7650.27
501331,2024-03-01,SKU1013,WH_SOUTH,10,2835.28,0.0,No,28352.8
501335,2024-03-01,SKU1020,WH_SOUTH,6,2359.13,0.0,No,14154.78
501338,2024-03-01,SKU1029,WH_NORTH,7,716.7,0.0,No,5016.9
501333,2024-03-01,SKU1015,WH_WEST,11,808.05,0.0,No,8888.55
501336,2024-03-01,SKU1021,WH_WEST,4,2700.26,15.0,No,9180.88
501356,2024-03-02,SKU1025,WH_SOUTH,7,1880.05,0.0,No,13160.35
501364,2024-03-02,SKU1038,WH_SOUTH,23,1639.79,0.0,No,37715.17
501360,2024-03-02,SKU1032,WH_WEST,27,2757.64,0.0,No,74456.28
501345,2024-03-02,SKU1005,WH_SOUTH,5,23473.03,15.0,No,99760.38
501357,2024-03-02,SKU1028,WH_NORTH,8,716.34,0.0,No,5730.72
501351,2024-03-02,SKU1017,WH_NORTH,20,2741.56,20.0,Yes,44961.58
501363,2024-03-02,SKU1037,WH_NORTH,19,2206.93,0.0,No,41931.67
501358,2024-03-02,SKU1029,WH_SOUTH,8,716.7,0.0,No,5733.6
501361,2024-03-02,SKU1034,WH_WEST,15,2229.38,0.0,No,33440.7
501346,2024-03-02,SKU1006,WH_SOUTH,2,4707.6,0.0,No,9415.2
501352,2024-03-02,SKU1019,WH_SOUTH,12,1767.95,5.0,No,20154.63
501354,2024-03-02,SKU1022,WH_NORTH,4,278.9,0.0,No,1115.6
501359,2024-03-02,SKU1030,WH_WEST,27,2402.0,10.0,No,58368.6
501349,2024-03-02,SKU1013,WH_WEST,14,2835.28,10.0,No,35724.53
501353,2024-03-02,SKU1021,WH_NORTH,5,2700.26,15.0,No,11476.11
501343,2024-03-02,SKU1000,WH_NORTH,5,9457.32,0.0,No,47286.6
501362,2024-03-02,SKU1035,WH_NORTH,25,1749.54,0.0,No,43738.5
501355,2024-03-02,SKU1024,WH_SOUTH,4,1822.24,0.0,No,7288.96
501347,2024-03-02,SKU1007,WH_SOUTH,5,13190.2,10.0,Yes,59355.9
501348,2024-03-02,SKU1011,WH_NORTH,10,282.38,0.0,No,2823.8
501344,2024-03-02,SKU1002,WH_SOUTH,4,4026.46,5.0,No,15300.55
501350,2024-03-02,SKU1015,WH_WEST,9,808.05,20.0,No,5817.96
501379,2024-03-03,SKU1028,WH_SOUTH,5,716.34,0.0,No,3581.7
501374,2024-03-03,SKU1019,WH_SOUTH,14,1767.95,15.0,Yes,21038.6
501375,2024-03-03,SKU1021,WH_NORTH,7,2700.26,0.0,No,18901.82
501369,2024-03-03,SKU1010,WH_SOUTH,10,1240.02,0.0,No,12400.2
501367,2024-03-03,SKU1005,WH_SOUTH,7,23473.03,0.0,Yes,164311.21
501377,2024-03-03,SKU1026,WH_WEST,14,994.38,0.0,Yes,13921.32
501381,2024-03-03,SKU1031,WH_SOUTH,10,2789.96,0.0,No,27899.6
501376,2024-03-03,SKU1023,WH_NORTH,15,1257.73,10.0,Yes,16979.36
501368,2024-03-03,SKU1007,WH_SOUTH,5,13190.2,15.0,No,56058.35
501366,2024-03-03,SKU1003,WH_SOUTH,5,21674.48,10.0,No,97535.16
501380,2024-03-03,SKU1030,WH_WEST,18,2402.0,0.0,No,43236.0
501373,2024-03-03,SKU1018,WH_WEST,12,2038.19,0.0,Yes,24458.28
501384,2024-03-03,SKU1034,WH_SOUTH,17,2229.38,0.0,No,37899.46
501383,2024-03-03,SKU1033,WH_WEST,17,1093.06,0.0,No,18582.02
501386,2024-03-03,SKU1038,WH_SOUTH,33,1639.79,10.0,Yes,48701.76
501378,2024-03-03,SKU1027,WH_SOUTH,6,194.56,5.0,No,1108.99
501365,2024-03-03,SKU1002,WH_SOUTH,4,4026.46,0.0,No,16105.84
501385,2024-03-03,SKU1036,WH_SOUTH,22,2919.38,0.0,No,64226.36
501370,2024-03-03,SKU1011,WH_SOUTH,18,282.38,0.0,No,5082.84
501387,2024-03-03,SKU1039,WH_NORTH,18,222.44,0.0,Yes,4003.92
501371,2024-03-03,SKU1012,WH_WEST,12,1433.92,0.0,No,17207.04
501382,2024-03-03,SKU1032,WH_SOUTH,19,2757.64,0.0,No,52395.16
501372,2024-03-03,SKU1017,WH_SOUTH,15,2741.56,5.0,No,39067.23
501399,2024-03-04,SKU1018,WH_WEST,8,2038.19,15.0,No,13859.69
501408,2024-03-04,SKU1034,WH_NORTH,18,2229.38,10.0,No,36115.96
501392,2024-03-04,SKU1008,WH_NORTH,5,7387.04,10.0,No,33241.68
501396,2024-03-04,SKU1014,WH_SOUTH,9,1248.44,0.0,No,11235.96
501398,2024-03-04,SKU1016,WH_SOUTH,9,497.81,5.0,No,4256.28
501401,2024-03-04,SKU1021,WH_SOUTH,7,2700.26,0.0,No,18901.82
501407,2024-03-04,SKU1033,WH_WEST,13,1093.06,5.0,No,13499.29
501393,2024-03-04,SKU1009,WH_SOUTH,4,1309.64,0.0,No,5238.56
501400,2024-03-04,SKU1020,WH_SOUTH,9,2359.13,5.0,Yes,20170.56
501389,2024-03-04,SKU1003,WH_SOUTH,3,21674.48,0.0,No,65023.44
501404,2024-03-04,SKU1027,WH_WEST,4,194.56,5.0,No,739.33
501397,2024-03-04,SKU1015,WH_NORTH,3,808.05,15.0,No,2060.53
501402,2024-03-04,SKU1024,WH_WEST,6,1822.24,5.0,No,10386.77
501406,2024-03-04,SKU1032,WH_NORTH,29,2757.64,0.0,Yes,79971.56
501395,2024-03-04,SKU1012,WH_NORTH,11,1433.92,20.0,No,12618.5
501390,2024-03-04,SKU1006,WH_NORTH,3,4707.6,0.0,No,14122.8
501388,2024-03-04,SKU1001,WH_WEST,3,19525.32,5.0,No,55647.16
501403,2024-03-04,SKU1025,WH_SOUTH,7,1880.05,0.0,No,13160.35
501394,2024-03-04,SKU1011,WH_NORTH,9,282.38,0.0,No,2541.42
501405,2024-03-04,SKU1028,WH_WEST,6,716.34,10.0,Yes,3868.24
501391,2024-03-04,SKU1007,WH_NORTH,5,13190.2,0.0,No,65951.0
501410,2024-03-05,SKU1006,WH_SOUTH,3,4707.6,10.0,No,12710.52
501413,2024-03-05,SKU1011,WH_WEST,7,282.38,10.0,No,1778.99
501416,2024-03-05,SKU1019,WH_NORTH,20,1767.95,0.0,No,36242.98
501417,2024-03-05,SKU1025,WH_WEST,4,1880.05,0.0,No,7520.2
501424,2024-03-05,SKU1038,WH_NORTH,17,1639.79,0.0,No,27876.43
501409,2024-03-05,SKU1004,WH_SOUTH,6,661.52,0.0,Yes,3969.12
501418,2024-03-05,SKU1028,WH_WEST,7,716.34,5.0,No,4763.66
501422,2024-03-05,SKU1033,WH_SOUTH,15,1093.06,0.0,No,16395.9
501411,2024-03-05,SKU1007,WH_NORTH,4,13190.2,0.0,No,52760.8
501419,2024-03-05,SKU1029,WH_WEST,4,716.7,5.0,No,2723.46
501412,2024-03-05,SKU1008,WH_NORTH,2,7387.04,5.0,No,14035.38
501423,2024-03-05,SKU1035,WH_SOUTH,19,1749.54,0.0,No,33241.26
501420,2024-03-05,SKU1031,WH_WEST,17,2789.96,5.0,No,45057.85
501415,2024-03-05,SKU1016,WH_NORTH,10,497.81,10.0,No,4480.29
501414,2024-03-05,SKU1013,WH_NORTH,7,2835.28,10.0,No,17862.26
501421,2024-03-05,SKU1032,WH_WEST,15,2757.64,0.0,No,41364.6
501426,2024-03-06,SKU1002,WH_NORTH,3,4026.46,0.0,No,12079.38
501429,2024-03-06,SKU1005,WH_SOUTH,5,23473.03,0.0,No,117365.15
501448,2024-03-06,SKU1036,WH_SOUTH,11,2919.38,0.0,No,32113.18
501441,2024-03-06,SKU1019,WH_NORTH,9,1767.95,20.0,No,12729.24
501425,2024-03-06,SKU1001,WH_NORTH,5,19525.32,15.0,No,82982.61
501447,2024-03-06,SKU1035,WH_SOUTH,23,1749.54,0.0,No,40239.42
501450,2024-03-06,SKU1038,WH_SOUTH,28,1639.79,0.0,Yes,45914.12
501428,2024-03-06,SKU1004,WH_WEST,5,661.52,0.0,No,3307.6
501438,2024-03-06,SKU1015,WH_NORTH,11,808.05,0.0,No,8888.55
501433,2024-03-06,SKU1009,WH_SOUTH,7,1309.64,15.0,Yes,7792.36
501427,2024-03-06,SKU1003,WH_WEST,3,21674.48,0.0,No,65023.44
501444,2024-03-06,SKU1031,WH_NORTH,10,2789.96,20.0,No,22319.68
501443,2024-03-06,SKU1027,WH_NORTH,7,194.56,0.0,No,1361.92
501432,2024-03-06,SKU1008,WH_NORTH,4,7387.04,0.0,No,29548.16
501437,2024-03-06,SKU1014,WH_NORTH,14,1248.44,15.0,Yes,14856.44
501449,2024-03-06,SKU1037,WH_SOUTH,13,2206.93,0.0,No,28690.09
501430,2024-03-06,SKU1006,WH_NORTH,3,4707.6,20.0,No,11298.24
501435,2024-03-06,SKU1012,WH_WEST,6,1433.92,10.0,No,7743.17
501439,2024-03-06,SKU1016,WH_NORTH,8,497.81,0.0,No,3982.48
501434,2024-03-06,SKU1011,WH_SOUTH,11,282.38,10.0,No,2795.56
501431,2024-03-06,SKU1007,WH_WEST,3,13190.2,0.0,No,39570.6
501440,2024-03-06,SKU1018,WH_SOUTH,8,2038.19,0.0,No,16305.52
501445,2024-03-06,SKU1032,WH_NORTH,22,2757.64,0.0,No,60668.08
501436,2024-03-06,SKU1013,WH_SOUTH,10,2835.28,0.0,No,28352.8
501442,2024-03-06,SKU1023,WH_SOUTH,5,1257.73,0.0,No,6288.65
501446,2024-03-06,SKU1033,WH_NORTH,23,1093.06,10.0,No,22626.34
501458,2024-03-07,SKU1017,WH_SOUTH,7,2741.56,10.0,No,17271.83
501456,2024-03-07,SKU1015,WH_WEST,9,808.05,0.0,No,7272.45
501465,2024-03-07,SKU1028,WH_SOUTH,7,716.34,5.0,No,4763.66
501466,2024-03-07,SKU1029,WH_SOUTH,4,716.7,20.0,No,2293.44
501463,2024-03-07,SKU1025,WH_NORTH,5,1880.05,0.0,No,9400.25
501453,2024-03-07,SKU1011,WH_WEST,9,282.38,0.0,No,2541.42
501462,2024-03-07,SKU1022,WH_NORTH,8,278.9,0.0,No,2231.2
501469,2024-03-07,SKU1039,WH_SOUTH,11,222.44,10.0,No,2202.16
501457,2024-03-07,SKU1016,WH_SOUTH,10,497.81,0.0,No,4978.1
501455,2024-03-07,SKU1014,WH_NORTH,9,1248.44,0.0,No,11235.96
501454,2024-03-07,SKU1012,WH_WEST,7,1433.92,5.0,No,9535.57
501464,2024-03-07,SKU1026,WH_SOUTH,8,994.38,5.0,No,7557.29
501452,2024-03-07,SKU1006,WH_NORTH,4,4707.6,10.0,No,16947.36
501451,2024-03-07,SKU1001,WH_SOUTH,5,19525.32,0.0,No,97626.6
501468,2024-03-07,SKU1035,WH_NORTH,25,1749.54,15.0,No,37177.72
501461,2024-03-07,SKU1021,WH_WEST,8,2700.26,0.0,No,21602.08
501459,2024-03-07,SKU1018,WH_NORTH,12,2038.19,0.0,Yes,24458.28
501460,2024-03-07,SKU1019,WH_WEST,6,1767.95,5.0,No,10077.32
501467,2024-03-07,SKU1031,WH_WEST,11,2789.96,15.0,No,26086.13
501474,2024-03-08,SKU1007,WH_SOUTH,4,13190.2,0.0,No,52760.8
501491,2024-03-08,SKU1031,WH_WEST,15,2789.96,0.0,No,41849.4
501470,2024-03-08,SKU1000,WH_WEST,3,9457.32,0.0,No,28371.96
501489,2024-03-08,SKU1029,WH_SOUTH,6,716.7,5.0,No,4085.19
501472,2024-03-08,SKU1003,WH_NORTH,5,21674.48,0.0,No,108372.4
501478,2024-03-08,SKU1015,WH_WEST,10,808.05,5.0,No,7676.48
501484,2024-03-08,SKU1022,WH_WEST,7,278.9,0.0,No,1952.3
501483,2024-03-08,SKU1021,WH_SOUTH,6,2700.26,5.0,No,15391.48
501487,2024-03-08,SKU1027,WH_WEST,7,194.56,0.0,No,1361.92
501488,2024-03-08,SKU1028,WH_WEST,8,716.34,0.0,Yes,5730.72
501495,2024-03-08,SKU1037,WH_WEST,10,2206.93,15.0,No,18758.9
501481,2024-03-08,SKU1018,WH_WEST,9,2038.19,0.0,No,18343.71
501476,2024-03-08,SKU1011,WH_NORTH,8,282.38,0.0,No,2259.04
501479,2024-03-08,SKU1016,WH_WEST,6,497.81,0.0,No,2986.86
501494,2024-03-08,SKU1035,WH_SOUTH,13,1749.54,5.0,No,21606.82
501471,2024-03-08,SKU1001,WH_SOUTH,3,19525.32,0.0,No,58575.96
501486,2024-03-08,SKU1026,WH_SOUTH,2,994.38,10.0,No,1789.88
501496,2024-03-08,SKU1038,WH_WEST,13,1639.79,10.0,No,19185.54
501490,2024-03-08,SKU1030,WH_NORTH,18,2402.0,5.0,No,41074.2
501497,2024-03-08,SKU1039,WH_NORTH,14,222.44,5.0,No,2958.45
501475,2024-03-08,SKU1008,WH_WEST,5,7387.04,0.0,No,36935.2
501473,2024-03-08,SKU1006,WH_WEST,2,4707.6,10.0,No,8473.68
501485,2024-03-08,SKU1025,WH_SOUTH,7,1880.05,10.0,No,11844.32
501477,2024-03-08,SKU1014,WH_NORTH,10,1248.44,5.0,No,11860.18
501492,2024-03-08,SKU1033,WH_SOUTH,13,1093.06,0.0,No,14209.78
501480,2024-03-08,SKU1017,WH_WEST,9,2741.56,5.0,No,23440.34
501493,2024-03-08,SKU1034,WH_WEST,17,2229.38,0.0,No,37899.46
501482,2024-03-08,SKU1020,WH_WEST,7,2359.13,0.0,No,16513.91
501522,2024-03-09,SKU1032,WH_SOUTH,19,2757.64,10.0,No,47155.64
501513,2024-03-09,SKU1018,WH_NORTH,5,2038.19,0.0,No,10190.95
501521,2024-03-09,SKU1031,WH_SOUTH,38,2789.96,15.0,Yes,91301.44
501515,2024-03-09,SKU1023,WH_NORTH,4,1257.73,0.0,No,5030.92
501502,2024-03-09,SKU1006,WH_NORTH,4,4707.6,0.0,No,18830.4
501512,2024-03-09,SKU1017,WH_NORTH,10,2741.56,10.0,Yes,24674.04
501500,2024-03-09,SKU1003,WH_WEST,4,21674.48,0.0,No,86697.92
501520,2024-03-09,SKU1030,WH_NORTH,24,2402.0,15.0,No,49000.8
501517,2024-03-09,SKU1025,WH_NORTH,7,1880.05,10.0,No,11844.32
501511,2024-03-09,SKU1016,WH_SOUTH,13,497.81,10.0,No,5824.38
501526,2024-03-09,SKU1036,WH_SOUTH,16,2919.38,5.0,No,44374.58
501504,2024-03-09,SKU1008,WH_NORTH,7,7387.04,0.0,No,51709.28
501505,2024-03-09,SKU1010,WH_WEST,17,1240.02,5.0,Yes,20026.32
501506,2024-03-09,SKU1011,WH_SOUTH,9,282.38,0.0,No,2541.42
501509,2024-03-09,SKU1014,WH_WEST,6,1248.44,20.0,No,5992.51
501507,2024-03-09,SKU1012,WH_WEST,8,1433.92,0.0,No,11471.36
501519,2024-03-09,SKU1027,WH_NORTH,9,194.56,0.0,Yes,1751.04
501518,2024-03-09,SKU1026,WH_SOUTH,4,994.38,0.0,No,3977.52
501510,2024-03-09,SKU1015,WH_SOUTH,14,808.05,0.0,No,11312.7
501503,2024-03-09,SKU1007,WH_NORTH,4,13190.2,0.0,No,52760.8
501501,2024-03-09,SKU1004,WH_WEST,6,661.52,15.0,No,3373.75
501524,2024-03-09,SKU1034,WH_WEST,21,2229.38,10.0,No,42135.28
501498,2024-03-09,SKU1000,WH_WEST,3,9457.32,10.0,No,25534.76
501527,2024-03-09,SKU1038,WH_NORTH,26,1639.79,5.0,No,40502.81
501514,2024-03-09,SKU1020,WH_WEST,7,2359.13,15.0,No,14036.82
501528,2024-03-09,SKU1039,WH_NORTH,15,222.44,0.0,No,3336.6
501516,2024-03-09,SKU1024,WH_SOUTH,3,1822.24,0.0,No,5466.72
501508,2024-03-09,SKU1013,WH_WEST,8,2835.28,20.0,No,18145.79
501523,2024-03-09,SKU1033,WH_NORTH,11,1093.06,15.0,No,10220.11
501499,2024-03-09,SKU1001,WH_WEST,4,19525.32,5.0,No,74196.22
501525,2024-03-09,SKU1035,WH_NORTH,19,1749.54,0.0,No,33241.26
501549,2024-03-10,SKU1032,WH_SOUTH,23,2757.64,0.0,No,63425.72
501552,2024-03-10,SKU1038,WH_WEST,24,1639.79,0.0,Yes,39354.96
501544,2024-03-10,SKU1025,WH_WEST,7,1880.05,10.0,No,11844.32
501551,2024-03-10,SKU1037,WH_SOUTH,11,2206.93,0.0,No,24276.23
501543,2024-03-10,SKU1022,WH_WEST,6,278.9,0.0,No,1673.4
501553,2024-03-10,SKU1039,WH_NORTH,29,222.44,5.0,Yes,6128.22
501532,2024-03-10,SKU1003,WH_SOUTH,6,21674.48,0.0,No,130046.88
501539,2024-03-10,SKU1016,WH_SOUTH,13,497.81,0.0,No,6471.53
501540,2024-03-10,SKU1019,WH_NORTH,10,1767.95,5.0,No,16795.52
501533,2024-03-10,SKU1004,WH_WEST,9,661.52,10.0,Yes,5358.31
501545,2024-03-10,SKU1028,WH_WEST,11,716.34,0.0,No,7879.74
501534,2024-03-10,SKU1005,WH_NORTH,6,23473.03,5.0,No,133796.27
501530,2024-03-10,SKU1001,WH_SOUTH,6,19525.32,5.0,No,111294.32
501547,2024-03-10,SKU1030,WH_NORTH,38,2402.0,0.0,Yes,91276.0
501538,2024-03-10,SKU1014,WH_SOUTH,9,1248.44,0.0,No,11235.96
501550,2024-03-10,SKU1036,WH_SOUTH,18,2919.38,0.0,No,52548.84
501529,2024-03-10,SKU1000,WH_WEST,7,9457.32,0.0,Yes,66201.24
501536,2024-03-10,SKU1008,WH_WEST,5,7387.04,0.0,No,36935.2
501541,2024-03-10,SKU1020,WH_NORTH,7,2359.13,0.0,No,16513.91
501542,2024-03-10,SKU1021,WH_SOUTH,6,2700.26,10.0,No,14581.4
501531,2024-03-10,SKU1002,WH_NORTH,6,4026.46,0.0,No,24158.76
501535,2024-03-10,SKU1006,WH_WEST,6,4707.6,5.0,No,26833.32
501546,2024-03-10,SKU1029,WH_NORTH,5,716.7,0.0,No,3583.5
501548,2024-03-10,SKU1031,WH_NORTH,16,2789.96,0.0,No,44639.36
501537,2024-03-10,SKU1011,WH_WEST,5,282.38,0.0,No,1411.9
501572,2024-03-11,SKU1029,WH_SOUTH,7,716.7,0.0,No,5016.9
501576,2024-03-11,SKU1036,WH_WEST,21,2919.38,5.0,Yes,58241.63
501560,2024-03-11,SKU1010,WH_WEST,4,1240.02,0.0,No,4960.08
501561,2024-03-11,SKU1011,WH_WEST,11,282.38,15.0,No,2640.25
501566,2024-03-11,SKU1018,WH_NORTH,12,2038.19,10.0,No,22012.45
501568,2024-03-11,SKU1021,WH_SOUTH,4,2700.26,0.0,No,10801.04
501574,2024-03-11,SKU1031,WH_NORTH,11,2789.96,0.0,No,30689.56
501575,2024-03-11,SKU1032,WH_NORTH,38,2757.64,0.0,Yes,104790.32
501563,2024-03-11,SKU1013,WH_SOUTH,10,2835.28,10.0,No,25517.52
501564,2024-03-11,SKU1014,WH_NORTH,13,1248.44,0.0,No,16229.72
501571,2024-03-11,SKU1025,WH_WEST,5,1880.05,0.0,No,9400.25
501565,2024-03-11,SKU1017,WH_SOUTH,13,2741.56,0.0,Yes,35640.28
501559,2024-03-11,SKU1008,WH_NORTH,4,7387.04,10.0,No,26593.34
501556,2024-03-11,SKU1003,WH_NORTH,3,21674.48,0.0,No,65023.44
501569,2024-03-11,SKU1022,WH_NORTH,6,278.9,0.0,No,1673.4
501554,2024-03-11,SKU1001,WH_NORTH,6,19525.32,0.0,Yes,117151.92
501567,2024-03-11,SKU1020,WH_WEST,11,2359.13,10.0,Yes,23355.39
501570,2024-03-11,SKU1024,WH_WEST,6,1822.24,10.0,No,9840.1
501557,2024-03-11,SKU1004,WH_NORTH,4,661.52,5.0,No,2513.78
501562,2024-03-11,SKU1012,WH_SOUTH,7,1433.92,20.0,No,8029.95
501573,2024-03-11,SKU1030,WH_WEST,17,2402.0,15.0,No,34708.9
501555,2024-03-11,SKU1002,WH_WEST,4,4026.46,5.0,No,15300.55
501558,2024-03-11,SKU1005,WH_NORTH,3,23473.03,20.0,No,56335.27
501578,2024-03-12,SKU1001,WH_SOUTH,4,19525.32,15.0,No,66386.09
501581,2024-03-12,SKU1006,WH_SOUTH,4,4707.6,5.0,No,17888.88
501582,2024-03-12,SKU1007,WH_NORTH,5,13190.2,15.0,No,56058.35
501580,2024-03-12,SKU1003,WH_SOUTH,4,21674.48,10.0,No,78028.13
501592,2024-03-12,SKU1027,WH_SOUTH,4,194.56,0.0,No,778.24
501597,2024-03-12,SKU1039,WH_SOUTH,17,222.44,10.0,No,3403.33
501590,2024-03-12,SKU1023,WH_NORTH,8,1257.73,5.0,No,9558.75
501586,2024-03-12,SKU1013,WH_NORTH,8,2835.28,10.0,No,20414.02
501589,2024-03-12,SKU1021,WH_SOUTH,9,2700.26,0.0,Yes,24302.34
501594,2024-03-12,SKU1031,WH_NORTH,23,2789.96,15.0,Yes,54543.72
501585,2024-03-12,SKU1012,WH_NORTH,12,1433.92,0.0,No,17207.04
501595,2024-03-12,SKU1034,WH_NORTH,15,2229.38,0.0,No,33440.7
501583,2024-03-12,SKU1010,WH_WEST,4,1240.02,0.0,No,4960.08
501579,2024-03-12,SKU1002,WH_NORTH,5,4026.46,0.0,No,20132.3
501593,2024-03-12,SKU1029,WH_SOUTH,8,716.7,0.0,No,5733.6
501591,2024-03-12,SKU1024,WH_SOUTH,11,1822.24,15.0,Yes,17037.94
501577,2024-03-12,SKU1000,WH_WEST,6,9457.32,0.0,Yes,56743.92
501588,2024-03-12,SKU1017,WH_NORTH,9,2741.56,0.0,No,24674.04
501587,2024-03-12,SKU1014,WH_SOUTH,9,1248.44,0.0,No,11235.96
501584,2024-03-12,SKU1011,WH_SOUTH,6,282.38,5.0,No,1609.57
501596,2024-03-12,SKU1036,WH_SOUTH,10,2919.38,5.0,No,27734.11
501599,2024-03-13,SKU1006,WH_NORTH,5,4707.6,10.0,Yes,21184.2
501612,2024-03-13,SKU1031,WH_NORTH,11,2789.96,0.0,No,30689.56
501598,2024-03-13,SKU1001,WH_SOUTH,3,19525.32,0.0,No,58575.96
501614,2024-03-13,SKU1033,WH_NORTH,11,1093.06,0.0,No,12023.66
501606,2024-03-13,SKU1016,WH_WEST,10,497.81,5.0,No,4729.2
501608,2024-03-13,SKU1022,WH_WEST,7,278.9,0.0,No,1952.3
501600,2024-03-13,SKU1007,WH_SOUTH,3,13190.2,10.0,No,35613.54
501603,2024-03-13,SKU1010,WH_SOUTH,8,1240.02,0.0,No,9920.16
501601,2024-03-13,SKU1008,WH_SOUTH,3,7387.04,0.0,No,22161.12
501602,2024-03-13,SKU1009,WH_WEST,4,1309.64,10.0,No,4714.7
501607,2024-03-13,SKU1018,WH_WEST,8,2038.19,0.0,No,16305.52
501610,2024-03-13,SKU1025,WH_WEST,5,1880.05,0.0,No,9400.25
501605,2024-03-13,SKU1013,WH_NORTH,8,2835.28,0.0,No,22682.24
501609,2024-03-13,SKU1023,WH_WEST,5,1257.73,15.0,No,5345.35
501615,2024-03-13,SKU1034,WH_WEST,24,2229.38,0.0,Yes,53505.12
501617,2024-03-13,SKU1038,WH_NORTH,10,1639.79,0.0,No,16397.9
501604,2024-03-13,SKU1011,WH_SOUTH,6,282.38,0.0,No,1694.28
501611,2024-03-13,SKU1030,WH_WEST,8,2402.0,0.0,No,19216.0
501613,2024-03-13,SKU1032,WH_WEST,23,2757.64,0.0,No,63425.72
501616,2024-03-13,SKU1035,WH_SOUTH,14,1749.54,10.0,No,22044.2
501630,2024-03-14,SKU1029,WH_WEST,12,716.7,0.0,Yes,8600.4
501635,2024-03-14,SKU1037,WH_SOUTH,8,2206.93,10.0,No,15889.9
501636,2024-03-14,SKU1038,WH_NORTH,26,1639.79,0.0,No,42634.54
501620,2024-03-14,SKU1012,WH_WEST,10,1433.92,0.0,No,14339.2
501621,2024-03-14,SKU1013,WH_NORTH,12,2835.28,20.0,No,27218.69
501624,2024-03-14,SKU1016,WH_SOUTH,7,497.81,0.0,No,3484.67
501629,2024-03-14,SKU1026,WH_NORTH,5,994.38,0.0,No,4971.9
501626,2024-03-14,SKU1019,WH_SOUTH,8,1767.95,5.0,No,13436.42
501634,2024-03-14,SKU1036,WH_SOUTH,12,2919.38,20.0,No,28026.05
501628,2024-03-14,SKU1025,WH_SOUTH,4,1880.05,15.0,No,6392.17
501618,2024-03-14,SKU1003,WH_WEST,4,21674.48,5.0,No,82363.02
501619,2024-03-14,SKU1008,WH_WEST,3,7387.04,0.0,No,22161.12
501622,2024-03-14,SKU1014,WH_SOUTH,10,1248.44,0.0,No,12484.4
501633,2024-03-14,SKU1034,WH_WEST,19,2229.38,0.0,No,42358.22
501632,2024-03-14,SKU1032,WH_SOUTH,37,2757.64,15.0,Yes,86727.78
501623,2024-03-14,SKU1015,WH_WEST,4,808.05,20.0,No,2585.76
501631,2024-03-14,SKU1031,WH_SOUTH,15,2789.96,15.0,No,35571.99
501627,2024-03-14,SKU1024,WH_NORTH,3,1822.24,0.0,No,5466.72
501625,2024-03-14,SKU1018,WH_WEST,15,2038.19,5.0,Yes,29044.21
501659,2024-03-15,SKU1035,WH_SOUTH,15,1749.54,0.0,No,26243.1
501640,2024-03-15,SKU1007,WH_NORTH,6,13190.2,0.0,Yes,79141.2
501660,2024-03-15,SKU1036,WH_NORTH,15,2919.38,0.0,No,43790.7
501652,2024-03-15,SKU1025,WH_WEST,7,1880.05,0.0,No,13160.35
501653,2024-03-15,SKU1026,WH_NORTH,3,994.38,10.0,No,2684.83
501641,2024-03-15,SKU1008,WH_SOUTH,4,7387.04,5.0,No,28070.75
501647,2024-03-15,SKU1019,WH_SOUTH,5,1767.95,10.0,No,7955.78
501654,2024-03-15,SKU1027,WH_WEST,6,194.56,10.0,No,1050.62
501661,2024-03-15,SKU1037,WH_NORTH,20,2206.93,5.0,No,41931.67
501657,2024-03-15,SKU1031,WH_WEST,12,2789.96,15.0,No,28457.59
501649,2024-03-15,SKU1021,WH_NORTH,4,2700.26,5.0,No,10260.99
501656,2024-03-15,SKU1030,WH_NORTH,19,2402.0,5.0,No,43356.1
501643,2024-03-15,SKU1013,WH_NORTH,4,2835.28,5.0,No,10774.06
501658,2024-03-15,SKU1032,WH_SOUTH,19,2757.64,10.0,Yes,47155.64
501645,2024-03-15,SKU1016,WH_WEST,11,497.81,15.0,No,4654.52
501650,2024-03-15,SKU1022,WH_SOUTH,7,278.9,10.0,No,1757.07
501646,2024-03-15,SKU1018,WH_SOUTH,8,2038.19,10.0,No,14674.97
501648,2024-03-15,SKU1020,WH_NORTH,6,2359.13,0.0,No,14154.78
501637,2024-03-15,SKU1001,WH_NORTH,4,19525.32,5.0,No,74196.22
501655,2024-03-15,SKU1029,WH_SOUTH,8,716.7,0.0,No,5733.6
501644,2024-03-15,SKU1014,WH_SOUTH,6,1248.44,0.0,No,7490.64
501651,2024-03-15,SKU1024,WH_SOUTH,6,1822.24,0.0,No,10933.44
501638,2024-03-15,SKU1002,WH_SOUTH,2,4026.46,0.0,No,8052.92
501639,2024-03-15,SKU1006,WH_WEST,5,4707.6,15.0,No,20007.3
501642,2024-03-15,SKU1011,WH_NORTH,11,282.38,0.0,No,3106.18
501671,2024-03-16,SKU1016,WH_NORTH,13,497.81,0.0,No,6471.53
501673,2024-03-16,SKU1021,WH_SOUTH,5,2700.26,5.0,No,12826.24
501681,2024-03-16,SKU1036,WH_SOUTH,13,2919.38,15.0,No,32259.15
501680,2024-03-16,SKU1034,WH_SOUTH,19,2229.38,15.0,No,36004.49
501678,2024-03-16,SKU1030,WH_WEST,19,2402.0,15.0,No,38792.3
501664,2024-03-16,SKU1002,WH_NORTH,6,4026.46,0.0,Yes,24158.76
501668,2024-03-16,SKU1010,WH_WEST,4,1240.02,0.0,No,4960.08
501662,2024-03-16,SKU1000,WH_NORTH,4,9457.32,0.0,No,37829.28
501667,2024-03-16,SKU1009,WH_SOUTH,3,1309.64,10.0,No,3536.03
501665,2024-03-16,SKU1005,WH_NORTH,5,23473.03,0.0,No,117365.15
501674,2024-03-16,SKU1022,WH_SOUTH,5,278.9,0.0,No,1394.5
501679,2024-03-16,SKU1033,WH_WEST,20,1093.06,5.0,No,20768.14
501666,2024-03-16,SKU1007,WH_WEST,6,13190.2,0.0,Yes,79141.2
501683,2024-03-16,SKU1039,WH_NORTH,22,222.44,0.0,No,4893.68
501672,2024-03-16,SKU1018,WH_WEST,17,2038.19,5.0,Yes,32916.77
501676,2024-03-16,SKU1024,WH_NORTH,8,1822.24,0.0,No,14577.92
501677,2024-03-16,SKU1025,WH_SOUTH,8,1880.05,0.0,No,15040.4
501682,2024-03-16,SKU1038,WH_NORTH,28,1639.79,0.0,No,45914.12
501669,2024-03-16,SKU1011,WH_NORTH,16,282.38,0.0,No,4518.08
501675,2024-03-16,SKU1023,WH_SOUTH,6,1257.73,10.0,No,6791.74
501663,2024-03-16,SKU1001,WH_SOUTH,3,19525.32,10.0,No,52718.36
501670,2024-03-16,SKU1015,WH_NORTH,10,808.05,15.0,No,6868.42
501696,2024-03-17,SKU1024,WH_SOUTH,8,1822.24,0.0,No,14577.92
501706,2024-03-17,SKU1039,WH_WEST,25,222.44,10.0,No,5004.9
501684,2024-03-17,SKU1004,WH_SOUTH,5,661.52,0.0,No,3307.6
501699,2024-03-17,SKU1028,WH_WEST,5,716.34,0.0,No,3581.7
501686,2024-03-17,SKU1007,WH_WEST,4,13190.2,0.0,No,52760.8
501693,2024-03-17,SKU1021,WH_SOUTH,15,2700.26,15.0,Yes,34428.32
501691,2024-03-17,SKU1018,WH_WEST,10,2038.19,5.0,No,19362.8
501692,2024-03-17,SKU1019,WH_WEST,11,1767.95,0.0,Yes,19447.45
501700,2024-03-17,SKU1030,WH_NORTH,17,2402.0,0.0,No,40834.0
501698,2024-03-17,SKU1027,WH_WEST,9,194.56,20.0,No,1400.83
501703,2024-03-17,SKU1035,WH_WEST,21,1749.54,0.0,No,36740.34
501688,2024-03-17,SKU1015,WH_WEST,13,808.05,0.0,No,10504.65
501704,2024-03-17,SKU1036,WH_SOUTH,23,2919.38,0.0,No,67145.74
501689,2024-03-17,SKU1016,WH_WEST,9,497.81,20.0,No,3584.23
501690,2024-03-17,SKU1017,WH_WEST,15,2741.56,15.0,No,34954.89
501695,2024-03-17,SKU1023,WH_WEST,9,1257.73,0.0,No,11319.57
501705,2024-03-17,SKU1038,WH_NORTH,19,1639.79,0.0,No,31156.01
501685,2024-03-17,SKU1005,WH_WEST,5,23473.03,0.0,No,117365.15
501702,2024-03-17,SKU1033,WH_SOUTH,19,1093.06,0.0,No,20768.14
501697,2024-03-17,SKU1025,WH_NORTH,6,1880.05,0.0,No,11280.3
501687,2024-03-17,SKU1008,WH_SOUTH,7,7387.04,0.0,No,51709.28
501694,2024-03-17,SKU1022,WH_SOUTH,5,278.9,10.0,No,1255.05
501701,2024-03-17,SKU1032,WH_WEST,21,2757.64,20.0,No,46328.35
501716,2024-03-18,SKU1017,WH_WEST,6,2741.56,5.0,No,15626.89
501722,2024-03-18,SKU1026,WH_WEST,7,994.38,15.0,No,5916.56
501708,2024-03-18,SKU1003,WH_SOUTH,2,21674.48,10.0,No,39014.06
501712,2024-03-18,SKU1011,WH_SOUTH,6,282.38,10.0,No,1524.85
501710,2024-03-18,SKU1007,WH_NORTH,3,13190.2,0.0,No,39570.6
501711,2024-03-18,SKU1009,WH_WEST,5,1309.64,0.0,No,6548.2
501726,2024-03-18,SKU1032,WH_WEST,27,2757.64,0.0,Yes,74456.28
501719,2024-03-18,SKU1023,WH_SOUTH,5,1257.73,15.0,No,5345.35
501723,2024-03-18,SKU1027,WH_NORTH,6,194.56,15.0,No,992.26
501727,2024-03-18,SKU1034,WH_NORTH,6,2229.38,5.0,No,12707.47
501707,2024-03-18,SKU1000,WH_NORTH,4,9457.32,5.0,No,35937.82
501730,2024-03-18,SKU1039,WH_NORTH,18,222.44,0.0,No,4003.92
501728,2024-03-18,SKU1036,WH_SOUTH,17,2919.38,0.0,No,49629.46
501721,2024-03-18,SKU1025,WH_NORTH,6,1880.05,5.0,No,10716.28
501714,2024-03-18,SKU1013,WH_WEST,7,2835.28,0.0,No,19846.96
501715,2024-03-18,SKU1014,WH_NORTH,7,1248.44,0.0,No,8739.08
501718,2024-03-18,SKU1021,WH_NORTH,8,2700.26,0.0,No,21602.08
501713,2024-03-18,SKU1012,WH_WEST,10,1433.92,10.0,No,12905.28
501724,2024-03-18,SKU1028,WH_WEST,8,716.34,5.0,No,5444.18
501709,2024-03-18,SKU1004,WH_SOUTH,4,661.52,10.0,No,2381.47
501717,2024-03-18,SKU1020,WH_SOUTH,7,2359.13,10.0,No,14862.52
501720,2024-03-18,SKU1024,WH_SOUTH,6,1822.24,0.0,No,10933.44
501725,2024-03-18,SKU1030,WH_SOUTH,12,2402.0,5.0,No,27382.8
501729,2024-03-18,SKU1037,WH_SOUTH,24,2206.93,0.0,Yes,52966.32
501750,2024-03-19,SKU1033,WH_NORTH,9,1093.06,0.0,No,9837.54
501751,2024-03-19,SKU1034,WH_WEST,10,2229.38,20.0,No,17835.04
501741,2024-03-19,SKU1018,WH_NORTH,12,2038.19,5.0,Yes,23235.37
501746,2024-03-19,SKU1024,WH_SOUTH,5,1822.24,5.0,No,8655.64
501745,2024-03-19,SKU1023,WH_WEST,7,1257.73,0.0,No,8804.11
501754,2024-03-19,SKU1039,WH_WEST,37,222.44,0.0,Yes,8230.28
501736,2024-03-19,SKU1011,WH_WEST,9,282.38,10.0,No,2287.28
501743,2024-03-19,SKU1020,WH_WEST,5,2359.13,0.0,No,11795.65
501747,2024-03-19,SKU1025,WH_NORTH,6,1880.05,5.0,No,10716.28
501742,2024-03-19,SKU1019,WH_WEST,5,1767.95,15.0,No,7513.79
501735,2024-03-19,SKU1010,WH_NORTH,5,1240.02,5.0,No,5890.1
501738,2024-03-19,SKU1013,WH_NORTH,7,2835.28,0.0,No,19846.96
501734,2024-03-19,SKU1009,WH_WEST,3,1309.64,0.0,No,3928.92
501733,2024-03-19,SKU1007,WH_SOUTH,5,13190.2,0.0,No,65951.0
501744,2024-03-19,SKU1021,WH_NORTH,6,2700.26,15.0,No,13771.33
501752,2024-03-19,SKU1036,WH_SOUTH,16,2919.38,0.0,No,46710.08
501749,2024-03-19,SKU1030,WH_WEST,16,2402.0,15.0,No,32667.2
501737,2024-03-19,SKU1012,WH_NORTH,5,1433.92,0.0,No,7169.6
501748,2024-03-19,SKU1029,WH_SOUTH,5,716.7,15.0,No,3045.98
501732,2024-03-19,SKU1002,WH_SOUTH,2,4026.46,0.0,No,8052.92
501753,2024-03-19,SKU1038,WH_SOUTH,24,1639.79,0.0,Yes,39354.96
501731,2024-03-19,SKU1001,WH_SOUTH,5,19525.32,0.0,No,97626.6
501740,2024-03-19,SKU1017,WH_NORTH,6,2741.56,0.0,No,16449.36
501739,2024-03-19,SKU1016,WH_WEST,11,497.81,15.0,No,4654.52
501777,2024-03-20,SKU1036,WH_SOUTH,23,2919.38,0.0,No,67145.74
501758,2024-03-20,SKU1006,WH_SOUTH,3,4707.6,0.0,No,14122.8
501778,2024-03-20,SKU1037,WH_WEST,21,2206.93,0.0,No,46345.53
501774,2024-03-20,SKU1033,WH_WEST,14,1093.06,20.0,No,12242.27
501759,2024-03-20,SKU1007,WH_WEST,4,13190.2,0.0,No,52760.8
501760,2024-03-20,SKU1008,WH_WEST,3,7387.04,0.0,No,22161.12
501762,2024-03-20,SKU1012,WH_NORTH,7,1433.92,0.0,No,10037.44
501756,2024-03-20,SKU1002,WH_WEST,3,4026.46,0.0,No,12079.38
501775,2024-03-20,SKU1034,WH_WEST,7,2229.38,0.0,No,15605.66
501770,2024-03-20,SKU1027,WH_NORTH,7,194.56,5.0,No,1293.82
501765,2024-03-20,SKU1019,WH_NORTH,13,1767.95,0.0,Yes,22983.35
501766,2024-03-20,SKU1020,WH_NORTH,5,2359.13,5.0,No,11205.87
501764,2024-03-20,SKU1017,WH_SOUTH,8,2741.56,20.0,No,17545.98
501776,2024-03-20,SKU1035,WH_WEST,15,1749.54,5.0,No,24930.94
501757,2024-03-20,SKU1005,WH_NORTH,4,23473.03,0.0,No,93892.12
501773,2024-03-20,SKU1031,WH_NORTH,16,2789.96,0.0,No,44639.36
501769,2024-03-20,SKU1024,WH_WEST,7,1822.24,0.0,No,12755.68
501771,2024-03-20,SKU1028,WH_WEST,6,716.34,10.0,No,3868.24
501761,2024-03-20,SKU1011,WH_NORTH,8,282.38,0.0,No,2259.04
501772,2024-03-20,SKU1030,WH_SOUTH,18,2402.0,5.0,No,41074.2
501763,2024-03-20,SKU1013,WH_NORTH,11,2835.28,10.0,No,28069.27
501768,2024-03-20,SKU1023,WH_WEST,3,1257.73,10.0,No,3395.87
501767,2024-03-20,SKU1022,WH_WEST,14,278.9,15.0,Yes,3318.91
501755,2024-03-20,SKU1001,WH_WEST,5,19525.32,0.0,Yes,97626.6
501786,2024-03-21,SKU1012,WH_WEST,10,1433.92,5.0,No,13622.24
501794,2024-03-21,SKU1025,WH_SOUTH,6,1880.05,0.0,No,11280.3
501789,2024-03-21,SKU1015,WH_SOUTH,9,808.05,0.0,No,7272.45
501788,2024-03-21,SKU1014,WH_NORTH,5,1248.44,0.0,No,6242.2
501779,2024-03-21,SKU1000,WH_NORTH,4,9457.32,5.0,No,35937.82
501790,2024-03-21,SKU1016,WH_SOUTH,7,497.81,10.0,No,3136.2
501781,2024-03-21,SKU1005,WH_NORTH,5,23473.03,15.0,No,99760.38
501800,2024-03-21,SKU1032,WH_SOUTH,19,2757.64,0.0,No,52395.16
501797,2024-03-21,SKU1028,WH_WEST,3,716.34,0.0,No,2149.02
501792,2024-03-21,SKU1020,WH_SOUTH,5,2359.13,0.0,No,11795.65
501787,2024-03-21,SKU1013,WH_NORTH,8,2835.28,15.0,No,19279.9
501802,2024-03-21,SKU1038,WH_WEST,18,1639.79,0.0,No,29516.22
501801,2024-03-21,SKU1037,WH_WEST,16,2206.93,0.0,No,35310.88
501798,2024-03-21,SKU1029,WH_SOUTH,6,716.7,0.0,No,4300.2
501795,2024-03-21,SKU1026,WH_WEST,7,994.38,0.0,No,6960.66
501782,2024-03-21,SKU1008,WH_WEST,4,7387.04,0.0,Yes,29548.16
501793,2024-03-21,SKU1022,WH_SOUTH,7,278.9,10.0,No,1757.07
501799,2024-03-21,SKU1030,WH_WEST,16,2402.0,15.0,Yes,32667.2
501780,2024-03-21,SKU1003,WH_WEST,4,21674.48,0.0,Yes,86697.92
501783,2024-03-21,SKU1009,WH_SOUTH,3,1309.64,0.0,No,3928.92
501791,2024-03-21,SKU1019,WH_WEST,8,1767.95,0.0,No,14143.6
501784,2024-03-21,SKU1010,WH_SOUTH,10,1240.02,0.0,No,12400.2
501796,2024-03-21,SKU1027,WH_WEST,6,194.56,5.0,No,1108.99
501785,2024-03-21,SKU1011,WH_WEST,6,282.38,10.0,No,1524.85
501803,2024-03-21,SKU1039,WH_NORTH,12,222.44,0.0,No,2669.28
501827,2024-03-22,SKU1039,WH_WEST,9,222.44,5.0,No,1901.86
501826,2024-03-22,SKU1036,WH_WEST,18,2919.38,0.0,No,52548.84
501822,2024-03-22,SKU1030,WH_NORTH,17,2402.0,0.0,No,40834.0
501817,2024-03-22,SKU1019,WH_SOUTH,12,1767.95,10.0,No,19093.86
501821,2024-03-22,SKU1028,WH_SOUTH,6,716.34,0.0,No,4298.04
501816,2024-03-22,SKU1017,WH_NORTH,14,2741.56,10.0,Yes,34543.66
501809,2024-03-22,SKU1006,WH_WEST,2,4707.6,0.0,No,9415.2
501824,2024-03-22,SKU1033,WH_WEST,34,1093.06,0.0,Yes,37164.04
501813,2024-03-22,SKU1013,WH_SOUTH,12,2835.28,10.0,No,30621.02
501823,2024-03-22,SKU1031,WH_NORTH,10,2789.96,15.0,No,23714.66
501810,2024-03-22,SKU1008,WH_WEST,4,7387.04,10.0,No,26593.34
501804,2024-03-22,SKU1000,WH_NORTH,4,9457.32,0.0,No,37829.28
501825,2024-03-22,SKU1035,WH_NORTH,11,1749.54,10.0,No,17320.45
501808,2024-03-22,SKU1005,WH_NORTH,7,23473.03,0.0,Yes,164311.21
501820,2024-03-22,SKU1027,WH_WEST,5,194.56,0.0,No,972.8
501814,2024-03-22,SKU1014,WH_SOUTH,6,1248.44,0.0,No,7490.64
501812,2024-03-22,SKU1011,WH_WEST,5,282.38,0.0,No,1411.9
501819,2024-03-22,SKU1024,WH_WEST,7,1822.24,20.0,No,10204.54
501806,2024-03-22,SKU1002,WH_WEST,5,4026.46,0.0,No,20132.3
501807,2024-03-22,SKU1003,WH_SOUTH,5,21674.48,10.0,No,97535.16
501811,2024-03-22,SKU1009,WH_WEST,3,1309.64,5.0,No,3732.47
501805,2024-03-22,SKU1001,WH_SOUTH,3,19525.32,15.0,No,49789.57
501818,2024-03-22,SKU1020,WH_NORTH,8,2359.13,0.0,No,18873.04
501815,2024-03-22,SKU1016,WH_WEST,5,497.81,0.0,No,2489.05
501834,2024-03-23,SKU1016,WH_WEST,11,497.81,0.0,No,5475.91
501829,2024-03-23,SKU1006,WH_NORTH,5,4707.6,0.0,No,23538.0
501838,2024-03-23,SKU1020,WH_SOUTH,9,2359.13,10.0,No,19108.95
501833,2024-03-23,SKU1015,WH_WEST,12,808.05,0.0,No,9696.6
501828,2024-03-23,SKU1000,WH_NORTH,7,9457.32,5.0,No,62891.18
501841,2024-03-23,SKU1023,WH_SOUTH,8,1257.73,0.0,Yes,10061.84
501845,2024-03-23,SKU1029,WH_WEST,7,716.7,15.0,No,4264.37
501839,2024-03-23,SKU1021,WH_SOUTH,8,2700.26,0.0,No,21602.08
501840,2024-03-23,SKU1022,WH_SOUTH,5,278.9,0.0,No,1394.5
501835,2024-03-23,SKU1017,WH_WEST,10,2741.56,0.0,No,27415.6
501847,2024-03-23,SKU1032,WH_WEST,20,2757.64,0.0,No,55152.8
501844,2024-03-23,SKU1028,WH_SOUTH,7,716.34,10.0,No,4512.94
501852,2024-03-23,SKU1038,WH_NORTH,14,1639.79,15.0,Yes,19513.5
501848,2024-03-23,SKU1034,WH_SOUTH,20,2229.38,0.0,No,44587.6
501850,2024-03-23,SKU1036,WH_WEST,16,2919.38,15.0,No,39703.57
501830,2024-03-23,SKU1009,WH_NORTH,5,1309.64,0.0,No,6548.2
501831,2024-03-23,SKU1010,WH_SOUTH,12,1240.02,0.0,No,14880.24
501832,2024-03-23,SKU1013,WH_SOUTH,12,2835.28,0.0,No,34023.36
501843,2024-03-23,SKU1026,WH_WEST,10,994.38,15.0,No,8452.23
501837,2024-03-23,SKU1019,WH_WEST,18,1767.95,0.0,Yes,31823.1
501849,2024-03-23,SKU1035,WH_SOUTH,29,1749.54,15.0,Yes,43126.16
501836,2024-03-23,SKU1018,WH_NORTH,14,2038.19,0.0,No,28534.66
501842,2024-03-23,SKU1025,WH_WEST,8,1880.05,0.0,No,15040.4
501846,2024-03-23,SKU1030,WH_SOUTH,19,2402.0,10.0,No,41074.2
501851,2024-03-23,SKU1037,WH_SOUTH,25,2206.93,0.0,No,55173.25
501854,2024-03-24,SKU1003,WH_NORTH,6,21674.48,0.0,No,130046.88
501865,2024-03-24,SKU1014,WH_NORTH,7,1248.44,0.0,No,8739.08
501859,2024-03-24,SKU1008,WH_SOUTH,3,7387.04,20.0,No,17728.9
501869,2024-03-24,SKU1021,WH_WEST,16,2700.26,0.0,Yes,43204.16
501853,2024-03-24,SKU1001,WH_WEST,9,19525.32,10.0,No,158155.09
501860,2024-03-24,SKU1009,WH_WEST,2,1309.64,15.0,No,2226.39
501861,2024-03-24,SKU1010,WH_SOUTH,13,1240.02,10.0,No,14508.23
501870,2024-03-24,SKU1022,WH_NORTH,11,278.9,5.0,No,2914.5
501867,2024-03-24,SKU1019,WH_NORTH,9,1767.95,15.0,No,13524.82
501857,2024-03-24,SKU1006,WH_SOUTH,5,4707.6,10.0,No,21184.2
501879,2024-03-24,SKU1039,WH_SOUTH,24,222.44,5.0,No,5071.63
501877,2024-03-24,SKU1035,WH_NORTH,16,1749.54,0.0,No,27992.64
501875,2024-03-24,SKU1033,WH_NORTH,24,1093.06,0.0,Yes,26233.44
501862,2024-03-24,SKU1011,WH_WEST,10,282.38,0.0,No,2823.8
501868,2024-03-24,SKU1020,WH_SOUTH,4,2359.13,10.0,No,8492.87
501864,2024-03-24,SKU1013,WH_NORTH,10,2835.28,0.0,No,28352.8
501855,2024-03-24,SKU1004,WH_WEST,5,661.52,0.0,No,3307.6
501858,2024-03-24,SKU1007,WH_SOUTH,6,13190.2,0.0,No,79141.2
501866,2024-03-24,SKU1017,WH_SOUTH,7,2741.56,0.0,No,19190.92
501873,2024-03-24,SKU1028,WH_WEST,5,716.34,10.0,No,3223.53
501878,2024-03-24,SKU1036,WH_WEST,24,2919.38,10.0,No,63058.61
501863,2024-03-24,SKU1012,WH_SOUTH,8,1433.92,0.0,No,11471.36
501874,2024-03-24,SKU1031,WH_NORTH,20,2789.96,0.0,No,55799.2
501872,2024-03-24,SKU1027,WH_WEST,12,194.56,10.0,Yes,2101.25
501871,2024-03-24,SKU1024,WH_SOUTH,7,1822.24,0.0,No,12755.68
501876,2024-03-24,SKU1034,WH_NORTH,25,2229.38,0.0,Yes,55734.5
501856,2024-03-24,SKU1005,WH_WEST,6,23473.03,0.0,No,140838.18
501900,2024-03-25,SKU1036,WH_NORTH,11,2919.38,0.0,No,32113.18
501889,2024-03-25,SKU1015,WH_NORTH,8,808.05,0.0,No,6464.4
501884,2024-03-25,SKU1008,WH_WEST,3,7387.04,0.0,No,22161.12
501895,2024-03-25,SKU1025,WH_WEST,8,1880.05,5.0,No,14288.38
501891,2024-03-25,SKU1018,WH_NORTH,9,2038.19,10.0,No,16509.34
501883,2024-03-25,SKU1007,WH_NORTH,5,13190.2,0.0,No,65951.0
501881,2024-03-25,SKU1003,WH_NORTH,3,21674.48,15.0,No,55269.92
501896,2024-03-25,SKU1027,WH_NORTH,5,194.56,10.0,No,875.52
501885,2024-03-25,SKU1011,WH_NORTH,8,282.38,0.0,No,2259.04
501887,2024-03-25,SKU1013,WH_WEST,9,2835.28,0.0,No,25517.52
501890,2024-03-25,SKU1017,WH_NORTH,9,2741.56,0.0,No,24674.04
501894,2024-03-25,SKU1023,WH_WEST,6,1257.73,0.0,No,7546.38
501880,2024-03-25,SKU1002,WH_WEST,4,4026.46,10.0,No,14495.26
501901,2024-03-25,SKU1038,WH_NORTH,20,1639.79,5.0,No,31156.01
501888,2024-03-25,SKU1014,WH_SOUTH,16,1248.44,20.0,Yes,15980.03
501892,2024-03-25,SKU1020,WH_NORTH,6,2359.13,20.0,No,11323.82
501897,2024-03-25,SKU1030,WH_WEST,15,2402.0,20.0,Yes,28824.0
501893,2024-03-25,SKU1021,WH_SOUTH,6,2700.26,15.0,No,13771.33
501882,2024-03-25,SKU1005,WH_WEST,5,23473.03,0.0,No,117365.15
501899,2024-03-25,SKU1035,WH_WEST,23,1749.54,5.0,Yes,38227.45
501886,2024-03-25,SKU1012,WH_NORTH,9,1433.92,0.0,No,12905.28
501902,2024-03-25,SKU1039,WH_WEST,18,222.44,0.0,No,4003.92
501898,2024-03-25,SKU1033,WH_NORTH,32,1093.06,15.0,Yes,29731.23
501915,2024-03-26,SKU1021,WH_SOUTH,6,2700.26,0.0,No,16201.56
501918,2024-03-26,SKU1027,WH_NORTH,7,194.56,0.0,No,1361.92
501903,2024-03-26,SKU1001,WH_NORTH,5,19525.32,15.0,No,82982.61
501924,2024-03-26,SKU1036,WH_SOUTH,11,2919.38,0.0,No,32113.18
501919,2024-03-26,SKU1028,WH_NORTH,5,716.34,10.0,No,3223.53
501907,2024-03-26,SKU1006,WH_SOUTH,7,4707.6,0.0,Yes,32953.2
501908,2024-03-26,SKU1010,WH_SOUTH,6,1240.02,5.0,No,7068.11
501916,2024-03-26,SKU1024,WH_SOUTH,8,1822.24,20.0,No,11662.34
501910,2024-03-26,SKU1013,WH_NORTH,9,2835.28,0.0,No,25517.52
501911,2024-03-26,SKU1015,WH_NORTH,10,808.05,10.0,No,7272.45
501906,2024-03-26,SKU1004,WH_WEST,8,661.52,0.0,Yes,5292.16
501909,2024-03-26,SKU1012,WH_WEST,12,1433.92,0.0,No,17207.04
501914,2024-03-26,SKU1020,WH_NORTH,7,2359.13,15.0,No,14036.82
501905,2024-03-26,SKU1003,WH_WEST,3,21674.48,20.0,No,52018.75
501904,2024-03-26,SKU1002,WH_SOUTH,5,4026.46,0.0,No,20132.3
501912,2024-03-26,SKU1016,WH_NORTH,15,497.81,0.0,Yes,7467.15
501917,2024-03-26,SKU1025,WH_NORTH,5,1880.05,0.0,Yes,9400.25
501923,2024-03-26,SKU1035,WH_NORTH,16,1749.54,15.0,No,23793.74
501925,2024-03-26,SKU1038,WH_SOUTH,14,1639.79,10.0,No,20661.35
501920,2024-03-26,SKU1029,WH_SOUTH,4,716.7,5.0,No,2723.46
501921,2024-03-26,SKU1030,WH_WEST,18,2402.0,0.0,No,43236.0
501922,2024-03-26,SKU1032,WH_SOUTH,18,2757.64,5.0,No,47155.64
501913,2024-03-26,SKU1019,WH_NORTH,16,1767.95,0.0,Yes,28287.2
501930,2024-03-27,SKU1008,WH_WEST,4,7387.04,15.0,No,25115.94
501931,2024-03-27,SKU1011,WH_NORTH,8,282.38,10.0,No,2033.14
501938,2024-03-27,SKU1027,WH_WEST,16,194.56,5.0,No,2957.31
501937,2024-03-27,SKU1026,WH_SOUTH,6,994.38,0.0,Yes,5966.28
501929,2024-03-27,SKU1007,WH_WEST,4,13190.2,5.0,No,50122.76
501940,2024-03-27,SKU1029,WH_NORTH,8,716.7,5.0,No,5446.92
501935,2024-03-27,SKU1022,WH_SOUTH,7,278.9,0.0,No,1952.3
501932,2024-03-27,SKU1013,WH_WEST,9,2835.28,0.0,No,25517.52
501944,2024-03-27,SKU1038,WH_SOUTH,15,1639.79,5.0,No,23367.01
501942,2024-03-27,SKU1032,WH_NORTH,16,2757.64,0.0,No,44122.24
501933,2024-03-27,SKU1016,WH_NORTH,8,497.81,0.0,No,3982.48
501936,2024-03-27,SKU1023,WH_SOUTH,5,1257.73,0.0,No,6288.65
501943,2024-03-27,SKU1034,WH_WEST,18,2229.38,20.0,No,32103.07
501928,2024-03-27,SKU1006,WH_NORTH,4,4707.6,0.0,No,18830.4
501934,2024-03-27,SKU1017,WH_WEST,7,2741.56,0.0,No,19190.92
501941,2024-03-27,SKU1030,WH_WEST,32,2402.0,0.0,Yes,76864.0
501927,2024-03-27,SKU1003,WH_WEST,3,21674.48,0.0,No,65023.44
501939,2024-03-27,SKU1028,WH_WEST,15,716.34,0.0,Yes,10745.1
501926,2024-03-27,SKU1001,WH_SOUTH,4,19525.32,5.0,No,74196.22
501959,2024-03-28,SKU1030,WH_WEST,23,2402.0,0.0,No,55246.0
501950,2024-03-28,SKU1012,WH_WEST,9,1433.92,15.0,No,10969.49
501954,2024-03-28,SKU1019,WH_NORTH,17,1767.95,0.0,Yes,30055.15
501963,2024-03-28,SKU1038,WH_NORTH,16,1639.79,0.0,No,26236.64
501961,2024-03-28,SKU1035,WH_SOUTH,18,1749.54,0.0,No,31491.72
501949,2024-03-28,SKU1010,WH_NORTH,16,1240.02,5.0,Yes,18848.3
501955,2024-03-28,SKU1022,WH_WEST,6,278.9,10.0,Yes,1506.06
501952,2024-03-28,SKU1016,WH_SOUTH,10,497.81,10.0,No,4480.29
501957,2024-03-28,SKU1027,WH_NORTH,4,194.56,5.0,No,739.33
501946,2024-03-28,SKU1007,WH_SOUTH,2,13190.2,0.0,No,26380.4
501964,2024-03-28,SKU1039,WH_WEST,14,222.44,0.0,No,3114.16
501948,2024-03-28,SKU1009,WH_SOUTH,3,1309.64,0.0,No,3928.92
501958,2024-03-28,SKU1029,WH_SOUTH,6,716.7,20.0,No,3440.16
501953,2024-03-28,SKU1018,WH_NORTH,4,2038.19,10.0,No,7337.48
501960,2024-03-28,SKU1031,WH_SOUTH,14,2789.96,0.0,No,39059.44
501962,2024-03-28,SKU1036,WH_WEST,13,2919.38,0.0,No,37951.94
501945,2024-03-28,SKU1006,WH_SOUTH,4,4707.6,15.0,No,16005.84
501951,2024-03-28,SKU1013,WH_SOUTH,11,2835.28,0.0,Yes,31188.08
501956,2024-03-28,SKU1026,WH_WEST,7,994.38,0.0,No,6960.66
501947,2024-03-28,SKU1008,WH_SOUTH,4,7387.04,0.0,No,29548.16
501985,2024-03-29,SKU1037,WH_SOUTH,17,2206.93,0.0,No,37517.81
501982,2024-03-29,SKU1029,WH_SOUTH,6,716.7,0.0,No,4300.2
501986,2024-03-29,SKU1039,WH_SOUTH,17,222.44,0.0,No,3781.48
501976,2024-03-29,SKU1020,WH_WEST,3,2359.13,0.0,No,7077.39
501984,2024-03-29,SKU1033,WH_SOUTH,29,1093.06,15.0,Yes,26943.93
501980,2024-03-29,SKU1026,WH_SOUTH,3,994.38,0.0,No,2983.14
501966,2024-03-29,SKU1002,WH_WEST,4,4026.46,20.0,No,12884.67
501981,2024-03-29,SKU1028,WH_NORTH,6,716.34,15.0,No,3653.33
501977,2024-03-29,SKU1021,WH_NORTH,11,2700.26,10.0,Yes,26732.57
501967,2024-03-29,SKU1003,WH_NORTH,4,21674.48,10.0,No,78028.13
501969,2024-03-29,SKU1005,WH_SOUTH,3,23473.03,0.0,No,70419.09
501970,2024-03-29,SKU1007,WH_SOUTH,2,13190.2,15.0,No,22423.34
501965,2024-03-29,SKU1001,WH_SOUTH,5,19525.32,15.0,No,82982.61
501978,2024-03-29,SKU1023,WH_NORTH,6,1257.73,10.0,No,6791.74
501971,2024-03-29,SKU1011,WH_WEST,6,282.38,0.0,No,1694.28
501973,2024-03-29,SKU1014,WH_SOUTH,8,1248.44,0.0,No,9987.52
501983,2024-03-29,SKU1030,WH_NORTH,15,2402.0,5.0,No,34228.5
501979,2024-03-29,SKU1024,WH_NORTH,7,1822.24,5.0,No,12117.9
501975,2024-03-29,SKU1018,WH_SOUTH,13,2038.19,5.0,No,25171.65
501968,2024-03-29,SKU1004,WH_SOUTH,2,661.52,5.0,No,1256.89
501974,2024-03-29,SKU1017,WH_SOUTH,12,2741.56,0.0,No,32898.72
501972,2024-03-29,SKU1013,WH_WEST,13,2835.28,20.0,Yes,29486.91
501992,2024-03-30,SKU1006,WH_WEST,5,4707.6,0.0,No,23538.0
502005,2024-03-30,SKU1028,WH_WEST,6,716.34,0.0,No,4298.04
502008,2024-03-30,SKU1038,WH_WEST,24,1639.79,5.0,Yes,37387.21
501990,2024-03-30,SKU1004,WH_WEST,5,661.52,5.0,No,3142.22
501998,2024-03-30,SKU1014,WH_NORTH,13,1248.44,0.0,No,16229.72
501999,2024-03-30,SKU1016,WH_NORTH,14,497.81,10.0,No,6272.41
501987,2024-03-30,SKU1000,WH_NORTH,4,9457.32,0.0,No,37829.28
502009,2024-03-30,SKU1039,WH_NORTH,15,222.44,5.0,No,3169.77
501995,2024-03-30,SKU1009,WH_SOUTH,6,1309.64,5.0,No,7464.95
502003,2024-03-30,SKU1024,WH_SOUTH,6,1822.24,0.0,No,10933.44
501989,2024-03-30,SKU1003,WH_SOUTH,4,21674.48,0.0,No,86697.92
501997,2024-03-30,SKU1012,WH_SOUTH,11,1433.92,0.0,No,15773.12
502000,2024-03-30,SKU1017,WH_SOUTH,13,2741.56,10.0,No,32076.25
502004,2024-03-30,SKU1025,WH_WEST,7,1880.05,0.0,No,13160.35
501993,2024-03-30,SKU1007,WH_NORTH,8,13190.2,0.0,Yes,105521.6
502006,2024-03-30,SKU1029,WH_NORTH,12,716.7,0.0,Yes,8600.4
502001,2024-03-30,SKU1018,WH_WEST,6,2038.19,0.0,No,12229.14
502007,2024-03-30,SKU1033,WH_WEST,31,1093.06,0.0,No,33884.86
502002,2024-03-30,SKU1023,WH_SOUTH,8,1257.73,0.0,No,10061.84
501988,2024-03-30,SKU1002,WH_NORTH,5,4026.46,5.0,No,19125.68
501994,2024-03-30,SKU1008,WH_WEST,5,7387.04,0.0,No,36935.2
501996,2024-03-30,SKU1010,WH_SOUTH,11,1240.02,0.0,Yes,13640.22
501991,2024-03-30,SKU1005,WH_SOUTH,4,23473.03,0.0,No,93892.12
502013,2024-03-31,SKU1011,WH_NORTH,13,282.38,0.0,No,3670.94
502017,2024-03-31,SKU1017,WH_WEST,10,2741.56,0.0,No,27415.6
502016,2024-03-31,SKU1016,WH_SOUTH,10,497.81,0.0,No,4978.1
502014,2024-03-31,SKU1014,WH_SOUTH,17,1248.44,0.0,Yes,21223.48
502026,2024-03-31,SKU1039,WH_WEST,25,222.44,0.0,No,5561.0
502025,2024-03-31,SKU1032,WH_SOUTH,20,2757.64,15.0,No,46879.88
502024,2024-03-31,SKU1029,WH_SOUTH,5,716.7,0.0,No,3583.5
502020,2024-03-31,SKU1022,WH_NORTH,11,278.9,5.0,No,2914.5
502021,2024-03-31,SKU1024,WH_WEST,4,1822.24,0.0,No,7288.96
502022,2024-03-31,SKU1025,WH_WEST,8,1880.05,0.0,No,15040.4
502018,2024-03-31,SKU1019,WH_SOUTH,8,1767.95,10.0,No,12729.24
502019,2024-03-31,SKU1020,WH_SOUTH,9,2359.13,15.0,No,18047.34
502012,2024-03-31,SKU1007,WH_SOUTH,4,13190.2,0.0,No,52760.8
502023,2024-03-31,SKU1028,WH_NORTH,11,716.34,0.0,Yes,7879.74
502010,2024-03-31,SKU1003,WH_SOUTH,4,21674.48,5.0,No,82363.02
502011,2024-03-31,SKU1005,WH_WEST,5,23473.03,0.0,Yes,117365.15
502015,2024-03-31,SKU1015,WH_NORTH,11,808.05,15.0,No,7555.27
502041,2024-04-01,SKU1026,WH_NORTH,6,994.38,5.0,No,5667.97
502040,2024-04-01,SKU1023,WH_SOUTH,5,1257.73,0.0,No,6288.65
502027,2024-04-01,SKU1000,WH_SOUTH,2,9457.32,0.0,No,18914.64
502045,2024-04-01,SKU1030,WH_SOUTH,14,2402.0,15.0,No,28583.8
502044,2024-04-01,SKU1029,WH_SOUTH,7,716.7,0.0,No,5016.9
502043,2024-04-01,SKU1028,WH_NORTH,5,716.34,15.0,No,3044.44
502031,2024-04-01,SKU1007,WH_SOUTH,4,13190.2,0.0,No,52760.8
502036,2024-04-01,SKU1015,WH_WEST,4,808.05,0.0,No,3232.2
502046,2024-04-01,SKU1032,WH_SOUTH,14,2757.64,0.0,No,38606.96
502033,2024-04-01,SKU1012,WH_SOUTH,9,1433.92,0.0,No,12905.28
502034,2024-04-01,SKU1013,WH_NORTH,8,2835.28,15.0,No,19279.9
502039,2024-04-01,SKU1022,WH_WEST,5,278.9,5.0,No,1324.78
502030,2024-04-01,SKU1003,WH_SOUTH,4,21674.48,10.0,No,78028.13
502028,2024-04-01,SKU1001,WH_SOUTH,9,19525.32,0.0,Yes,175727.88
502042,2024-04-01,SKU1027,WH_NORTH,5,194.56,0.0,No,972.8
502035,2024-04-01,SKU1014,WH_SOUTH,11,1248.44,10.0,No,12359.56
502048,2024-04-01,SKU1039,WH_SOUTH,21,222.44,10.0,No,4204.12
502029,2024-04-01,SKU1002,WH_NORTH,7,4026.46,0.0,Yes,28185.22
502032,2024-04-01,SKU1010,WH_WEST,8,1240.02,10.0,No,8928.14
502038,2024-04-01,SKU1020,WH_WEST,6,2359.13,10.0,No,12739.3
502037,2024-04-01,SKU1018,WH_SOUTH,7,2038.19,0.0,No,14267.33
502047,2024-04-01,SKU1033,WH_SOUTH,10,1093.06,0.0,No,10930.6
502062,2024-04-02,SKU1027,WH_SOUTH,6,194.56,0.0,No,1167.36
502060,2024-04-02,SKU1024,WH_SOUTH,7,1822.24,10.0,No,11480.11
502055,2024-04-02,SKU1010,WH_WEST,7,1240.02,5.0,No,8246.13
502054,2024-04-02,SKU1008,WH_WEST,3,7387.04,0.0,No,22161.12
502059,2024-04-02,SKU1023,WH_SOUTH,6,1257.73,0.0,No,7546.38
502049,2024-04-02,SKU1000,WH_SOUTH,5,9457.32,0.0,Yes,47286.6
502064,2024-04-02,SKU1029,WH_NORTH,4,716.7,5.0,No,2723.46
502056,2024-04-02,SKU1012,WH_WEST,6,1433.92,0.0,No,8603.52
502065,2024-04-02,SKU1033,WH_SOUTH,17,1093.06,10.0,No,16723.82
502050,2024-04-02,SKU1002,WH_NORTH,4,4026.46,0.0,No,16105.84
502061,2024-04-02,SKU1025,WH_WEST,4,1880.05,0.0,No,7520.2
502058,2024-04-02,SKU1018,WH_SOUTH,8,2038.19,0.0,No,16305.52
502063,2024-04-02,SKU1028,WH_NORTH,8,716.34,0.0,No,5730.72
502069,2024-04-02,SKU1038,WH_WEST,13,1639.79,0.0,No,21317.27
502070,2024-04-02,SKU1039,WH_WEST,26,222.44,15.0,No,4915.92
502052,2024-04-02,SKU1004,WH_WEST,4,661.52,0.0,No,2646.08
502066,2024-04-02,SKU1034,WH_NORTH,15,2229.38,0.0,No,33440.7
502068,2024-04-02,SKU1036,WH_NORTH,14,2919.38,0.0,No,40871.32
502067,2024-04-02,SKU1035,WH_WEST,15,1749.54,0.0,No,26243.1
502051,2024-04-02,SKU1003,WH_NORTH,5,21674.48,20.0,No,86697.92
502053,2024-04-02,SKU1006,WH_NORTH,3,4707.6,0.0,No,14122.8
502057,2024-04-02,SKU1014,WH_WEST,5,1248.44,5.0,No,5930.09
502092,2024-04-03,SKU1031,WH_WEST,15,2789.96,0.0,No,41849.4
502091,2024-04-03,SKU1030,WH_SOUTH,12,2402.0,15.0,No,24500.4
502082,2024-04-03,SKU1014,WH_WEST,10,1248.44,0.0,No,12484.4
502072,2024-04-03,SKU1002,WH_WEST,6,4026.46,0.0,No,24158.76
502096,2024-04-03,SKU1039,WH_WEST,14,222.44,0.0,No,3114.16
502073,2024-04-03,SKU1003,WH_NORTH,5,21674.48,0.0,No,108372.4
502071,2024-04-03,SKU1000,WH_NORTH,5,9457.32,20.0,Yes,37829.28
502084,2024-04-03,SKU1016,WH_WEST,10,497.81,10.0,No,4480.29
502078,2024-04-03,SKU1008,WH_NORTH,4,7387.04,0.0,No,29548.16
502083,2024-04-03,SKU1015,WH_SOUTH,6,808.05,0.0,No,4848.3
502087,2024-04-03,SKU1024,WH_WEST,8,1822.24,20.0,No,11662.34
502075,2024-04-03,SKU1005,WH_NORTH,5,23473.03,15.0,No,99760.38
502076,2024-04-03,SKU1006,WH_SOUTH,4,4707.6,0.0,No,18830.4
502080,2024-04-03,SKU1011,WH_NORTH,4,282.38,0.0,No,1129.52
502079,2024-04-03,SKU1010,WH_NORTH,8,1240.02,5.0,No,9424.15
502088,2024-04-03,SKU1025,WH_SOUTH,8,1880.05,0.0,No,15040.4
502086,2024-04-03,SKU1020,WH_NORTH,11,2359.13,0.0,Yes,25950.43
502093,2024-04-03,SKU1033,WH_WEST,19,1093.06,0.0,No,20768.14
502074,2024-04-03,SKU1004,WH_NORTH,4,661.52,5.0,No,2513.78
502085,2024-04-03,SKU1018,WH_WEST,9,2038.19,0.0,No,18343.71
502089,2024-04-03,SKU1028,WH_SOUTH,5,716.34,0.0,No,3581.7
502081,2024-04-03,SKU1013,WH_SOUTH,10,2835.28,0.0,No,28352.8
502077,2024-04-03,SKU1007,WH_WEST,2,13190.2,10.0,No,23742.36
502090,2024-04-03,SKU1029,WH_WEST,6,716.7,5.0,No,4085.19
502095,2024-04-03,SKU1036,WH_SOUTH,20,2919.38,0.0,No,58387.6
502094,2024-04-03,SKU1035,WH_SOUTH,19,1749.54,10.0,No,29917.13
502121,2024-04-04,SKU1038,WH_NORTH,16,1639.79,0.0,No,26236.64
502115,2024-04-04,SKU1027,WH_SOUTH,4,194.56,5.0,No,739.33
502109,2024-04-04,SKU1019,WH_NORTH,11,1767.95,10.0,Yes,17502.71
502098,2024-04-04,SKU1001,WH_SOUTH,4,19525.32,0.0,No,78101.28
502117,2024-04-04,SKU1030,WH_WEST,22,2402.0,5.0,No,50201.8
502120,2024-04-04,SKU1035,WH_WEST,16,1749.54,10.0,Yes,25193.38
502112,2024-04-04,SKU1022,WH_NORTH,4,278.9,0.0,No,1115.6
502116,2024-04-04,SKU1029,WH_WEST,5,716.7,10.0,No,3225.15
502119,2024-04-04,SKU1034,WH_SOUTH,9,2229.38,10.0,No,18057.98
502110,2024-04-04,SKU1020,WH_SOUTH,8,2359.13,0.0,No,18873.04
502099,2024-04-04,SKU1002,WH_NORTH,4,4026.46,0.0,Yes,16105.84
502111,2024-04-04,SKU1021,WH_SOUTH,7,2700.26,10.0,No,17011.64
502113,2024-04-04,SKU1024,WH_WEST,8,1822.24,0.0,Yes,14577.92
502107,2024-04-04,SKU1016,WH_NORTH,7,497.81,10.0,No,3136.2
502108,2024-04-04,SKU1018,WH_NORTH,8,2038.19,0.0,Yes,16305.52
502118,2024-04-04,SKU1033,WH_NORTH,16,1093.06,5.0,No,16614.51
502103,2024-04-04,SKU1012,WH_NORTH,5,1433.92,10.0,No,6452.64
502102,2024-04-04,SKU1011,WH_WEST,7,282.38,0.0,Yes,1976.66
502101,2024-04-04,SKU1007,WH_NORTH,3,13190.2,0.0,No,39570.6
502105,2024-04-04,SKU1014,WH_SOUTH,11,1248.44,0.0,No,13732.84
502104,2024-04-04,SKU1013,WH_SOUTH,6,2835.28,0.0,No,17011.68
502114,2024-04-04,SKU1025,WH_SOUTH,7,1880.05,0.0,No,13160.35
502097,2024-04-04,SKU1000,WH_NORTH,5,9457.32,0.0,Yes,47286.6
502100,2024-04-04,SKU1005,WH_WEST,5,23473.03,10.0,No,105628.64
502106,2024-04-04,SKU1015,WH_NORTH,9,808.05,0.0,No,7272.45
502122,2024-04-04,SKU1039,WH_NORTH,17,222.44,0.0,No,3781.48
502138,2024-04-05,SKU1025,WH_SOUTH,5,1880.05,0.0,No,9400.25
502144,2024-04-05,SKU1037,WH_NORTH,21,2206.93,0.0,No,46345.53
502139,2024-04-05,SKU1027,WH_SOUTH,9,194.56,15.0,Yes,1488.38
502130,2024-04-05,SKU1008,WH_SOUTH,3,7387.04,0.0,No,22161.12
502131,2024-04-05,SKU1009,WH_WEST,3,1309.64,0.0,No,3928.92
502143,2024-04-05,SKU1035,WH_WEST,15,1749.54,15.0,No,22306.64
502129,2024-04-05,SKU1007,WH_NORTH,6,13190.2,15.0,No,67270.02
502133,2024-04-05,SKU1016,WH_NORTH,13,497.81,0.0,No,6471.53
502134,2024-04-05,SKU1017,WH_NORTH,5,2741.56,0.0,No,13707.8
502125,2024-04-05,SKU1003,WH_NORTH,3,21674.48,0.0,No,65023.44
502140,2024-04-05,SKU1030,WH_WEST,18,2402.0,0.0,No,43236.0
502135,2024-04-05,SKU1018,WH_NORTH,9,2038.19,15.0,No,15592.15
502127,2024-04-05,SKU1005,WH_WEST,5,23473.03,10.0,No,105628.64
502123,2024-04-05,SKU1000,WH_WEST,3,9457.32,5.0,No,26953.36
502132,2024-04-05,SKU1012,WH_SOUTH,6,1433.92,15.0,No,7312.99
502142,2024-04-05,SKU1033,WH_NORTH,17,1093.06,10.0,No,16723.82
502141,2024-04-05,SKU1032,WH_NORTH,17,2757.64,15.0,No,39847.9
502128,2024-04-05,SKU1006,WH_SOUTH,4,4707.6,0.0,No,18830.4
502124,2024-04-05,SKU1002,WH_NORTH,6,4026.46,0.0,No,24158.76
502136,2024-04-05,SKU1019,WH_SOUTH,6,1767.95,0.0,No,10607.7
502137,2024-04-05,SKU1022,WH_NORTH,10,278.9,0.0,No,2789.0
502126,2024-04-05,SKU1004,WH_WEST,3,661.52,15.0,No,1686.88
502169,2024-04-06,SKU1038,WH_SOUTH,12,1639.79,0.0,No,19677.48
502150,2024-04-06,SKU1011,WH_SOUTH,8,282.38,15.0,No,1920.18
502153,2024-04-06,SKU1014,WH_NORTH,13,1248.44,15.0,Yes,13795.26
502157,2024-04-06,SKU1023,WH_WEST,6,1257.73,0.0,No,7546.38
502168,2024-04-06,SKU1037,WH_WEST,17,2206.93,15.0,No,31890.14
502170,2024-04-06,SKU1039,WH_WEST,17,222.44,0.0,No,3781.48
502155,2024-04-06,SKU1018,WH_NORTH,10,2038.19,15.0,No,17324.62
502146,2024-04-06,SKU1002,WH_WEST,4,4026.46,5.0,No,15300.55
502148,2024-04-06,SKU1005,WH_SOUTH,4,23473.03,0.0,No,93892.12
502166,2024-04-06,SKU1034,WH_NORTH,15,2229.38,0.0,No,33440.7
502145,2024-04-06,SKU1001,WH_NORTH,2,19525.32,0.0,No,39050.64
502159,2024-04-06,SKU1025,WH_WEST,9,1880.05,15.0,No,14382.38
502151,2024-04-06,SKU1012,WH_SOUTH,8,1433.92,10.0,No,10324.22
502161,2024-04-06,SKU1027,WH_WEST,12,194.56,0.0,No,2334.72
502165,2024-04-06,SKU1033,WH_NORTH,23,1093.06,0.0,No,25140.38
502160,2024-04-06,SKU1026,WH_NORTH,10,994.38,0.0,No,9943.8
502156,2024-04-06,SKU1019,WH_NORTH,6,1767.95,15.0,No,9016.54
502167,2024-04-06,SKU1036,WH_WEST,35,2919.38,0.0,Yes,102178.3
502162,2024-04-06,SKU1029,WH_NORTH,7,716.7,5.0,No,4766.06
502152,2024-04-06,SKU1013,WH_NORTH,9,2835.28,0.0,No,25517.52
502158,2024-04-06,SKU1024,WH_WEST,7,1822.24,0.0,No,12755.68
502149,2024-04-06,SKU1008,WH_NORTH,3,7387.04,20.0,No,17728.9
502147,2024-04-06,SKU1004,WH_WEST,3,661.52,0.0,No,1984.56
502154,2024-04-06,SKU1017,WH_WEST,12,2741.56,10.0,No,29608.85
502163,2024-04-06,SKU1031,WH_SOUTH,20,2789.96,20.0,No,44639.36
502164,2024-04-06,SKU1032,WH_SOUTH,19,2757.64,15.0,No,44535.89
502174,2024-04-07,SKU1003,WH_NORTH,6,21674.48,0.0,No,130046.88
502202,2024-04-07,SKU1039,WH_NORTH,16,222.44,10.0,No,3203.14
502172,2024-04-07,SKU1001,WH_NORTH,6,19525.32,0.0,No,117151.92
502201,2024-04-07,SKU1037,WH_SOUTH,8,2206.93,0.0,No,17655.44
502181,2024-04-07,SKU1011,WH_NORTH,14,282.38,0.0,No,3953.32
502198,2024-04-07,SKU1034,WH_SOUTH,22,2229.38,0.0,No,49046.36
502183,2024-04-07,SKU1015,WH_WEST,9,808.05,5.0,No,6908.83
502199,2024-04-07,SKU1035,WH_SOUTH,23,1749.54,0.0,No,40239.42
502175,2024-04-07,SKU1004,WH_NORTH,4,661.52,0.0,No,2646.08
502184,2024-04-07,SKU1016,WH_NORTH,7,497.81,0.0,No,3484.67
502178,2024-04-07,SKU1007,WH_NORTH,3,13190.2,0.0,No,39570.6
502187,2024-04-07,SKU1019,WH_NORTH,17,1767.95,0.0,No,30055.15
502171,2024-04-07,SKU1000,WH_SOUTH,4,9457.32,5.0,No,35937.82
502194,2024-04-07,SKU1028,WH_NORTH,5,716.34,0.0,No,3581.7
502179,2024-04-07,SKU1008,WH_WEST,4,7387.04,0.0,No,29548.16
502189,2024-04-07,SKU1022,WH_NORTH,9,278.9,15.0,No,2133.58
502180,2024-04-07,SKU1010,WH_SOUTH,8,1240.02,15.0,No,8432.14
502186,2024-04-07,SKU1018,WH_NORTH,8,2038.19,10.0,No,14674.97
502195,2024-04-07,SKU1031,WH_NORTH,18,2789.96,5.0,No,47708.32
502193,2024-04-07,SKU1027,WH_WEST,7,194.56,0.0,No,1361.92
502200,2024-04-07,SKU1036,WH_NORTH,23,2919.38,0.0,No,67145.74
502176,2024-04-07,SKU1005,WH_SOUTH,6,23473.03,10.0,No,126754.36
502197,2024-04-07,SKU1033,WH_NORTH,11,1093.06,0.0,No,12023.66
502188,2024-04-07,SKU1021,WH_SOUTH,6,2700.26,20.0,No,12961.25
502191,2024-04-07,SKU1025,WH_WEST,5,1880.05,0.0,No,9400.25
502192,2024-04-07,SKU1026,WH_NORTH,5,994.38,5.0,No,4723.3
502182,2024-04-07,SKU1013,WH_NORTH,9,2835.28,0.0,No,25517.52
502185,2024-04-07,SKU1017,WH_SOUTH,8,2741.56,0.0,No,21932.48
502173,2024-04-07,SKU1002,WH_SOUTH,5,4026.46,0.0,No,20132.3
502196,2024-04-07,SKU1032,WH_WEST,23,2757.64,10.0,No,57083.15
502177,2024-04-07,SKU1006,WH_SOUTH,6,4707.6,0.0,No,28245.6
502190,2024-04-07,SKU1023,WH_SOUTH,6,1257.73,15.0,No,6414.42
502215,2024-04-08,SKU1020,WH_SOUTH,8,2359.13,0.0,No,18873.04
502203,2024-04-08,SKU1000,WH_SOUTH,3,9457.32,15.0,No,24116.17
502205,2024-04-08,SKU1007,WH_WEST,5,13190.2,0.0,Yes,65951.0
502208,2024-04-08,SKU1010,WH_WEST,8,1240.02,20.0,No,7936.13
502220,2024-04-08,SKU1029,WH_SOUTH,9,716.7,0.0,No,6450.3
502206,2024-04-08,SKU1008,WH_NORTH,3,7387.04,0.0,No,22161.12
502224,2024-04-08,SKU1038,WH_WEST,33,1639.79,0.0,Yes,54113.07
502222,2024-04-08,SKU1033,WH_WEST,14,1093.06,0.0,No,15302.84
502213,2024-04-08,SKU1016,WH_SOUTH,7,497.81,0.0,No,3484.67
502221,2024-04-08,SKU1031,WH_NORTH,17,2789.96,5.0,No,45057.85
502219,2024-04-08,SKU1027,WH_NORTH,6,194.56,10.0,No,1050.62
502209,2024-04-08,SKU1011,WH_NORTH,8,282.38,0.0,No,2259.04
502204,2024-04-08,SKU1002,WH_WEST,4,4026.46,0.0,No,16105.84
502214,2024-04-08,SKU1019,WH_SOUTH,8,1767.95,0.0,No,14143.6
502210,2024-04-08,SKU1012,WH_WEST,14,1433.92,0.0,No,20074.88
502218,2024-04-08,SKU1025,WH_WEST,5,1880.05,15.0,No,7990.21
502207,2024-04-08,SKU1009,WH_NORTH,3,1309.64,0.0,No,3928.92
502217,2024-04-08,SKU1022,WH_SOUTH,3,278.9,0.0,No,836.7
502212,2024-04-08,SKU1014,WH_SOUTH,6,1248.44,0.0,No,7490.64
502211,2024-04-08,SKU1013,WH_NORTH,16,2835.28,10.0,Yes,40828.03
502223,2024-04-08,SKU1036,WH_WEST,18,2919.38,0.0,No,52548.84
502216,2024-04-08,SKU1021,WH_SOUTH,12,2700.26,5.0,Yes,30782.96
502238,2024-04-09,SKU1020,WH_SOUTH,6,2359.13,0.0,No,14154.78
502247,2024-04-09,SKU1034,WH_WEST,16,2229.38,10.0,No,32103.07
502248,2024-04-09,SKU1036,WH_SOUTH,17,2919.38,0.0,No,49629.46
502243,2024-04-09,SKU1029,WH_WEST,4,716.7,0.0,No,2866.8
502240,2024-04-09,SKU1026,WH_SOUTH,6,994.38,0.0,No,5966.28
502236,2024-04-09,SKU1017,WH_WEST,20,2741.56,0.0,No,56201.98
502239,2024-04-09,SKU1024,WH_WEST,7,1822.24,0.0,No,12755.68
502228,2024-04-09,SKU1004,WH_NORTH,4,661.52,0.0,No,2646.08
502231,2024-04-09,SKU1007,WH_NORTH,5,13190.2,5.0,No,62653.45
502230,2024-04-09,SKU1006,WH_WEST,3,4707.6,0.0,No,14122.8
502250,2024-04-09,SKU1039,WH_NORTH,11,222.44,5.0,No,2324.5
502241,2024-04-09,SKU1027,WH_WEST,5,194.56,5.0,No,924.16
502246,2024-04-09,SKU1033,WH_WEST,10,1093.06,5.0,No,10384.07
502245,2024-04-09,SKU1031,WH_SOUTH,18,2789.96,5.0,Yes,47708.32
502237,2024-04-09,SKU1018,WH_NORTH,7,2038.19,0.0,No,14267.33
502242,2024-04-09,SKU1028,WH_SOUTH,9,716.34,15.0,Yes,5480.0
502249,2024-04-09,SKU1037,WH_WEST,17,2206.93,15.0,No,31890.14
502229,2024-04-09,SKU1005,WH_SOUTH,4,23473.03,0.0,No,93892.12
502244,2024-04-09,SKU1030,WH_SOUTH,17,2402.0,0.0,No,40834.0
502227,2024-04-09,SKU1003,WH_SOUTH,3,21674.48,0.0,No,65023.44
502234,2024-04-09,SKU1011,WH_WEST,8,282.38,10.0,No,2033.14
502226,2024-04-09,SKU1002,WH_NORTH,5,4026.46,10.0,No,18119.07
502235,2024-04-09,SKU1016,WH_SOUTH,6,497.81,0.0,No,2986.86
502233,2024-04-09,SKU1010,WH_WEST,10,1240.02,5.0,No,11780.19
502232,2024-04-09,SKU1008,WH_SOUTH,5,7387.04,0.0,No,36935.2
502225,2024-04-09,SKU1001,WH_NORTH,3,19525.32,5.0,No,55647.16
502255,2024-04-10,SKU1007,WH_WEST,3,13190.2,0.0,No,39570.6
502259,2024-04-10,SKU1012,WH_WEST,8,1433.92,0.0,No,11471.36
502262,2024-04-10,SKU1016,WH_SOUTH,13,497.81,20.0,No,5177.22
502268,2024-04-10,SKU1026,WH_NORTH,4,994.38,0.0,No,3977.52
502263,2024-04-10,SKU1017,WH_SOUTH,9,2741.56,0.0,No,24674.04
502274,2024-04-10,SKU1037,WH_NORTH,26,2206.93,0.0,No,57380.18
502257,2024-04-10,SKU1010,WH_NORTH,8,1240.02,0.0,No,9920.16
502252,2024-04-10,SKU1001,WH_WEST,3,19525.32,0.0,No,58575.96
502264,2024-04-10,SKU1018,WH_SOUTH,10,2038.19,5.0,No,19362.8
502261,2024-04-10,SKU1014,WH_NORTH,9,1248.44,10.0,No,10112.36
502266,2024-04-10,SKU1024,WH_WEST,5,1822.24,10.0,No,8200.08
502254,2024-04-10,SKU1006,WH_WEST,5,4707.6,10.0,No,21184.2
502256,2024-04-10,SKU1008,WH_WEST,3,7387.04,0.0,No,22161.12
502258,2024-04-10,SKU1011,WH_NORTH,6,282.38,0.0,No,1694.28
502265,2024-04-10,SKU1022,WH_WEST,5,278.9,0.0,No,1394.5
502275,2024-04-10,SKU1038,WH_SOUTH,35,1639.79,10.0,Yes,51653.38
502269,2024-04-10,SKU1028,WH_NORTH,4,716.34,10.0,Yes,2578.82
502267,2024-04-10,SKU1025,WH_NORTH,5,1880.05,15.0,No,7990.21
502260,2024-04-10,SKU1013,WH_NORTH,7,2835.28,0.0,No,19846.96
502271,2024-04-10,SKU1030,WH_NORTH,13,2402.0,10.0,No,28103.4
502253,2024-04-10,SKU1003,WH_WEST,5,21674.48,0.0,No,108372.4
502276,2024-04-10,SKU1039,WH_WEST,15,222.44,0.0,No,3336.6
502270,2024-04-10,SKU1029,WH_WEST,11,716.7,5.0,Yes,7489.52
502273,2024-04-10,SKU1034,WH_SOUTH,14,2229.38,0.0,No,31211.32
502251,2024-04-10,SKU1000,WH_SOUTH,3,9457.32,0.0,No,28371.96
502272,2024-04-10,SKU1033,WH_WEST,18,1093.06,0.0,No,19675.08
502292,2024-04-11,SKU1026,WH_WEST,7,994.38,0.0,No,6960.66
502299,2024-04-11,SKU1039,WH_WEST,20,222.44,5.0,No,4226.36
502278,2024-04-11,SKU1001,WH_WEST,3,19525.32,0.0,No,58575.96
502298,2024-04-11,SKU1038,WH_WEST,13,1639.79,10.0,No,19185.54
502284,2024-04-11,SKU1009,WH_NORTH,5,1309.64,0.0,No,6548.2
502287,2024-04-11,SKU1015,WH_NORTH,9,808.05,0.0,No,7272.45
502279,2024-04-11,SKU1003,WH_SOUTH,4,21674.48,15.0,No,73693.23
502294,2024-04-11,SKU1032,WH_NORTH,20,2757.64,0.0,No,55152.8
502282,2024-04-11,SKU1007,WH_SOUTH,2,13190.2,0.0,No,26380.4
502286,2024-04-11,SKU1014,WH_NORTH,12,1248.44,0.0,No,14981.28
502289,2024-04-11,SKU1019,WH_SOUTH,11,1767.95,5.0,No,18475.08
502295,2024-04-11,SKU1033,WH_SOUTH,18,1093.06,5.0,No,18691.33
502285,2024-04-11,SKU1013,WH_NORTH,9,2835.28,0.0,No,25517.52
502283,2024-04-11,SKU1008,WH_NORTH,3,7387.04,0.0,No,22161.12
502281,2024-04-11,SKU1006,WH_SOUTH,3,4707.6,15.0,No,12004.38
502280,2024-04-11,SKU1004,WH_NORTH,5,661.52,10.0,No,2976.84
502296,2024-04-11,SKU1034,WH_NORTH,29,2229.38,0.0,Yes,64652.02
502288,2024-04-11,SKU1016,WH_SOUTH,9,497.81,5.0,No,4256.28
502277,2024-04-11,SKU1000,WH_NORTH,4,9457.32,0.0,No,37829.28
502297,2024-04-11,SKU1035,WH_NORTH,25,1749.54,0.0,No,43738.5
502291,2024-04-11,SKU1024,WH_WEST,5,1822.24,5.0,No,8655.64
502293,2024-04-11,SKU1027,WH_NORTH,7,194.56,10.0,No,1225.73
502290,2024-04-11,SKU1022,WH_NORTH,8,278.9,0.0,No,2231.2
502302,2024-04-12,SKU1009,WH_NORTH,4,1309.64,0.0,No,5238.56
502314,2024-04-12,SKU1028,WH_SOUTH,4,716.34,20.0,No,2292.29
502313,2024-04-12,SKU1027,WH_NORTH,8,194.56,0.0,Yes,1556.48
502305,2024-04-12,SKU1016,WH_WEST,11,497.81,5.0,No,5202.11
502308,2024-04-12,SKU1021,WH_WEST,9,2700.26,0.0,No,24302.34
502311,2024-04-12,SKU1024,WH_SOUTH,6,1822.24,0.0,No,10933.44
502303,2024-04-12,SKU1010,WH_SOUTH,7,1240.02,10.0,No,7812.13
502304,2024-04-12,SKU1011,WH_SOUTH,9,282.38,5.0,No,2414.35
502318,2024-04-12,SKU1034,WH_WEST,17,2229.38,5.0,No,36004.49
502316,2024-04-12,SKU1032,WH_WEST,16,2757.64,0.0,No,44122.24
502319,2024-04-12,SKU1035,WH_NORTH,18,1749.54,5.0,No,29917.13
502312,2024-04-12,SKU1025,WH_SOUTH,6,1880.05,20.0,No,9024.24
502320,2024-04-12,SKU1038,WH_WEST,25,1639.79,15.0,Yes,34845.54
502315,2024-04-12,SKU1029,WH_WEST,7,716.7,0.0,No,5016.9
502309,2024-04-12,SKU1022,WH_NORTH,5,278.9,0.0,No,1394.5
502310,2024-04-12,SKU1023,WH_WEST,11,1257.73,15.0,No,11759.78
502307,2024-04-12,SKU1018,WH_WEST,10,2038.19,0.0,No,20381.9
502300,2024-04-12,SKU1001,WH_SOUTH,5,19525.32,0.0,No,97626.6
502301,2024-04-12,SKU1006,WH_SOUTH,4,4707.6,0.0,No,18830.4
502317,2024-04-12,SKU1033,WH_SOUTH,12,1093.06,10.0,No,11805.05
502306,2024-04-12,SKU1017,WH_NORTH,10,2741.56,0.0,No,27415.6
502338,2024-04-13,SKU1022,WH_SOUTH,7,278.9,0.0,No,1952.3
502345,2024-04-13,SKU1033,WH_WEST,22,1093.06,5.0,No,22844.95
502346,2024-04-13,SKU1035,WH_SOUTH,25,1749.54,0.0,No,43738.5
502321,2024-04-13,SKU1000,WH_SOUTH,5,9457.32,10.0,No,42557.94
502332,2024-04-13,SKU1014,WH_WEST,11,1248.44,0.0,No,13732.84
502329,2024-04-13,SKU1010,WH_SOUTH,4,1240.02,15.0,No,4216.07
502328,2024-04-13,SKU1008,WH_WEST,5,7387.04,5.0,No,35088.44
502339,2024-04-13,SKU1023,WH_NORTH,6,1257.73,20.0,No,6037.1
502323,2024-04-13,SKU1003,WH_WEST,4,21674.48,15.0,No,73693.23
502333,2024-04-13,SKU1016,WH_WEST,11,497.81,20.0,No,4380.73
502344,2024-04-13,SKU1030,WH_SOUTH,13,2402.0,0.0,No,31226.0
502331,2024-04-13,SKU1013,WH_WEST,10,2835.28,0.0,No,28352.8
502340,2024-04-13,SKU1025,WH_SOUTH,16,1880.05,0.0,Yes,30080.8
502324,2024-04-13,SKU1004,WH_WEST,3,661.52,10.0,No,1786.1
502330,2024-04-13,SKU1011,WH_NORTH,19,282.38,0.0,No,5365.22
502337,2024-04-13,SKU1021,WH_WEST,7,2700.26,20.0,No,15121.46
502342,2024-04-13,SKU1027,WH_WEST,7,194.56,0.0,No,1361.92
502327,2024-04-13,SKU1007,WH_WEST,3,13190.2,0.0,No,39570.6
502322,2024-04-13,SKU1001,WH_SOUTH,9,19525.32,0.0,Yes,175727.88
502347,2024-04-13,SKU1036,WH_NORTH,22,2919.38,0.0,No,64226.36
502335,2024-04-13,SKU1018,WH_SOUTH,6,2038.19,20.0,No,9783.31
502341,2024-04-13,SKU1026,WH_WEST,7,994.38,15.0,No,5916.56
502326,2024-04-13,SKU1006,WH_WEST,5,4707.6,15.0,No,20007.3
502343,2024-04-13,SKU1028,WH_SOUTH,10,716.34,15.0,No,6088.89
502336,2024-04-13,SKU1019,WH_WEST,11,1767.95,10.0,No,17502.71
502334,2024-04-13,SKU1017,WH_NORTH,10,2741.56,0.0,No,27415.6
502325,2024-04-13,SKU1005,WH_SOUTH,3,23473.03,0.0,No,70419.09
502348,2024-04-14,SKU1000,WH_SOUTH,5,9457.32,0.0,No,47286.6
502368,2024-04-14,SKU1033,WH_WEST,21,1093.06,15.0,No,19511.12
502355,2024-04-14,SKU1007,WH_NORTH,6,13190.2,0.0,No,79141.2
502359,2024-04-14,SKU1015,WH_NORTH,6,808.05,20.0,No,3878.64
502353,2024-04-14,SKU1005,WH_WEST,2,23473.03,10.0,No,42251.45
502358,2024-04-14,SKU1011,WH_NORTH,13,282.38,0.0,No,3670.94
502363,2024-04-14,SKU1022,WH_WEST,3,278.9,0.0,No,836.7
502365,2024-04-14,SKU1026,WH_SOUTH,8,994.38,0.0,No,7955.04
502351,2024-04-14,SKU1003,WH_SOUTH,5,21674.48,0.0,No,108372.4
502360,2024-04-14,SKU1016,WH_WEST,11,497.81,0.0,No,5475.91
502354,2024-04-14,SKU1006,WH_WEST,3,4707.6,0.0,No,14122.8
502352,2024-04-14,SKU1004,WH_WEST,6,661.52,0.0,No,3969.12
502357,2024-04-14,SKU1009,WH_WEST,9,1309.64,0.0,Yes,11786.76
502356,2024-04-14,SKU1008,WH_NORTH,5,7387.04,0.0,No,36935.2
502370,2024-04-14,SKU1035,WH_NORTH,15,1749.54,10.0,No,23618.79
502369,2024-04-14,SKU1034,WH_NORTH,28,2229.38,5.0,No,59301.51
502367,2024-04-14,SKU1028,WH_NORTH,3,716.34,15.0,Yes,1826.67
502350,2024-04-14,SKU1002,WH_NORTH,5,4026.46,0.0,No,20132.3
502366,2024-04-14,SKU1027,WH_WEST,11,194.56,10.0,No,1926.14
502349,2024-04-14,SKU1001,WH_WEST,6,19525.32,0.0,No,117151.92
502364,2024-04-14,SKU1023,WH_SOUTH,12,1257.73,0.0,No,15092.76
502361,2024-04-14,SKU1019,WH_WEST,15,1767.95,10.0,No,23867.32
502362,2024-04-14,SKU1020,WH_SOUTH,8,2359.13,0.0,Yes,18873.04
502371,2024-04-14,SKU1039,WH_SOUTH,27,222.44,0.0,Yes,6005.88
502373,2024-04-15,SKU1004,WH_WEST,4,661.52,10.0,No,2381.47
502388,2024-04-15,SKU1027,WH_NORTH,6,194.56,5.0,No,1108.99
502390,2024-04-15,SKU1029,WH_SOUTH,7,716.7,0.0,No,5016.9
502385,2024-04-15,SKU1024,WH_NORTH,4,1822.24,5.0,No,6924.51
502372,2024-04-15,SKU1003,WH_SOUTH,2,21674.48,15.0,No,36846.62
502396,2024-04-15,SKU1039,WH_SOUTH,11,222.44,0.0,No,2446.84
502375,2024-04-15,SKU1008,WH_SOUTH,4,7387.04,0.0,No,29548.16
502381,2024-04-15,SKU1018,WH_NORTH,9,2038.19,0.0,No,18343.71
502395,2024-04-15,SKU1038,WH_SOUTH,15,1639.79,0.0,No,24596.85
502377,2024-04-15,SKU1012,WH_WEST,12,1433.92,15.0,No,14625.98
502382,2024-04-15,SKU1019,WH_SOUTH,4,1767.95,10.0,No,6364.62
502387,2024-04-15,SKU1026,WH_WEST,5,994.38,0.0,No,4971.9
502386,2024-04-15,SKU1025,WH_WEST,10,1880.05,0.0,Yes,18800.5
502378,2024-04-15,SKU1013,WH_SOUTH,7,2835.28,10.0,No,17862.26
502383,2024-04-15,SKU1021,WH_NORTH,4,2700.26,0.0,No,10801.04
502392,2024-04-15,SKU1034,WH_WEST,11,2229.38,0.0,No,24523.18
502391,2024-04-15,SKU1033,WH_SOUTH,11,1093.06,0.0,No,12023.66
502384,2024-04-15,SKU1023,WH_NORTH,2,1257.73,0.0,No,2515.46
502379,2024-04-15,SKU1014,WH_NORTH,8,1248.44,5.0,No,9488.14
502394,2024-04-15,SKU1037,WH_WEST,10,2206.93,0.0,No,22069.3
502376,2024-04-15,SKU1010,WH_NORTH,9,1240.02,5.0,No,10602.17
502389,2024-04-15,SKU1028,WH_SOUTH,8,716.34,15.0,No,4871.11
502393,2024-04-15,SKU1035,WH_NORTH,24,1749.54,10.0,Yes,37790.06
502380,2024-04-15,SKU1015,WH_WEST,7,808.05,0.0,No,5656.35
502374,2024-04-15,SKU1007,WH_SOUTH,5,13190.2,15.0,No,56058.35
502407,2024-04-16,SKU1024,WH_WEST,8,1822.24,10.0,No,13120.13
502406,2024-04-16,SKU1022,WH_SOUTH,6,278.9,0.0,No,1673.4
502405,2024-04-16,SKU1020,WH_SOUTH,5,2359.13,0.0,No,11795.65
502412,2024-04-16,SKU1032,WH_WEST,17,2757.64,0.0,No,46879.88
502403,2024-04-16,SKU1017,WH_NORTH,5,2741.56,0.0,No,13707.8
502408,2024-04-16,SKU1025,WH_WEST,8,1880.05,15.0,No,12784.34
502415,2024-04-16,SKU1038,WH_NORTH,6,1639.79,0.0,No,9838.74
502413,2024-04-16,SKU1033,WH_SOUTH,12,1093.06,0.0,No,13116.72
502414,2024-04-16,SKU1037,WH_WEST,16,2206.93,5.0,No,33545.34
502400,2024-04-16,SKU1011,WH_WEST,7,282.38,0.0,No,1976.66
502401,2024-04-16,SKU1012,WH_WEST,4,1433.92,0.0,No,5735.68
502410,2024-04-16,SKU1028,WH_SOUTH,11,716.34,0.0,Yes,7879.74
502402,2024-04-16,SKU1016,WH_SOUTH,9,497.81,5.0,No,4256.28
502404,2024-04-16,SKU1019,WH_SOUTH,12,1767.95,5.0,No,20154.63
502398,2024-04-16,SKU1006,WH_NORTH,2,4707.6,5.0,No,8944.44
502399,2024-04-16,SKU1008,WH_NORTH,3,7387.04,15.0,No,18836.95
502411,2024-04-16,SKU1031,WH_SOUTH,12,2789.96,15.0,No,28457.59
502397,2024-04-16,SKU1005,WH_SOUTH,4,23473.03,0.0,No,93892.12
502409,2024-04-16,SKU1026,WH_NORTH,4,994.38,5.0,No,3778.64
502421,2024-04-17,SKU1012,WH_WEST,9,1433.92,15.0,No,10969.49
502431,2024-04-17,SKU1030,WH_NORTH,14,2402.0,0.0,No,33628.0
502424,2024-04-17,SKU1016,WH_NORTH,6,497.81,10.0,No,2688.17
502422,2024-04-17,SKU1013,WH_NORTH,7,2835.28,0.0,No,19846.96
502426,2024-04-17,SKU1020,WH_WEST,6,2359.13,0.0,No,14154.78
502432,2024-04-17,SKU1031,WH_SOUTH,28,2789.96,0.0,Yes,78118.88
502417,2024-04-17,SKU1002,WH_NORTH,4,4026.46,5.0,No,15300.55
502435,2024-04-17,SKU1039,WH_SOUTH,15,222.44,0.0,No,3336.6
502418,2024-04-17,SKU1003,WH_SOUTH,6,21674.48,0.0,Yes,130046.88
502428,2024-04-17,SKU1025,WH_SOUTH,5,1880.05,10.0,No,8460.22
502434,2024-04-17,SKU1036,WH_SOUTH,15,2919.38,0.0,No,43790.7
502416,2024-04-17,SKU1000,WH_NORTH,5,9457.32,0.0,No,47286.6
502433,2024-04-17,SKU1032,WH_NORTH,13,2757.64,10.0,No,32264.39
502420,2024-04-17,SKU1010,WH_NORTH,6,1240.02,10.0,No,6696.11
502430,2024-04-17,SKU1028,WH_SOUTH,6,716.34,5.0,No,4083.14
502423,2024-04-17,SKU1014,WH_NORTH,5,1248.44,0.0,No,6242.2
502427,2024-04-17,SKU1022,WH_SOUTH,5,278.9,0.0,No,1394.5
502429,2024-04-17,SKU1026,WH_WEST,5,994.38,0.0,No,4971.9
502419,2024-04-17,SKU1006,WH_SOUTH,6,4707.6,0.0,No,28245.6
502425,2024-04-17,SKU1019,WH_SOUTH,6,1767.95,0.0,No,10607.7
502446,2024-04-18,SKU1017,WH_WEST,10,2741.56,0.0,No,27415.6
502437,2024-04-18,SKU1002,WH_WEST,4,4026.46,20.0,No,12884.67
502438,2024-04-18,SKU1004,WH_WEST,6,661.52,15.0,Yes,3373.75
502452,2024-04-18,SKU1026,WH_NORTH,5,994.38,0.0,No,4971.9
502440,2024-04-18,SKU1006,WH_NORTH,5,4707.6,0.0,No,23538.0
502436,2024-04-18,SKU1001,WH_SOUTH,5,19525.32,0.0,No,97626.6
502460,2024-04-18,SKU1036,WH_NORTH,28,2919.38,5.0,No,77655.51
502456,2024-04-18,SKU1032,WH_NORTH,12,2757.64,0.0,No,33091.68
502442,2024-04-18,SKU1009,WH_NORTH,5,1309.64,0.0,No,6548.2
502444,2024-04-18,SKU1013,WH_NORTH,11,2835.28,5.0,No,29628.68
502453,2024-04-18,SKU1028,WH_SOUTH,7,716.34,0.0,No,5014.38
502443,2024-04-18,SKU1010,WH_SOUTH,7,1240.02,5.0,No,8246.13
502449,2024-04-18,SKU1020,WH_SOUTH,6,2359.13,10.0,No,12739.3
502441,2024-04-18,SKU1008,WH_SOUTH,2,7387.04,0.0,No,14774.08
502457,2024-04-18,SKU1033,WH_WEST,15,1093.06,0.0,No,16395.9
502451,2024-04-18,SKU1025,WH_SOUTH,6,1880.05,5.0,No,10716.28
502458,2024-04-18,SKU1034,WH_NORTH,12,2229.38,5.0,No,25414.93
502454,2024-04-18,SKU1030,WH_WEST,16,2402.0,0.0,No,38432.0
502459,2024-04-18,SKU1035,WH_NORTH,24,1749.54,0.0,No,41988.96
502447,2024-04-18,SKU1018,WH_WEST,7,2038.19,5.0,No,13553.96
502448,2024-04-18,SKU1019,WH_WEST,6,1767.95,0.0,No,10607.7
502450,2024-04-18,SKU1023,WH_SOUTH,6,1257.73,0.0,No,7546.38
502455,2024-04-18,SKU1031,WH_SOUTH,14,2789.96,5.0,No,37106.47
502439,2024-04-18,SKU1005,WH_WEST,3,23473.03,0.0,No,70419.09
502445,2024-04-18,SKU1014,WH_WEST,11,1248.44,0.0,No,13732.84
502461,2024-04-19,SKU1000,WH_WEST,5,9457.32,10.0,No,42557.94
502475,2024-04-19,SKU1024,WH_NORTH,5,1822.24,15.0,No,7744.52
502468,2024-04-19,SKU1016,WH_SOUTH,7,497.81,0.0,No,3484.67
502476,2024-04-19,SKU1027,WH_WEST,7,194.56,0.0,No,1361.92
502465,2024-04-19,SKU1013,WH_NORTH,13,2835.28,10.0,No,33172.78
502473,2024-04-19,SKU1022,WH_WEST,6,278.9,0.0,No,1673.4
502463,2024-04-19,SKU1002,WH_WEST,5,4026.46,0.0,No,20132.3
502478,2024-04-19,SKU1034,WH_WEST,15,2229.38,5.0,No,31768.66
502474,2024-04-19,SKU1023,WH_WEST,10,1257.73,15.0,No,10690.7
502464,2024-04-19,SKU1011,WH_SOUTH,9,282.38,0.0,No,2541.42
502469,2024-04-19,SKU1017,WH_NORTH,8,2741.56,0.0,No,21932.48
502477,2024-04-19,SKU1032,WH_NORTH,19,2757.64,0.0,No,52395.16
502470,2024-04-19,SKU1019,WH_NORTH,8,1767.95,0.0,No,14143.6
502479,2024-04-19,SKU1039,WH_SOUTH,24,222.44,0.0,No,5338.56
502471,2024-04-19,SKU1020,WH_SOUTH,7,2359.13,15.0,No,14036.82
502466,2024-04-19,SKU1014,WH_NORTH,8,1248.44,5.0,No,9488.14
502467,2024-04-19,SKU1015,WH_NORTH,6,808.05,0.0,No,4848.3
502462,2024-04-19,SKU1001,WH_SOUTH,3,19525.32,5.0,No,55647.16
502472,2024-04-19,SKU1021,WH_WEST,7,2700.26,15.0,No,16066.55
502491,2024-04-20,SKU1019,WH_SOUTH,9,1767.95,0.0,No,15911.55
502495,2024-04-20,SKU1030,WH_NORTH,33,2402.0,5.0,Yes,75302.7
502494,2024-04-20,SKU1029,WH_SOUTH,6,716.7,0.0,No,4300.2
502485,2024-04-20,SKU1010,WH_WEST,13,1240.02,0.0,No,16120.26
502481,2024-04-20,SKU1002,WH_SOUTH,3,4026.46,0.0,No,12079.38
502490,2024-04-20,SKU1016,WH_SOUTH,20,497.81,15.0,Yes,8674.34
502492,2024-04-20,SKU1020,WH_NORTH,3,2359.13,0.0,No,7077.39
502484,2024-04-20,SKU1008,WH_SOUTH,4,7387.04,10.0,No,26593.34
502486,2024-04-20,SKU1011,WH_NORTH,6,282.38,0.0,No,1694.28
502488,2024-04-20,SKU1014,WH_WEST,12,1248.44,0.0,No,14981.28
502480,2024-04-20,SKU1000,WH_SOUTH,3,9457.32,0.0,No,28371.96
502482,2024-04-20,SKU1005,WH_SOUTH,5,23473.03,15.0,No,99760.38
502493,2024-04-20,SKU1024,WH_WEST,8,1822.24,0.0,No,14577.92
502499,2024-04-20,SKU1039,WH_NORTH,26,222.44,0.0,No,5783.44
502489,2024-04-20,SKU1015,WH_WEST,13,808.05,0.0,No,10504.65
502483,2024-04-20,SKU1006,WH_SOUTH,3,4707.6,0.0,No,14122.8
502487,2024-04-20,SKU1013,WH_NORTH,10,2835.28,0.0,No,28352.8
502498,2024-04-20,SKU1037,WH_WEST,24,2206.93,20.0,No,42373.06
502496,2024-04-20,SKU1033,WH_WEST,16,1093.06,20.0,No,13991.17
502497,2024-04-20,SKU1036,WH_WEST,23,2919.38,5.0,No,63788.45
502519,2024-04-21,SKU1027,WH_NORTH,3,194.56,10.0,No,525.31
502514,2024-04-21,SKU1020,WH_WEST,7,2359.13,15.0,No,14036.82
502515,2024-04-21,SKU1021,WH_SOUTH,6,2700.26,10.0,No,14581.4
502509,2024-04-21,SKU1014,WH_WEST,6,1248.44,15.0,No,6367.04
502517,2024-04-21,SKU1024,WH_SOUTH,7,1822.24,0.0,No,12755.68
502521,2024-04-21,SKU1031,WH_WEST,21,2789.96,0.0,No,58589.16
502512,2024-04-21,SKU1017,WH_WEST,12,2741.56,0.0,No,32898.72
502504,2024-04-21,SKU1007,WH_SOUTH,6,13190.2,0.0,No,79141.2
502511,2024-04-21,SKU1016,WH_WEST,12,497.81,10.0,No,5376.35
502507,2024-04-21,SKU1011,WH_NORTH,4,282.38,0.0,No,1129.52
502500,2024-04-21,SKU1000,WH_SOUTH,5,9457.32,0.0,No,47286.6
502516,2024-04-21,SKU1022,WH_SOUTH,6,278.9,0.0,No,1673.4
502505,2024-04-21,SKU1008,WH_SOUTH,6,7387.04,0.0,No,44322.24
502522,2024-04-21,SKU1035,WH_NORTH,35,1749.54,0.0,Yes,61233.9
502513,2024-04-21,SKU1018,WH_NORTH,6,2038.19,0.0,No,12229.14
502523,2024-04-21,SKU1039,WH_NORTH,11,222.44,0.0,No,2446.84
502520,2024-04-21,SKU1030,WH_WEST,17,2402.0,0.0,No,40834.0
502518,2024-04-21,SKU1025,WH_SOUTH,8,1880.05,0.0,No,15040.4
502501,2024-04-21,SKU1002,WH_NORTH,6,4026.46,0.0,No,24158.76
502510,2024-04-21,SKU1015,WH_SOUTH,12,808.05,0.0,No,9696.6
502506,2024-04-21,SKU1009,WH_SOUTH,7,1309.64,5.0,Yes,8709.11
502502,2024-04-21,SKU1004,WH_WEST,5,661.52,10.0,No,2976.84
502503,2024-04-21,SKU1006,WH_WEST,4,4707.6,0.0,No,18830.4
502508,2024-04-21,SKU1013,WH_WEST,6,2835.28,0.0,No,17011.68
502528,2024-04-22,SKU1013,WH_WEST,7,2835.28,5.0,No,18854.61
502544,2024-04-22,SKU1033,WH_NORTH,18,1093.06,0.0,Yes,19675.08
502538,2024-04-22,SKU1027,WH_NORTH,4,194.56,5.0,No,739.33
502542,2024-04-22,SKU1031,WH_WEST,19,2789.96,5.0,No,50358.78
502539,2024-04-22,SKU1028,WH_NORTH,4,716.34,0.0,No,2865.36
502534,2024-04-22,SKU1022,WH_WEST,6,278.9,10.0,No,1506.06
502526,2024-04-22,SKU1009,WH_NORTH,3,1309.64,0.0,No,3928.92
502531,2024-04-22,SKU1017,WH_NORTH,11,2741.56,0.0,No,30157.16
502536,2024-04-22,SKU1024,WH_SOUTH,5,1822.24,0.0,No,9111.2
502541,2024-04-22,SKU1030,WH_SOUTH,17,2402.0,0.0,No,40834.0
502533,2024-04-22,SKU1020,WH_SOUTH,5,2359.13,5.0,No,11205.87
502529,2024-04-22,SKU1015,WH_NORTH,7,808.05,15.0,No,4807.9
502525,2024-04-22,SKU1007,WH_WEST,3,13190.2,20.0,No,31656.48
502547,2024-04-22,SKU1036,WH_NORTH,18,2919.38,10.0,No,47293.96
502545,2024-04-22,SKU1034,WH_WEST,13,2229.38,0.0,No,28981.94
502537,2024-04-22,SKU1025,WH_WEST,4,1880.05,20.0,No,6016.16
502543,2024-04-22,SKU1032,WH_WEST,8,2757.64,15.0,No,18751.95
502532,2024-04-22,SKU1019,WH_SOUTH,9,1767.95,15.0,No,13524.82
502524,2024-04-22,SKU1005,WH_WEST,4,23473.03,0.0,No,93892.12
502527,2024-04-22,SKU1011,WH_SOUTH,9,282.38,0.0,No,2541.42
502540,2024-04-22,SKU1029,WH_NORTH,6,716.7,0.0,No,4300.2
502535,2024-04-22,SKU1023,WH_WEST,5,1257.73,5.0,No,5974.22
502530,2024-04-22,SKU1016,WH_WEST,9,497.81,0.0,No,4480.29
502546,2024-04-22,SKU1035,WH_SOUTH,19,1749.54,10.0,No,29917.13
502572,2024-04-23,SKU1039,WH_NORTH,15,222.44,0.0,No,3336.6
502549,2024-04-23,SKU1001,WH_NORTH,4,19525.32,0.0,No,78101.28
502553,2024-04-23,SKU1005,WH_SOUTH,3,23473.03,0.0,No,70419.09
502563,2024-04-23,SKU1026,WH_NORTH,5,994.38,0.0,No,4971.9
502565,2024-04-23,SKU1029,WH_NORTH,8,716.7,0.0,No,5733.6
502551,2024-04-23,SKU1003,WH_SOUTH,3,21674.48,0.0,No,65023.44
502569,2024-04-23,SKU1036,WH_NORTH,14,2919.38,0.0,No,40871.32
502557,2024-04-23,SKU1010,WH_NORTH,10,1240.02,0.0,No,12400.2
502552,2024-04-23,SKU1004,WH_WEST,5,661.52,0.0,No,3307.6
502550,2024-04-23,SKU1002,WH_WEST,4,4026.46,15.0,Yes,13689.96
502568,2024-04-23,SKU1035,WH_SOUTH,19,1749.54,10.0,No,29917.13
502548,2024-04-23,SKU1000,WH_SOUTH,4,9457.32,0.0,No,37829.28
502559,2024-04-23,SKU1019,WH_SOUTH,12,1767.95,10.0,No,19093.86
502567,2024-04-23,SKU1033,WH_NORTH,21,1093.06,0.0,No,22954.26
502561,2024-04-23,SKU1022,WH_NORTH,6,278.9,15.0,No,1422.39
502564,2024-04-23,SKU1028,WH_SOUTH,8,716.34,0.0,No,5730.72
502555,2024-04-23,SKU1008,WH_SOUTH,4,7387.04,0.0,No,29548.16
502570,2024-04-23,SKU1037,WH_SOUTH,14,2206.93,5.0,No,29352.17
502566,2024-04-23,SKU1031,WH_NORTH,17,2789.96,0.0,No,47429.32
502558,2024-04-23,SKU1015,WH_SOUTH,9,808.05,0.0,No,7272.45
502560,2024-04-23,SKU1021,WH_SOUTH,9,2700.26,0.0,Yes,24302.34
502562,2024-04-23,SKU1025,WH_SOUTH,4,1880.05,5.0,No,7144.19
502554,2024-04-23,SKU1007,WH_NORTH,4,13190.2,0.0,No,52760.8
502571,2024-04-23,SKU1038,WH_NORTH,13,1639.79,0.0,No,21317.27
502556,2024-04-23,SKU1009,WH_NORTH,4,1309.64,15.0,No,4452.78
502579,2024-04-24,SKU1020,WH_WEST,5,2359.13,10.0,No,10616.08
502590,2024-04-24,SKU1036,WH_SOUTH,20,2919.38,0.0,No,58387.6
502587,2024-04-24,SKU1031,WH_WEST,18,2789.96,15.0,No,42686.39
502573,2024-04-24,SKU1001,WH_WEST,4,19525.32,0.0,No,78101.28
502584,2024-04-24,SKU1025,WH_WEST,5,1880.05,10.0,No,8460.22
502589,2024-04-24,SKU1035,WH_WEST,9,1749.54,5.0,No,14958.57
502575,2024-04-24,SKU1010,WH_NORTH,12,1240.02,5.0,No,14136.23
502586,2024-04-24,SKU1030,WH_NORTH,11,2402.0,10.0,No,23779.8
502585,2024-04-24,SKU1026,WH_WEST,5,994.38,0.0,No,4971.9
502588,2024-04-24,SKU1033,WH_WEST,24,1093.06,15.0,No,22298.42
502574,2024-04-24,SKU1009,WH_SOUTH,3,1309.64,0.0,No,3928.92
502578,2024-04-24,SKU1019,WH_SOUTH,9,1767.95,0.0,No,15911.55
502581,2024-04-24,SKU1022,WH_SOUTH,7,278.9,0.0,No,1952.3
502583,2024-04-24,SKU1024,WH_WEST,4,1822.24,0.0,No,7288.96
502577,2024-04-24,SKU1017,WH_WEST,6,2741.56,15.0,No,13981.96
502580,2024-04-24,SKU1021,WH_SOUTH,4,2700.26,0.0,No,10801.04
502576,2024-04-24,SKU1012,WH_NORTH,9,1433.92,10.0,No,11614.75
502582,2024-04-24,SKU1023,WH_NORTH,3,1257.73,0.0,No,3773.19
502592,2024-04-25,SKU1003,WH_WEST,2,21674.48,0.0,No,43348.96
502605,2024-04-25,SKU1031,WH_NORTH,34,2789.96,10.0,Yes,85372.78
502610,2024-04-25,SKU1039,WH_WEST,13,222.44,15.0,No,2457.96
502603,2024-04-25,SKU1026,WH_SOUTH,6,994.38,0.0,No,5966.28
502600,2024-04-25,SKU1020,WH_SOUTH,8,2359.13,5.0,No,17929.39
502593,2024-04-25,SKU1005,WH_WEST,4,23473.03,0.0,No,93892.12
502604,2024-04-25,SKU1028,WH_NORTH,6,716.34,5.0,No,4083.14
502591,2024-04-25,SKU1000,WH_SOUTH,5,9457.32,0.0,No,47286.6
502609,2024-04-25,SKU1038,WH_WEST,23,1639.79,0.0,No,37715.17
502602,2024-04-25,SKU1025,WH_SOUTH,6,1880.05,10.0,No,10152.27
502597,2024-04-25,SKU1012,WH_NORTH,9,1433.92,5.0,No,12260.02
502599,2024-04-25,SKU1018,WH_SOUTH,7,2038.19,0.0,No,14267.33
502594,2024-04-25,SKU1006,WH_NORTH,3,4707.6,20.0,No,11298.24
502607,2024-04-25,SKU1034,WH_SOUTH,14,2229.38,0.0,No,31211.32
502606,2024-04-25,SKU1033,WH_SOUTH,15,1093.06,5.0,No,15576.1
502596,2024-04-25,SKU1011,WH_WEST,8,282.38,10.0,No,2033.14
502608,2024-04-25,SKU1036,WH_SOUTH,21,2919.38,15.0,Yes,52110.93
502601,2024-04-25,SKU1024,WH_SOUTH,5,1822.24,5.0,No,8655.64
502595,2024-04-25,SKU1010,WH_SOUTH,9,1240.02,20.0,No,8928.14
502598,2024-04-25,SKU1016,WH_SOUTH,6,497.81,0.0,No,2986.86
502611,2024-04-26,SKU1000,WH_NORTH,4,9457.32,10.0,No,34046.35
502635,2024-04-26,SKU1030,WH_WEST,22,2402.0,0.0,Yes,52844.0
502627,2024-04-26,SKU1018,WH_NORTH,11,2038.19,0.0,No,22420.09
502639,2024-04-26,SKU1038,WH_WEST,16,1639.79,0.0,No,26236.64
502623,2024-04-26,SKU1012,WH_WEST,6,1433.92,15.0,No,7312.99
502631,2024-04-26,SKU1024,WH_WEST,6,1822.24,0.0,No,10933.44
502616,2024-04-26,SKU1005,WH_WEST,4,23473.03,0.0,No,93892.12
502613,2024-04-26,SKU1002,WH_WEST,4,4026.46,0.0,No,16105.84
502614,2024-04-26,SKU1003,WH_NORTH,5,21674.48,0.0,No,108372.4
502618,2024-04-26,SKU1007,WH_NORTH,9,13190.2,0.0,Yes,118711.8
502619,2024-04-26,SKU1008,WH_NORTH,3,7387.04,15.0,No,18836.95
502628,2024-04-26,SKU1019,WH_SOUTH,12,1767.95,0.0,Yes,21215.4
502621,2024-04-26,SKU1010,WH_NORTH,9,1240.02,0.0,No,11160.18
502615,2024-04-26,SKU1004,WH_WEST,8,661.52,0.0,Yes,5292.16
502624,2024-04-26,SKU1013,WH_SOUTH,5,2835.28,0.0,No,14176.4
502638,2024-04-26,SKU1037,WH_NORTH,17,2206.93,0.0,No,37517.81
502636,2024-04-26,SKU1032,WH_NORTH,9,2757.64,0.0,No,24818.76
502617,2024-04-26,SKU1006,WH_WEST,4,4707.6,15.0,No,16005.84
502633,2024-04-26,SKU1026,WH_SOUTH,6,994.38,0.0,No,5966.28
502625,2024-04-26,SKU1014,WH_WEST,6,1248.44,0.0,No,7490.64
502620,2024-04-26,SKU1009,WH_NORTH,4,1309.64,0.0,No,5238.56
502630,2024-04-26,SKU1023,WH_SOUTH,7,1257.73,0.0,No,8804.11
502612,2024-04-26,SKU1001,WH_SOUTH,5,19525.32,5.0,No,92745.27
502626,2024-04-26,SKU1015,WH_WEST,5,808.05,5.0,No,3838.24
502629,2024-04-26,SKU1021,WH_WEST,7,2700.26,0.0,No,18901.82
502637,2024-04-26,SKU1036,WH_NORTH,18,2919.38,0.0,No,52548.84
502632,2024-04-26,SKU1025,WH_NORTH,7,1880.05,10.0,Yes,11844.32
502622,2024-04-26,SKU1011,WH_WEST,6,282.38,0.0,No,1694.28
502634,2024-04-26,SKU1029,WH_WEST,7,716.7,5.0,No,4766.06
502657,2024-04-27,SKU1037,WH_SOUTH,26,2206.93,20.0,No,45904.14
502641,2024-04-27,SKU1004,WH_NORTH,2,661.52,15.0,No,1124.58
502640,2024-04-27,SKU1003,WH_NORTH,4,21674.48,0.0,No,86697.92
502649,2024-04-27,SKU1020,WH_SOUTH,7,2359.13,10.0,No,14862.52
502658,2024-04-27,SKU1038,WH_WEST,22,1639.79,0.0,No,36075.38
502646,2024-04-27,SKU1016,WH_WEST,4,497.81,0.0,No,1991.24
502644,2024-04-27,SKU1009,WH_SOUTH,5,1309.64,0.0,No,6548.2
502645,2024-04-27,SKU1014,WH_NORTH,14,1248.44,10.0,No,15730.34
502648,2024-04-27,SKU1019,WH_SOUTH,7,1767.95,15.0,No,10519.3
502652,2024-04-27,SKU1024,WH_SOUTH,8,1822.24,20.0,No,11662.34
502654,2024-04-27,SKU1030,WH_WEST,17,2402.0,0.0,No,40834.0
502647,2024-04-27,SKU1018,WH_NORTH,9,2038.19,20.0,No,14674.97
502642,2024-04-27,SKU1006,WH_SOUTH,3,4707.6,0.0,No,14122.8
502651,2024-04-27,SKU1023,WH_NORTH,11,1257.73,0.0,No,13835.03
502653,2024-04-27,SKU1027,WH_NORTH,9,194.56,0.0,No,1751.04
502655,2024-04-27,SKU1031,WH_SOUTH,16,2789.96,0.0,No,44639.36
502656,2024-04-27,SKU1033,WH_WEST,27,1093.06,0.0,No,29512.62
502643,2024-04-27,SKU1008,WH_WEST,5,7387.04,0.0,No,36935.2
502650,2024-04-27,SKU1022,WH_WEST,8,278.9,15.0,No,1896.52
502678,2024-04-28,SKU1038,WH_WEST,20,1639.79,15.0,No,27876.43
502671,2024-04-28,SKU1027,WH_NORTH,14,194.56,5.0,No,2587.65
502662,2024-04-28,SKU1007,WH_NORTH,7,13190.2,0.0,No,92331.4
502663,2024-04-28,SKU1010,WH_WEST,10,1240.02,0.0,No,12400.2
502669,2024-04-28,SKU1024,WH_SOUTH,7,1822.24,0.0,No,12755.68
502666,2024-04-28,SKU1015,WH_NORTH,11,808.05,0.0,No,8888.55
502674,2024-04-28,SKU1032,WH_SOUTH,11,2757.64,5.0,No,28817.34
502676,2024-04-28,SKU1035,WH_WEST,27,1749.54,5.0,No,44875.7
502667,2024-04-28,SKU1019,WH_WEST,13,1767.95,20.0,No,18386.68
502673,2024-04-28,SKU1031,WH_NORTH,22,2789.96,5.0,No,58310.16
502677,2024-04-28,SKU1036,WH_NORTH,19,2919.38,15.0,No,47147.99
502672,2024-04-28,SKU1028,WH_WEST,11,716.34,15.0,No,6697.78
502660,2024-04-28,SKU1004,WH_WEST,9,661.52,10.0,No,5358.31
502668,2024-04-28,SKU1022,WH_WEST,7,278.9,15.0,No,1659.45
502661,2024-04-28,SKU1006,WH_WEST,4,4707.6,0.0,No,18830.4
502665,2024-04-28,SKU1014,WH_SOUTH,10,1248.44,0.0,No,12484.4
502659,2024-04-28,SKU1000,WH_WEST,2,9457.32,0.0,No,18914.64
502664,2024-04-28,SKU1013,WH_SOUTH,10,2835.28,15.0,No,24099.88
502675,2024-04-28,SKU1034,WH_WEST,18,2229.38,15.0,No,34109.51
502670,2024-04-28,SKU1025,WH_NORTH,6,1880.05,0.0,No,11280.3
502689,2024-04-29,SKU1021,WH_NORTH,7,2700.26,0.0,No,18901.82
502682,2024-04-29,SKU1008,WH_WEST,3,7387.04,5.0,No,21053.06
502691,2024-04-29,SKU1026,WH_NORTH,5,994.38,0.0,No,4971.9
502687,2024-04-29,SKU1017,WH_NORTH,11,2741.56,0.0,No,30157.16
502685,2024-04-29,SKU1015,WH_NORTH,8,808.05,5.0,No,6141.18
502680,2024-04-29,SKU1004,WH_SOUTH,4,661.52,0.0,No,2646.08
502692,2024-04-29,SKU1027,WH_WEST,10,194.56,10.0,No,1751.04
502684,2024-04-29,SKU1013,WH_SOUTH,15,2835.28,0.0,Yes,42529.2
502694,2024-04-29,SKU1039,WH_WEST,16,222.44,20.0,No,2847.23
502690,2024-04-29,SKU1025,WH_WEST,6,1880.05,0.0,No,11280.3
502681,2024-04-29,SKU1006,WH_NORTH,6,4707.6,10.0,No,25421.04
502686,2024-04-29,SKU1016,WH_WEST,8,497.81,10.0,No,3584.23
502693,2024-04-29,SKU1029,WH_SOUTH,8,716.7,0.0,No,5733.6
502679,2024-04-29,SKU1001,WH_NORTH,5,19525.32,15.0,No,82982.61
502683,2024-04-29,SKU1010,WH_SOUTH,11,1240.02,0.0,No,13640.22
502688,2024-04-29,SKU1018,WH_WEST,12,2038.19,10.0,No,22012.45
502707,2024-04-30,SKU1030,WH_NORTH,11,2402.0,15.0,No,22458.7
502709,2024-04-30,SKU1036,WH_NORTH,17,2919.38,0.0,No,49629.46
502701,2024-04-30,SKU1019,WH_SOUTH,10,1767.95,0.0,No,17679.5
502697,2024-04-30,SKU1003,WH_SOUTH,3,21674.48,5.0,No,61772.27
502698,2024-04-30,SKU1005,WH_WEST,6,23473.03,0.0,No,140838.18
502711,2024-04-30,SKU1039,WH_NORTH,23,222.44,10.0,No,4604.51
502704,2024-04-30,SKU1026,WH_NORTH,5,994.38,0.0,No,4971.9
502696,2024-04-30,SKU1002,WH_WEST,2,4026.46,10.0,No,7247.63
502700,2024-04-30,SKU1014,WH_WEST,9,1248.44,5.0,No,10674.16
502702,2024-04-30,SKU1021,WH_NORTH,6,2700.26,0.0,No,16201.56
502699,2024-04-30,SKU1012,WH_NORTH,9,1433.92,15.0,No,10969.49
502703,2024-04-30,SKU1022,WH_NORTH,8,278.9,0.0,No,2231.2
502705,2024-04-30,SKU1027,WH_WEST,9,194.56,0.0,No,1751.04
502706,2024-04-30,SKU1028,WH_NORTH,9,716.34,0.0,Yes,6447.06
502710,2024-04-30,SKU1038,WH_SOUTH,19,1639.79,0.0,No,31156.01
502708,2024-04-30,SKU1031,WH_WEST,20,2789.96,20.0,No,44639.36
502695,2024-04-30,SKU1001,WH_NORTH,4,19525.32,0.0,No,78101.28
502715,2024-05-01,SKU1004,WH_SOUTH,2,661.52,0.0,No,1323.04
502714,2024-05-01,SKU1003,WH_WEST,4,21674.48,0.0,No,86697.92
502732,2024-05-01,SKU1037,WH_WEST,21,2206.93,0.0,No,46345.53
502725,2024-05-01,SKU1021,WH_WEST,5,2700.26,0.0,No,13501.3
502716,2024-05-01,SKU1006,WH_WEST,7,4707.6,5.0,Yes,31305.54
502730,2024-05-01,SKU1029,WH_WEST,8,716.7,0.0,No,5733.6
502712,2024-05-01,SKU1000,WH_SOUTH,4,9457.32,0.0,No,37829.28
502721,2024-05-01,SKU1013,WH_WEST,10,2835.28,5.0,No,26935.16
502728,2024-05-01,SKU1025,WH_WEST,9,1880.05,10.0,No,15228.4
502720,2024-05-01,SKU1012,WH_WEST,8,1433.92,10.0,No,10324.22
502731,2024-05-01,SKU1035,WH_SOUTH,13,1749.54,0.0,No,22744.02
502727,2024-05-01,SKU1024,WH_WEST,6,1822.24,15.0,No,9293.42
502729,2024-05-01,SKU1027,WH_WEST,10,194.56,0.0,No,1945.6
502719,2024-05-01,SKU1009,WH_NORTH,7,1309.64,0.0,Yes,9167.48
502724,2024-05-01,SKU1019,WH_SOUTH,10,1767.95,5.0,No,16795.52
502718,2024-05-01,SKU1008,WH_NORTH,5,7387.04,10.0,No,33241.68
502717,2024-05-01,SKU1007,WH_WEST,4,13190.2,0.0,No,52760.8
502713,2024-05-01,SKU1002,WH_NORTH,5,4026.46,15.0,No,17112.45
502722,2024-05-01,SKU1016,WH_SOUTH,7,497.81,0.0,No,3484.67
502733,2024-05-01,SKU1038,WH_SOUTH,26,1639.79,10.0,Yes,38371.09
502726,2024-05-01,SKU1022,WH_SOUTH,8,278.9,15.0,Yes,1896.52
502723,2024-05-01,SKU1018,WH_SOUTH,10,2038.19,5.0,No,19362.8
502736,2024-05-02,SKU1005,WH_SOUTH,2,23473.03,0.0,No,46946.06
502747,2024-05-02,SKU1032,WH_NORTH,12,2757.64,0.0,No,33091.68
502742,2024-05-02,SKU1020,WH_NORTH,8,2359.13,15.0,No,16042.08
502749,2024-05-02,SKU1034,WH_WEST,18,2229.38,0.0,No,40128.84
502739,2024-05-02,SKU1011,WH_SOUTH,7,282.38,10.0,No,1778.99
502737,2024-05-02,SKU1007,WH_SOUTH,4,13190.2,0.0,No,52760.8
502743,2024-05-02,SKU1025,WH_SOUTH,9,1880.05,0.0,No,16920.45
502746,2024-05-02,SKU1031,WH_NORTH,18,2789.96,0.0,No,50219.28
502734,2024-05-02,SKU1000,WH_NORTH,8,9457.32,10.0,Yes,68092.7
502745,2024-05-02,SKU1030,WH_NORTH,22,2402.0,0.0,No,52844.0
502738,2024-05-02,SKU1010,WH_SOUTH,9,1240.02,5.0,Yes,10602.17
502748,2024-05-02,SKU1033,WH_SOUTH,23,1093.06,0.0,No,25140.38
502741,2024-05-02,SKU1016,WH_SOUTH,6,497.81,0.0,No,2986.86
502735,2024-05-02,SKU1004,WH_SOUTH,5,661.52,0.0,No,3307.6
502744,2024-05-02,SKU1026,WH_SOUTH,8,994.38,10.0,Yes,7159.54
502750,2024-05-02,SKU1038,WH_NORTH,17,1639.79,0.0,No,27876.43
502740,2024-05-02,SKU1013,WH_WEST,6,2835.28,0.0,No,17011.68
502766,2024-05-03,SKU1024,WH_NORTH,9,1822.24,0.0,No,16400.16
502760,2024-05-03,SKU1018,WH_SOUTH,9,2038.19,0.0,No,18343.71
502761,2024-05-03,SKU1019,WH_WEST,3,1767.95,0.0,No,5303.85
502758,2024-05-03,SKU1016,WH_SOUTH,11,497.81,0.0,No,5475.91
502770,2024-05-03,SKU1030,WH_SOUTH,19,2402.0,0.0,No,45638.0
502774,2024-05-03,SKU1038,WH_NORTH,21,1639.79,0.0,Yes,34435.59
502755,2024-05-03,SKU1012,WH_SOUTH,7,1433.92,20.0,No,8029.95
502772,2024-05-03,SKU1032,WH_SOUTH,19,2757.64,0.0,No,52395.16
502753,2024-05-03,SKU1010,WH_NORTH,11,1240.02,20.0,No,10912.18
502764,2024-05-03,SKU1022,WH_WEST,6,278.9,0.0,No,1673.4
502765,2024-05-03,SKU1023,WH_WEST,6,1257.73,0.0,No,7546.38
502751,2024-05-03,SKU1001,WH_WEST,6,19525.32,15.0,Yes,99579.13
502757,2024-05-03,SKU1014,WH_NORTH,6,1248.44,0.0,No,7490.64
502759,2024-05-03,SKU1017,WH_NORTH,9,2741.56,0.0,No,24674.04
502768,2024-05-03,SKU1027,WH_NORTH,9,194.56,0.0,Yes,1751.04
502771,2024-05-03,SKU1031,WH_SOUTH,20,2789.96,5.0,No,53009.24
502754,2024-05-03,SKU1011,WH_WEST,6,282.38,5.0,No,1609.57
502756,2024-05-03,SKU1013,WH_NORTH,4,2835.28,10.0,No,10207.01
502762,2024-05-03,SKU1020,WH_NORTH,2,2359.13,20.0,No,3774.61
502769,2024-05-03,SKU1029,WH_NORTH,6,716.7,5.0,No,4085.19
502773,2024-05-03,SKU1037,WH_WEST,21,2206.93,0.0,No,46345.53
502767,2024-05-03,SKU1026,WH_NORTH,9,994.38,0.0,No,8949.42
502763,2024-05-03,SKU1021,WH_NORTH,4,2700.26,0.0,No,10801.04
502752,2024-05-03,SKU1004,WH_SOUTH,4,661.52,5.0,No,2513.78
502792,2024-05-04,SKU1026,WH_SOUTH,15,994.38,10.0,Yes,13424.13
502800,2024-05-04,SKU1039,WH_SOUTH,21,222.44,15.0,No,3970.55
502790,2024-05-04,SKU1023,WH_WEST,6,1257.73,0.0,No,7546.38
502788,2024-05-04,SKU1021,WH_SOUTH,13,2700.26,0.0,Yes,35103.38
502775,2024-05-04,SKU1001,WH_WEST,5,19525.32,0.0,Yes,97626.6
502796,2024-05-04,SKU1034,WH_NORTH,17,2229.38,5.0,No,36004.49
502783,2024-05-04,SKU1012,WH_NORTH,13,1433.92,0.0,No,18640.96
502799,2024-05-04,SKU1037,WH_NORTH,22,2206.93,5.0,No,46124.84
502789,2024-05-04,SKU1022,WH_SOUTH,4,278.9,0.0,No,1115.6
502786,2024-05-04,SKU1017,WH_NORTH,10,2741.56,0.0,No,27415.6
502791,2024-05-04,SKU1025,WH_NORTH,16,1880.05,0.0,Yes,30080.8
502785,2024-05-04,SKU1014,WH_NORTH,16,1248.44,10.0,Yes,17977.54
502797,2024-05-04,SKU1035,WH_WEST,22,1749.54,0.0,No,38489.88
502782,2024-05-04,SKU1009,WH_NORTH,8,1309.64,0.0,Yes,10477.12
502798,2024-05-04,SKU1036,WH_NORTH,38,2919.38,10.0,Yes,101156.52
502780,2024-05-04,SKU1007,WH_WEST,6,13190.2,0.0,No,79141.2
502784,2024-05-04,SKU1013,WH_WEST,11,2835.28,0.0,No,31188.08
502793,2024-05-04,SKU1029,WH_SOUTH,7,716.7,0.0,No,5016.9
502781,2024-05-04,SKU1008,WH_SOUTH,6,7387.04,0.0,No,44322.24
502794,2024-05-04,SKU1030,WH_NORTH,19,2402.0,0.0,No,45638.0
502795,2024-05-04,SKU1031,WH_NORTH,26,2789.96,10.0,Yes,65285.06
502779,2024-05-04,SKU1005,WH_NORTH,4,23473.03,10.0,No,84502.91
502777,2024-05-04,SKU1003,WH_NORTH,4,21674.48,10.0,No,78028.13
502787,2024-05-04,SKU1020,WH_SOUTH,10,2359.13,0.0,No,23591.3
502776,2024-05-04,SKU1002,WH_WEST,5,4026.46,10.0,No,18119.07
502778,2024-05-04,SKU1004,WH_SOUTH,5,661.52,0.0,No,3307.6
502808,2024-05-05,SKU1024,WH_SOUTH,9,1822.24,15.0,No,13940.14
502807,2024-05-05,SKU1020,WH_NORTH,10,2359.13,0.0,No,23591.3
502815,2024-05-05,SKU1033,WH_NORTH,17,1093.06,15.0,Yes,15794.72
502806,2024-05-05,SKU1015,WH_SOUTH,15,808.05,10.0,No,10908.68
502804,2024-05-05,SKU1009,WH_SOUTH,5,1309.64,15.0,No,5565.97
502816,2024-05-05,SKU1035,WH_WEST,24,1749.54,0.0,No,41988.96
502802,2024-05-05,SKU1005,WH_WEST,5,23473.03,5.0,No,111496.89
502809,2024-05-05,SKU1025,WH_WEST,9,1880.05,15.0,No,14382.38
502813,2024-05-05,SKU1030,WH_SOUTH,19,2402.0,0.0,No,45638.0
502818,2024-05-05,SKU1037,WH_SOUTH,18,2206.93,0.0,No,39724.74
502817,2024-05-05,SKU1036,WH_SOUTH,30,2919.38,0.0,No,87581.4
502803,2024-05-05,SKU1007,WH_SOUTH,6,13190.2,0.0,No,79141.2
502801,2024-05-05,SKU1001,WH_NORTH,3,19525.32,0.0,No,58575.96
502819,2024-05-05,SKU1038,WH_NORTH,22,1639.79,0.0,No,36075.38
502810,2024-05-05,SKU1026,WH_WEST,13,994.38,0.0,No,12926.94
502811,2024-05-05,SKU1027,WH_NORTH,7,194.56,0.0,No,1361.92
502805,2024-05-05,SKU1010,WH_NORTH,8,1240.02,5.0,No,9424.15
502812,2024-05-05,SKU1029,WH_SOUTH,8,716.7,0.0,No,5733.6
502814,2024-05-05,SKU1032,WH_WEST,14,2757.64,20.0,No,30885.57
502841,2024-05-06,SKU1035,WH_SOUTH,13,1749.54,0.0,No,22744.02
502822,2024-05-06,SKU1002,WH_WEST,7,4026.46,15.0,Yes,23957.44
502843,2024-05-06,SKU1037,WH_SOUTH,13,2206.93,0.0,No,28690.09
502836,2024-05-06,SKU1025,WH_SOUTH,4,1880.05,0.0,No,7520.2
502839,2024-05-06,SKU1033,WH_NORTH,15,1093.06,0.0,No,16395.9
502833,2024-05-06,SKU1020,WH_WEST,7,2359.13,0.0,No,16513.91
502826,2024-05-06,SKU1007,WH_WEST,4,13190.2,0.0,No,52760.8
502837,2024-05-06,SKU1026,WH_NORTH,4,994.38,10.0,No,3579.77
502834,2024-05-06,SKU1022,WH_NORTH,5,278.9,0.0,No,1394.5
502824,2024-05-06,SKU1005,WH_NORTH,6,23473.03,5.0,No,133796.27
502821,2024-05-06,SKU1001,WH_WEST,5,19525.32,0.0,No,97626.6
502829,2024-05-06,SKU1013,WH_NORTH,8,2835.28,5.0,No,21548.13
502828,2024-05-06,SKU1012,WH_WEST,6,1433.92,15.0,No,7312.99
502832,2024-05-06,SKU1019,WH_SOUTH,13,1767.95,5.0,No,21834.18
502838,2024-05-06,SKU1032,WH_SOUTH,14,2757.64,5.0,No,36676.61
502831,2024-05-06,SKU1015,WH_WEST,11,808.05,0.0,No,8888.55
502835,2024-05-06,SKU1023,WH_WEST,3,1257.73,10.0,No,3395.87
502830,2024-05-06,SKU1014,WH_SOUTH,8,1248.44,0.0,No,9987.52
502825,2024-05-06,SKU1006,WH_SOUTH,5,4707.6,10.0,No,21184.2
502823,2024-05-06,SKU1003,WH_WEST,4,21674.48,10.0,No,78028.13
502820,2024-05-06,SKU1000,WH_WEST,5,9457.32,0.0,Yes,47286.6
502840,2024-05-06,SKU1034,WH_WEST,16,2229.38,0.0,No,35670.08
502827,2024-05-06,SKU1008,WH_NORTH,5,7387.04,5.0,No,35088.44
502842,2024-05-06,SKU1036,WH_NORTH,6,2919.38,15.0,No,14888.84
502853,2024-05-07,SKU1021,WH_NORTH,4,2700.26,5.0,No,10260.99
502849,2024-05-07,SKU1013,WH_SOUTH,8,2835.28,0.0,No,22682.24
502854,2024-05-07,SKU1023,WH_NORTH,5,1257.73,0.0,No,6288.65
502855,2024-05-07,SKU1024,WH_SOUTH,2,1822.24,0.0,No,3644.48
502859,2024-05-07,SKU1029,WH_NORTH,3,716.7,5.0,No,2042.6
502858,2024-05-07,SKU1027,WH_WEST,6,194.56,5.0,No,1108.99
502847,2024-05-07,SKU1011,WH_NORTH,12,282.38,0.0,No,3388.56
502856,2024-05-07,SKU1025,WH_SOUTH,7,1880.05,0.0,No,13160.35
502862,2024-05-07,SKU1035,WH_NORTH,13,1749.54,15.0,No,19332.42
502857,2024-05-07,SKU1026,WH_NORTH,7,994.38,0.0,No,6960.66
502864,2024-05-07,SKU1037,WH_SOUTH,20,2206.93,0.0,No,44138.6
502860,2024-05-07,SKU1033,WH_WEST,19,1093.06,0.0,No,20768.14
502848,2024-05-07,SKU1012,WH_NORTH,7,1433.92,0.0,No,10037.44
502865,2024-05-07,SKU1038,WH_WEST,10,1639.79,0.0,No,16397.9
502866,2024-05-07,SKU1039,WH_WEST,33,222.44,0.0,Yes,7340.52
502845,2024-05-07,SKU1007,WH_SOUTH,4,13190.2,0.0,No,52760.8
502863,2024-05-07,SKU1036,WH_SOUTH,37,2919.38,10.0,Yes,97215.35
502844,2024-05-07,SKU1001,WH_NORTH,4,19525.32,0.0,No,78101.28
502852,2024-05-07,SKU1017,WH_NORTH,8,2741.56,15.0,No,18642.61
502861,2024-05-07,SKU1034,WH_SOUTH,15,2229.38,0.0,No,33440.7
502846,2024-05-07,SKU1010,WH_SOUTH,10,1240.02,0.0,No,12400.2
502851,2024-05-07,SKU1016,WH_NORTH,7,497.81,15.0,No,2961.97
502850,2024-05-07,SKU1014,WH_WEST,8,1248.44,15.0,No,8489.39
502885,2024-05-08,SKU1037,WH_WEST,22,2206.93,5.0,No,46124.84
502872,2024-05-08,SKU1010,WH_WEST,8,1240.02,10.0,No,8928.14
502876,2024-05-08,SKU1015,WH_SOUTH,10,808.05,0.0,No,8080.5
502880,2024-05-08,SKU1026,WH_WEST,6,994.38,10.0,No,5369.65
502881,2024-05-08,SKU1027,WH_NORTH,4,194.56,0.0,No,778.24
502868,2024-05-08,SKU1002,WH_SOUTH,2,4026.46,10.0,No,7247.63
502879,2024-05-08,SKU1023,WH_NORTH,5,1257.73,20.0,Yes,5030.92
502883,2024-05-08,SKU1033,WH_NORTH,16,1093.06,0.0,No,17488.96
502870,2024-05-08,SKU1008,WH_NORTH,3,7387.04,0.0,No,22161.12
502873,2024-05-08,SKU1011,WH_SOUTH,6,282.38,0.0,No,1694.28
502871,2024-05-08,SKU1009,WH_WEST,4,1309.64,0.0,No,5238.56
502867,2024-05-08,SKU1001,WH_SOUTH,8,19525.32,0.0,Yes,156202.56
502877,2024-05-08,SKU1018,WH_NORTH,8,2038.19,5.0,No,15490.24
502882,2024-05-08,SKU1031,WH_NORTH,19,2789.96,20.0,No,42407.39
502878,2024-05-08,SKU1022,WH_WEST,7,278.9,15.0,No,1659.45
502884,2024-05-08,SKU1036,WH_SOUTH,19,2919.38,0.0,No,55468.22
502874,2024-05-08,SKU1012,WH_SOUTH,9,1433.92,0.0,No,12905.28
502869,2024-05-08,SKU1006,WH_WEST,3,4707.6,0.0,No,14122.8
502875,2024-05-08,SKU1014,WH_SOUTH,10,1248.44,0.0,No,12484.4
502891,2024-05-09,SKU1012,WH_SOUTH,7,1433.92,0.0,No,10037.44
502895,2024-05-09,SKU1020,WH_NORTH,1,2359.13,0.0,No,2359.13
502890,2024-05-09,SKU1011,WH_NORTH,2,282.38,0.0,No,564.76
502896,2024-05-09,SKU1021,WH_NORTH,6,2700.26,15.0,No,13771.33
502902,2024-05-09,SKU1038,WH_WEST,13,1639.79,0.0,No,21317.27
502893,2024-05-09,SKU1014,WH_WEST,16,1248.44,10.0,Yes,17977.54
502888,2024-05-09,SKU1007,WH_SOUTH,2,13190.2,0.0,No,26380.4
502886,2024-05-09,SKU1004,WH_SOUTH,4,661.52,0.0,No,2646.08
502899,2024-05-09,SKU1027,WH_SOUTH,5,194.56,15.0,No,826.88
502901,2024-05-09,SKU1034,WH_NORTH,23,2229.38,0.0,No,51275.74
502903,2024-05-09,SKU1039,WH_SOUTH,13,222.44,0.0,No,2891.72
502894,2024-05-09,SKU1019,WH_SOUTH,8,1767.95,20.0,No,11314.88
502889,2024-05-09,SKU1010,WH_SOUTH,7,1240.02,0.0,No,8680.14
502900,2024-05-09,SKU1029,WH_WEST,3,716.7,0.0,No,2150.1
502897,2024-05-09,SKU1022,WH_SOUTH,4,278.9,0.0,No,1115.6
502887,2024-05-09,SKU1005,WH_SOUTH,3,23473.03,15.0,No,59856.23
502892,2024-05-09,SKU1013,WH_NORTH,11,2835.28,0.0,Yes,31188.08
502898,2024-05-09,SKU1024,WH_NORTH,4,1822.24,5.0,No,6924.51
502916,2024-05-10,SKU1017,WH_SOUTH,11,2741.56,0.0,Yes,30157.16
502911,2024-05-10,SKU1008,WH_SOUTH,6,7387.04,0.0,No,44322.24
502913,2024-05-10,SKU1012,WH_NORTH,12,1433.92,0.0,Yes,17207.04
502909,2024-05-10,SKU1006,WH_SOUTH,2,4707.6,0.0,No,9415.2
502918,2024-05-10,SKU1024,WH_NORTH,7,1822.24,10.0,No,11480.11
502910,2024-05-10,SKU1007,WH_SOUTH,5,13190.2,10.0,No,59355.9
502906,2024-05-10,SKU1003,WH_WEST,3,21674.48,0.0,No,65023.44
502907,2024-05-10,SKU1004,WH_NORTH,6,661.52,0.0,No,3969.12
502922,2024-05-10,SKU1033,WH_WEST,17,1093.06,0.0,No,18582.02
502920,2024-05-10,SKU1029,WH_SOUTH,6,716.7,0.0,No,4300.2
502925,2024-05-10,SKU1037,WH_SOUTH,11,2206.93,0.0,No,24276.23
502923,2024-05-10,SKU1034,WH_WEST,23,2229.38,0.0,No,51275.74
502915,2024-05-10,SKU1016,WH_WEST,10,497.81,0.0,No,4978.1
502924,2024-05-10,SKU1035,WH_WEST,26,1749.54,5.0,Yes,43213.64
502912,2024-05-10,SKU1010,WH_WEST,9,1240.02,0.0,No,11160.18
502921,2024-05-10,SKU1030,WH_SOUTH,14,2402.0,5.0,No,31946.6
502919,2024-05-10,SKU1026,WH_NORTH,13,994.38,0.0,Yes,12926.94
502905,2024-05-10,SKU1002,WH_WEST,4,4026.46,0.0,No,16105.84
502904,2024-05-10,SKU1001,WH_NORTH,4,19525.32,5.0,No,74196.22
502914,2024-05-10,SKU1014,WH_WEST,7,1248.44,0.0,No,8739.08
502917,2024-05-10,SKU1020,WH_WEST,7,2359.13,5.0,Yes,15688.21
502908,2024-05-10,SKU1005,WH_NORTH,7,23473.03,0.0,Yes,164311.21
502932,2024-05-11,SKU1009,WH_SOUTH,3,1309.64,5.0,No,3732.47
502946,2024-05-11,SKU1031,WH_SOUTH,19,2789.96,0.0,No,53009.24
502929,2024-05-11,SKU1003,WH_SOUTH,5,21674.48,10.0,No,97535.16
502944,2024-05-11,SKU1028,WH_WEST,9,716.34,0.0,No,6447.06
502927,2024-05-11,SKU1001,WH_SOUTH,2,19525.32,10.0,No,35145.58
502930,2024-05-11,SKU1006,WH_WEST,7,4707.6,10.0,No,29657.88
502945,2024-05-11,SKU1029,WH_NORTH,16,716.7,0.0,Yes,11467.2
502926,2024-05-11,SKU1000,WH_SOUTH,6,9457.32,10.0,Yes,51069.53
502940,2024-05-11,SKU1020,WH_NORTH,8,2359.13,15.0,No,16042.08
502948,2024-05-11,SKU1034,WH_SOUTH,19,2229.38,0.0,No,42358.22
502938,2024-05-11,SKU1017,WH_NORTH,19,2741.56,0.0,Yes,52089.64
502950,2024-05-11,SKU1038,WH_WEST,26,1639.79,15.0,No,36239.36
502931,2024-05-11,SKU1008,WH_WEST,5,7387.04,0.0,No,36935.2
502941,2024-05-11,SKU1022,WH_WEST,11,278.9,0.0,No,3067.9
502939,2024-05-11,SKU1018,WH_SOUTH,11,2038.19,5.0,No,21299.09
502943,2024-05-11,SKU1026,WH_SOUTH,7,994.38,0.0,No,6960.66
502936,2024-05-11,SKU1015,WH_NORTH,10,808.05,0.0,No,8080.5
502934,2024-05-11,SKU1013,WH_SOUTH,13,2835.28,15.0,No,31329.84
502949,2024-05-11,SKU1035,WH_SOUTH,22,1749.54,0.0,No,38489.88
502942,2024-05-11,SKU1023,WH_SOUTH,7,1257.73,10.0,No,7923.7
502947,2024-05-11,SKU1032,WH_SOUTH,14,2757.64,0.0,No,38606.96
502928,2024-05-11,SKU1002,WH_WEST,3,4026.46,5.0,No,11475.41
502933,2024-05-11,SKU1010,WH_WEST,20,1240.02,0.0,Yes,24800.4
502937,2024-05-11,SKU1016,WH_SOUTH,8,497.81,0.0,No,3982.48
502935,2024-05-11,SKU1014,WH_WEST,10,1248.44,20.0,No,9987.52
502959,2024-05-12,SKU1022,WH_NORTH,15,278.9,0.0,Yes,4183.5
502968,2024-05-12,SKU1034,WH_WEST,20,2229.38,0.0,No,44587.6
502958,2024-05-12,SKU1018,WH_SOUTH,9,2038.19,10.0,No,16509.34
502951,2024-05-12,SKU1002,WH_WEST,7,4026.46,0.0,No,28185.22
502954,2024-05-12,SKU1011,WH_SOUTH,7,282.38,0.0,No,1976.66
502963,2024-05-12,SKU1027,WH_NORTH,8,194.56,20.0,No,1245.18
502967,2024-05-12,SKU1031,WH_SOUTH,33,2789.96,10.0,No,82861.81
502966,2024-05-12,SKU1030,WH_NORTH,25,2402.0,0.0,No,60050.0
502957,2024-05-12,SKU1017,WH_WEST,7,2741.56,0.0,No,19190.92
502956,2024-05-12,SKU1014,WH_SOUTH,15,1248.44,15.0,No,15917.61
502961,2024-05-12,SKU1025,WH_NORTH,8,1880.05,0.0,No,15040.4
502969,2024-05-12,SKU1038,WH_SOUTH,17,1639.79,10.0,No,25088.79
502964,2024-05-12,SKU1028,WH_SOUTH,9,716.34,10.0,No,5802.35
502953,2024-05-12,SKU1008,WH_NORTH,5,7387.04,0.0,No,36935.2
502960,2024-05-12,SKU1024,WH_NORTH,7,1822.24,0.0,No,12755.68
502955,2024-05-12,SKU1013,WH_NORTH,11,2835.28,0.0,No,31188.08
502962,2024-05-12,SKU1026,WH_SOUTH,7,994.38,10.0,No,6264.59
502952,2024-05-12,SKU1006,WH_WEST,3,4707.6,0.0,No,14122.8
502965,2024-05-12,SKU1029,WH_WEST,7,716.7,15.0,No,4264.37
502972,2024-05-13,SKU1003,WH_SOUTH,3,21674.48,10.0,No,58521.1
502985,2024-05-13,SKU1022,WH_SOUTH,7,278.9,0.0,No,1952.3
502984,2024-05-13,SKU1020,WH_NORTH,4,2359.13,15.0,No,8021.04
502988,2024-05-13,SKU1026,WH_SOUTH,5,994.38,0.0,No,4971.9
502974,2024-05-13,SKU1006,WH_WEST,4,4707.6,0.0,No,18830.4
502980,2024-05-13,SKU1016,WH_NORTH,7,497.81,0.0,No,3484.67
502970,2024-05-13,SKU1000,WH_NORTH,4,9457.32,0.0,Yes,37829.28
502973,2024-05-13,SKU1005,WH_SOUTH,6,23473.03,0.0,No,140838.18
502987,2024-05-13,SKU1024,WH_NORTH,7,1822.24,5.0,No,12117.9
502976,2024-05-13,SKU1008,WH_WEST,4,7387.04,0.0,No,29548.16
502994,2024-05-13,SKU1036,WH_WEST,15,2919.38,0.0,No,43790.7
502983,2024-05-13,SKU1019,WH_WEST,10,1767.95,10.0,No,15911.55
502992,2024-05-13,SKU1031,WH_NORTH,22,2789.96,0.0,No,61379.12
502986,2024-05-13,SKU1023,WH_SOUTH,6,1257.73,0.0,No,7546.38
502990,2024-05-13,SKU1029,WH_SOUTH,6,716.7,10.0,No,3870.18
502971,2024-05-13,SKU1001,WH_NORTH,4,19525.32,5.0,No,74196.22
502975,2024-05-13,SKU1007,WH_NORTH,3,13190.2,0.0,No,39570.6
502978,2024-05-13,SKU1010,WH_NORTH,16,1240.02,0.0,Yes,19840.32
502977,2024-05-13,SKU1009,WH_WEST,5,1309.64,5.0,No,6220.79
502993,2024-05-13,SKU1034,WH_NORTH,17,2229.38,5.0,No,36004.49
502979,2024-05-13,SKU1013,WH_NORTH,10,2835.28,0.0,No,28352.8
502981,2024-05-13,SKU1017,WH_NORTH,11,2741.56,0.0,No,30157.16
502982,2024-05-13,SKU1018,WH_WEST,9,2038.19,5.0,No,17426.52
502995,2024-05-13,SKU1039,WH_WEST,12,222.44,0.0,No,2669.28
502991,2024-05-13,SKU1030,WH_WEST,18,2402.0,0.0,No,43236.0
502989,2024-05-13,SKU1028,WH_SOUTH,7,716.34,0.0,No,5014.38
503004,2024-05-14,SKU1020,WH_NORTH,3,2359.13,0.0,No,7077.39
502998,2024-05-14,SKU1004,WH_SOUTH,2,661.52,5.0,No,1256.89
503007,2024-05-14,SKU1032,WH_WEST,16,2757.64,0.0,No,44122.24
502996,2024-05-14,SKU1000,WH_NORTH,4,9457.32,0.0,No,37829.28
503006,2024-05-14,SKU1026,WH_WEST,5,994.38,5.0,No,4723.3
503003,2024-05-14,SKU1018,WH_NORTH,4,2038.19,5.0,No,7745.12
502997,2024-05-14,SKU1001,WH_WEST,3,19525.32,15.0,No,49789.57
502999,2024-05-14,SKU1008,WH_NORTH,5,7387.04,10.0,No,33241.68
503005,2024-05-14,SKU1024,WH_WEST,5,1822.24,0.0,No,9111.2
503001,2024-05-14,SKU1012,WH_NORTH,8,1433.92,10.0,No,10324.22
503000,2024-05-14,SKU1009,WH_SOUTH,3,1309.64,10.0,No,3536.03
503008,2024-05-14,SKU1033,WH_NORTH,20,1093.06,15.0,No,18582.02
503002,2024-05-14,SKU1015,WH_WEST,9,808.05,15.0,No,6181.58
503010,2024-05-15,SKU1006,WH_WEST,3,4707.6,0.0,No,14122.8
503022,2024-05-15,SKU1028,WH_WEST,7,716.34,10.0,No,4512.94
503013,2024-05-15,SKU1011,WH_NORTH,11,282.38,5.0,No,2950.87
503018,2024-05-15,SKU1020,WH_WEST,6,2359.13,0.0,No,14154.78
503017,2024-05-15,SKU1019,WH_WEST,6,1767.95,15.0,No,9016.54
503020,2024-05-15,SKU1023,WH_SOUTH,15,1257.73,15.0,Yes,16036.06
503015,2024-05-15,SKU1014,WH_WEST,7,1248.44,0.0,No,8739.08
503026,2024-05-15,SKU1039,WH_SOUTH,11,222.44,0.0,No,2446.84
503021,2024-05-15,SKU1027,WH_SOUTH,5,194.56,5.0,No,924.16
503012,2024-05-15,SKU1010,WH_NORTH,8,1240.02,0.0,No,9920.16
503024,2024-05-15,SKU1037,WH_SOUTH,16,2206.93,0.0,No,35310.88
503016,2024-05-15,SKU1016,WH_WEST,8,497.81,10.0,No,3584.23
503009,2024-05-15,SKU1004,WH_NORTH,1,661.52,0.0,No,661.52
503011,2024-05-15,SKU1009,WH_NORTH,4,1309.64,0.0,No,5238.56
503014,2024-05-15,SKU1013,WH_NORTH,11,2835.28,0.0,No,31188.08
503023,2024-05-15,SKU1034,WH_SOUTH,16,2229.38,0.0,No,35670.08
503019,2024-05-15,SKU1022,WH_SOUTH,7,278.9,0.0,No,1952.3
503025,2024-05-15,SKU1038,WH_NORTH,16,1639.79,15.0,No,22301.14
503029,2024-05-16,SKU1004,WH_SOUTH,4,661.52,5.0,No,2513.78
503039,2024-05-16,SKU1022,WH_SOUTH,7,278.9,0.0,No,1952.3
503048,2024-05-16,SKU1035,WH_WEST,18,1749.54,0.0,No,31491.72
503049,2024-05-16,SKU1036,WH_NORTH,10,2919.38,20.0,No,23355.04
503027,2024-05-16,SKU1000,WH_NORTH,2,9457.32,0.0,No,18914.64
503031,2024-05-16,SKU1008,WH_WEST,5,7387.04,10.0,No,33241.68
503046,2024-05-16,SKU1032,WH_SOUTH,16,2757.64,0.0,No,44122.24
503030,2024-05-16,SKU1007,WH_SOUTH,4,13190.2,0.0,No,52760.8
503037,2024-05-16,SKU1020,WH_NORTH,10,2359.13,0.0,Yes,23591.3
503047,2024-05-16,SKU1034,WH_SOUTH,9,2229.38,0.0,No,20064.42
503045,2024-05-16,SKU1029,WH_NORTH,9,716.7,10.0,No,5805.27
503032,2024-05-16,SKU1011,WH_WEST,10,282.38,0.0,No,2823.8
503034,2024-05-16,SKU1014,WH_NORTH,6,1248.44,0.0,No,7490.64
503044,2024-05-16,SKU1028,WH_SOUTH,6,716.34,0.0,No,4298.04
503038,2024-05-16,SKU1021,WH_WEST,7,2700.26,0.0,No,18901.82
503035,2024-05-16,SKU1015,WH_WEST,12,808.05,0.0,Yes,9696.6
503041,2024-05-16,SKU1024,WH_SOUTH,6,1822.24,10.0,No,9840.1
503036,2024-05-16,SKU1019,WH_WEST,5,1767.95,5.0,No,8397.76
503033,2024-05-16,SKU1013,WH_NORTH,6,2835.28,15.0,No,14459.93
503050,2024-05-16,SKU1038,WH_NORTH,14,1639.79,0.0,No,22957.06
503028,2024-05-16,SKU1003,WH_NORTH,7,21674.48,0.0,No,151721.36
503042,2024-05-16,SKU1025,WH_WEST,7,1880.05,5.0,No,12502.33
503043,2024-05-16,SKU1026,WH_WEST,10,994.38,0.0,Yes,9943.8
503040,2024-05-16,SKU1023,WH_NORTH,5,1257.73,0.0,No,6288.65
503055,2024-05-17,SKU1008,WH_SOUTH,6,7387.04,0.0,Yes,44322.24
503060,2024-05-17,SKU1018,WH_WEST,10,2038.19,0.0,No,20381.9
503063,2024-05-17,SKU1023,WH_NORTH,5,1257.73,0.0,No,6288.65
503061,2024-05-17,SKU1019,WH_WEST,5,1767.95,10.0,No,7955.78
503052,2024-05-17,SKU1003,WH_NORTH,5,21674.48,0.0,No,108372.4
503069,2024-05-17,SKU1038,WH_WEST,15,1639.79,10.0,No,22137.16
503068,2024-05-17,SKU1032,WH_WEST,11,2757.64,20.0,No,24267.23
503066,2024-05-17,SKU1028,WH_NORTH,5,716.34,0.0,No,3581.7
503058,2024-05-17,SKU1014,WH_WEST,9,1248.44,10.0,No,10112.36
503051,2024-05-17,SKU1001,WH_NORTH,7,19525.32,10.0,Yes,123009.52
503057,2024-05-17,SKU1013,WH_SOUTH,7,2835.28,0.0,No,19846.96
503056,2024-05-17,SKU1011,WH_SOUTH,9,282.38,5.0,No,2414.35
503064,2024-05-17,SKU1024,WH_WEST,4,1822.24,10.0,No,6560.06
503065,2024-05-17,SKU1026,WH_NORTH,6,994.38,0.0,No,5966.28
503067,2024-05-17,SKU1029,WH_WEST,2,716.7,0.0,No,1433.4
503059,2024-05-17,SKU1017,WH_WEST,6,2741.56,10.0,No,14804.42
503054,2024-05-17,SKU1007,WH_WEST,6,13190.2,5.0,No,75184.14
503053,2024-05-17,SKU1006,WH_WEST,7,4707.6,0.0,No,32953.2
503062,2024-05-17,SKU1022,WH_SOUTH,3,278.9,20.0,No,669.36
503070,2024-05-18,SKU1000,WH_SOUTH,6,9457.32,10.0,No,51069.53
503078,2024-05-18,SKU1017,WH_SOUTH,13,2741.56,5.0,No,33858.27
503075,2024-05-18,SKU1007,WH_NORTH,4,13190.2,0.0,No,52760.8
503077,2024-05-18,SKU1016,WH_NORTH,13,497.81,0.0,No,6471.53
503072,2024-05-18,SKU1004,WH_SOUTH,3,661.52,15.0,No,1686.88
503084,2024-05-18,SKU1026,WH_SOUTH,15,994.38,5.0,Yes,14169.92
503089,2024-05-18,SKU1038,WH_NORTH,16,1639.79,0.0,No,26236.64
503083,2024-05-18,SKU1025,WH_SOUTH,8,1880.05,0.0,Yes,15040.4
503076,2024-05-18,SKU1010,WH_NORTH,8,1240.02,20.0,No,7936.13
503088,2024-05-18,SKU1035,WH_NORTH,26,1749.54,15.0,Yes,38664.83
503086,2024-05-18,SKU1030,WH_WEST,26,2402.0,0.0,No,62452.0
503074,2024-05-18,SKU1006,WH_WEST,4,4707.6,0.0,No,18830.4
503082,2024-05-18,SKU1024,WH_NORTH,8,1822.24,0.0,Yes,14577.92
503085,2024-05-18,SKU1028,WH_WEST,7,716.34,0.0,No,5014.38
503073,2024-05-18,SKU1005,WH_SOUTH,5,23473.03,0.0,No,117365.15
503080,2024-05-18,SKU1020,WH_WEST,4,2359.13,0.0,No,9436.52
503087,2024-05-18,SKU1032,WH_WEST,19,2757.64,10.0,No,47155.64
503090,2024-05-18,SKU1039,WH_NORTH,25,222.44,0.0,No,5561.0
503081,2024-05-18,SKU1023,WH_WEST,5,1257.73,10.0,No,5659.78
503071,2024-05-18,SKU1003,WH_NORTH,6,21674.48,0.0,No,130046.88
503079,2024-05-18,SKU1019,WH_WEST,6,1767.95,5.0,No,10077.32
503091,2024-05-19,SKU1001,WH_NORTH,7,19525.32,10.0,No,123009.52
503102,2024-05-19,SKU1016,WH_SOUTH,11,497.81,10.0,No,4928.32
503107,2024-05-19,SKU1029,WH_SOUTH,15,716.7,0.0,Yes,10750.5
503098,2024-05-19,SKU1009,WH_WEST,2,1309.64,15.0,No,2226.39
503092,2024-05-19,SKU1002,WH_WEST,5,4026.46,0.0,No,20132.3
503110,2024-05-19,SKU1036,WH_WEST,24,2919.38,0.0,No,70065.12
503108,2024-05-19,SKU1032,WH_SOUTH,18,2757.64,0.0,No,49637.52
503112,2024-05-19,SKU1039,WH_WEST,18,222.44,0.0,No,4003.92
503094,2024-05-19,SKU1004,WH_NORTH,6,661.52,10.0,No,3572.21
503097,2024-05-19,SKU1007,WH_NORTH,6,13190.2,0.0,No,79141.2
503105,2024-05-19,SKU1026,WH_SOUTH,4,994.38,0.0,No,3977.52
503103,2024-05-19,SKU1018,WH_NORTH,12,2038.19,0.0,No,24458.28
503101,2024-05-19,SKU1015,WH_WEST,20,808.05,0.0,Yes,16161.0
503106,2024-05-19,SKU1028,WH_SOUTH,4,716.34,0.0,No,2865.36
503099,2024-05-19,SKU1010,WH_WEST,10,1240.02,0.0,No,12400.2
503100,2024-05-19,SKU1013,WH_SOUTH,10,2835.28,0.0,No,28352.8
503096,2024-05-19,SKU1006,WH_NORTH,6,4707.6,5.0,No,26833.32
503093,2024-05-19,SKU1003,WH_WEST,6,21674.48,0.0,No,130046.88
503104,2024-05-19,SKU1023,WH_NORTH,10,1257.73,10.0,No,11319.57
503095,2024-05-19,SKU1005,WH_WEST,6,23473.03,0.0,No,140838.18
503109,2024-05-19,SKU1035,WH_NORTH,21,1749.54,0.0,No,36740.34
503111,2024-05-19,SKU1038,WH_SOUTH,9,1639.79,0.0,No,14758.11
503113,2024-05-20,SKU1000,WH_SOUTH,9,9457.32,15.0,Yes,72348.5
503124,2024-05-20,SKU1026,WH_SOUTH,6,994.38,0.0,No,5966.28
503130,2024-05-20,SKU1039,WH_SOUTH,29,222.44,0.0,Yes,6450.76
503122,2024-05-20,SKU1018,WH_NORTH,8,2038.19,5.0,No,15490.24
503125,2024-05-20,SKU1029,WH_WEST,9,716.7,10.0,No,5805.27
503119,2024-05-20,SKU1009,WH_NORTH,6,1309.64,10.0,No,7072.06
503128,2024-05-20,SKU1034,WH_WEST,15,2229.38,10.0,No,30096.63
503115,2024-05-20,SKU1002,WH_SOUTH,7,4026.46,10.0,Yes,25366.7
503126,2024-05-20,SKU1031,WH_WEST,15,2789.96,5.0,No,39756.93
503114,2024-05-20,SKU1001,WH_NORTH,9,19525.32,5.0,Yes,166941.49
503129,2024-05-20,SKU1035,WH_SOUTH,14,1749.54,0.0,No,24493.56
503123,2024-05-20,SKU1020,WH_NORTH,6,2359.13,10.0,No,12739.3
503118,2024-05-20,SKU1008,WH_WEST,4,7387.04,0.0,Yes,29548.16
503121,2024-05-20,SKU1014,WH_NORTH,5,1248.44,0.0,No,6242.2
503116,2024-05-20,SKU1004,WH_WEST,9,661.52,5.0,Yes,5656.0
503120,2024-05-20,SKU1012,WH_NORTH,7,1433.92,20.0,No,8029.95
503117,2024-05-20,SKU1006,WH_NORTH,6,4707.6,0.0,Yes,28245.6
503127,2024-05-20,SKU1033,WH_SOUTH,25,1093.06,5.0,Yes,25960.18
503133,2024-05-21,SKU1004,WH_NORTH,3,661.52,0.0,No,1984.56
503135,2024-05-21,SKU1009,WH_WEST,5,1309.64,0.0,No,6548.2
503148,2024-05-21,SKU1026,WH_SOUTH,6,994.38,0.0,No,5966.28
503134,2024-05-21,SKU1006,WH_WEST,4,4707.6,0.0,No,18830.4
503152,2024-05-21,SKU1039,WH_NORTH,12,222.44,0.0,No,2669.28
503151,2024-05-21,SKU1037,WH_WEST,10,2206.93,0.0,No,22069.3
503147,2024-05-21,SKU1025,WH_SOUTH,8,1880.05,0.0,No,15040.4
503137,2024-05-21,SKU1014,WH_WEST,9,1248.44,10.0,No,10112.36
503141,2024-05-21,SKU1018,WH_NORTH,6,2038.19,5.0,No,11617.68
503142,2024-05-21,SKU1019,WH_WEST,10,1767.95,0.0,No,17679.5
503145,2024-05-21,SKU1022,WH_NORTH,10,278.9,5.0,No,2649.55
503138,2024-05-21,SKU1015,WH_WEST,12,808.05,0.0,No,9696.6
503144,2024-05-21,SKU1021,WH_WEST,8,2700.26,10.0,No,19441.87
503136,2024-05-21,SKU1010,WH_NORTH,5,1240.02,15.0,No,5270.08
503131,2024-05-21,SKU1000,WH_SOUTH,4,9457.32,0.0,No,37829.28
503146,2024-05-21,SKU1023,WH_WEST,6,1257.73,0.0,No,7546.38
503149,2024-05-21,SKU1029,WH_SOUTH,7,716.7,15.0,No,4264.37
503140,2024-05-21,SKU1017,WH_SOUTH,12,2741.56,10.0,Yes,29608.85
503139,2024-05-21,SKU1016,WH_NORTH,11,497.81,0.0,No,5475.91
503150,2024-05-21,SKU1036,WH_WEST,11,2919.38,5.0,Yes,30507.52
503143,2024-05-21,SKU1020,WH_WEST,7,2359.13,0.0,No,16513.91
503132,2024-05-21,SKU1001,WH_WEST,4,19525.32,0.0,No,78101.28
503156,2024-05-22,SKU1007,WH_WEST,3,13190.2,0.0,No,39570.6
503174,2024-05-22,SKU1039,WH_SOUTH,17,222.44,0.0,No,3781.48
503162,2024-05-22,SKU1015,WH_WEST,7,808.05,15.0,No,4807.9
503170,2024-05-22,SKU1031,WH_SOUTH,22,2789.96,0.0,No,61379.12
503160,2024-05-22,SKU1012,WH_WEST,8,1433.92,0.0,No,11471.36
503173,2024-05-22,SKU1038,WH_WEST,22,1639.79,10.0,Yes,32467.84
503161,2024-05-22,SKU1013,WH_WEST,11,2835.28,0.0,No,31188.08
503163,2024-05-22,SKU1016,WH_NORTH,9,497.81,10.0,No,4032.26
503155,2024-05-22,SKU1004,WH_NORTH,5,661.52,5.0,No,3142.22
503157,2024-05-22,SKU1008,WH_SOUTH,5,7387.04,5.0,No,35088.44
503159,2024-05-22,SKU1011,WH_SOUTH,8,282.38,0.0,No,2259.04
503168,2024-05-22,SKU1027,WH_NORTH,5,194.56,20.0,No,778.24
503166,2024-05-22,SKU1022,WH_WEST,7,278.9,10.0,No,1757.07
503158,2024-05-22,SKU1009,WH_SOUTH,5,1309.64,0.0,No,6548.2
503172,2024-05-22,SKU1034,WH_NORTH,16,2229.38,20.0,No,28536.06
503169,2024-05-22,SKU1030,WH_SOUTH,21,2402.0,0.0,No,50442.0
503154,2024-05-22,SKU1002,WH_SOUTH,2,4026.46,15.0,No,6844.98
503165,2024-05-22,SKU1021,WH_SOUTH,5,2700.26,5.0,No,12826.24
503171,2024-05-22,SKU1032,WH_SOUTH,13,2757.64,10.0,No,32264.39
503164,2024-05-22,SKU1018,WH_SOUTH,12,2038.19,0.0,Yes,24458.28
503167,2024-05-22,SKU1024,WH_SOUTH,9,1822.24,5.0,Yes,15580.15
503153,2024-05-22,SKU1000,WH_WEST,3,9457.32,0.0,No,28371.96
503189,2024-05-23,SKU1025,WH_SOUTH,9,1880.05,0.0,No,16920.45
503192,2024-05-23,SKU1033,WH_WEST,16,1093.06,0.0,No,17488.96
503182,2024-05-23,SKU1010,WH_SOUTH,8,1240.02,0.0,No,9920.16
503177,2024-05-23,SKU1004,WH_NORTH,3,661.52,15.0,No,1686.88
503188,2024-05-23,SKU1023,WH_WEST,5,1257.73,0.0,No,6288.65
503194,2024-05-23,SKU1036,WH_NORTH,29,2919.38,0.0,Yes,84662.02
503197,2024-05-23,SKU1039,WH_NORTH,26,222.44,0.0,Yes,5783.44
503184,2024-05-23,SKU1014,WH_WEST,12,1248.44,0.0,No,14981.28
503187,2024-05-23,SKU1021,WH_WEST,6,2700.26,0.0,No,16201.56
503181,2024-05-23,SKU1009,WH_NORTH,7,1309.64,0.0,Yes,9167.48
503178,2024-05-23,SKU1005,WH_WEST,3,23473.03,10.0,No,63377.18
503176,2024-05-23,SKU1003,WH_SOUTH,5,21674.48,0.0,Yes,108372.4
503190,2024-05-23,SKU1028,WH_NORTH,7,716.34,20.0,No,4011.5
503179,2024-05-23,SKU1006,WH_SOUTH,5,4707.6,10.0,No,21184.2
503195,2024-05-23,SKU1037,WH_NORTH,16,2206.93,5.0,No,33545.34
503193,2024-05-23,SKU1034,WH_SOUTH,10,2229.38,20.0,No,17835.04
503185,2024-05-23,SKU1017,WH_WEST,10,2741.56,5.0,Yes,26044.82
503183,2024-05-23,SKU1011,WH_SOUTH,12,282.38,20.0,No,2710.85
503186,2024-05-23,SKU1018,WH_NORTH,10,2038.19,15.0,No,17324.62
503175,2024-05-23,SKU1000,WH_NORTH,6,9457.32,10.0,Yes,51069.53
503196,2024-05-23,SKU1038,WH_WEST,25,1639.79,5.0,No,38945.01
503180,2024-05-23,SKU1008,WH_WEST,3,7387.04,0.0,No,22161.12
503191,2024-05-23,SKU1031,WH_WEST,36,2789.96,5.0,Yes,95416.63
503210,2024-05-24,SKU1029,WH_WEST,8,716.7,15.0,No,4873.56
503212,2024-05-24,SKU1034,WH_SOUTH,17,2229.38,0.0,No,37899.46
503203,2024-05-24,SKU1015,WH_SOUTH,5,808.05,0.0,No,4040.25
503214,2024-05-24,SKU1039,WH_SOUTH,12,222.44,0.0,No,2669.28
503201,2024-05-24,SKU1012,WH_SOUTH,12,1433.92,0.0,No,17207.04
503213,2024-05-24,SKU1037,WH_NORTH,22,2206.93,15.0,No,41269.59
503208,2024-05-24,SKU1023,WH_NORTH,13,1257.73,15.0,Yes,13897.92
503204,2024-05-24,SKU1019,WH_WEST,9,1767.95,5.0,No,15115.97
503211,2024-05-24,SKU1030,WH_WEST,16,2402.0,20.0,No,30745.6
503198,2024-05-24,SKU1000,WH_NORTH,3,9457.32,5.0,No,26953.36
503200,2024-05-24,SKU1011,WH_WEST,7,282.38,5.0,No,1877.83
503202,2024-05-24,SKU1013,WH_SOUTH,8,2835.28,0.0,No,22682.24
503199,2024-05-24,SKU1010,WH_NORTH,8,1240.02,0.0,No,9920.16
503205,2024-05-24,SKU1020,WH_WEST,7,2359.13,5.0,No,15688.21
503209,2024-05-24,SKU1024,WH_SOUTH,16,1822.24,0.0,No,29155.84
503207,2024-05-24,SKU1022,WH_NORTH,6,278.9,0.0,No,1673.4
503206,2024-05-24,SKU1021,WH_NORTH,8,2700.26,5.0,No,20521.98
503236,2024-05-25,SKU1038,WH_WEST,23,1639.79,0.0,No,37715.17
503223,2024-05-25,SKU1013,WH_NORTH,8,2835.28,5.0,No,21548.13
503230,2024-05-25,SKU1025,WH_SOUTH,7,1880.05,0.0,No,13160.35
503237,2024-05-25,SKU1039,WH_NORTH,18,222.44,0.0,No,4003.92
503221,2024-05-25,SKU1009,WH_SOUTH,3,1309.64,10.0,No,3536.03
503233,2024-05-25,SKU1031,WH_NORTH,25,2789.96,0.0,No,69749.0
503217,2024-05-25,SKU1004,WH_SOUTH,2,661.52,0.0,No,1323.04
503228,2024-05-25,SKU1023,WH_SOUTH,10,1257.73,10.0,No,11319.57
503215,2024-05-25,SKU1001,WH_WEST,6,19525.32,0.0,No,117151.92
503222,2024-05-25,SKU1012,WH_WEST,10,1433.92,0.0,No,14339.2
503218,2024-05-25,SKU1005,WH_SOUTH,7,23473.03,0.0,No,164311.21
503229,2024-05-25,SKU1024,WH_WEST,10,1822.24,5.0,No,17311.28
503225,2024-05-25,SKU1016,WH_WEST,12,497.81,0.0,No,5973.72
503234,2024-05-25,SKU1034,WH_SOUTH,18,2229.38,0.0,No,40128.84
503219,2024-05-25,SKU1006,WH_NORTH,5,4707.6,0.0,No,23538.0
503231,2024-05-25,SKU1028,WH_WEST,4,716.34,0.0,No,2865.36
503227,2024-05-25,SKU1018,WH_NORTH,11,2038.19,0.0,No,22420.09
503220,2024-05-25,SKU1007,WH_NORTH,7,13190.2,10.0,No,83098.26
503235,2024-05-25,SKU1035,WH_NORTH,23,1749.54,0.0,No,40239.42
503232,2024-05-25,SKU1029,WH_SOUTH,10,716.7,20.0,No,5733.6
503216,2024-05-25,SKU1003,WH_SOUTH,3,21674.48,0.0,No,65023.44
503224,2024-05-25,SKU1014,WH_NORTH,15,1248.44,0.0,Yes,18726.6
503226,2024-05-25,SKU1017,WH_WEST,9,2741.56,0.0,No,24674.04
503261,2024-05-26,SKU1039,WH_WEST,19,222.44,15.0,No,3592.41
503242,2024-05-26,SKU1010,WH_WEST,14,1240.02,20.0,No,13888.22
503253,2024-05-26,SKU1026,WH_WEST,7,994.38,0.0,No,6960.66
503239,2024-05-26,SKU1005,WH_NORTH,3,23473.03,15.0,No,59856.23
503249,2024-05-26,SKU1018,WH_WEST,8,2038.19,0.0,No,16305.52
503250,2024-05-26,SKU1019,WH_SOUTH,10,1767.95,0.0,No,17679.5
503256,2024-05-26,SKU1031,WH_NORTH,14,2789.96,0.0,No,39059.44
503241,2024-05-26,SKU1008,WH_NORTH,4,7387.04,0.0,No,29548.16
503257,2024-05-26,SKU1034,WH_WEST,21,2229.38,5.0,No,44476.13
503255,2024-05-26,SKU1029,WH_NORTH,3,716.7,0.0,No,2150.1
503240,2024-05-26,SKU1006,WH_WEST,7,4707.6,5.0,No,31305.54
503238,2024-05-26,SKU1002,WH_SOUTH,8,4026.46,0.0,No,32211.68
503252,2024-05-26,SKU1024,WH_WEST,7,1822.24,20.0,No,10204.54
503254,2024-05-26,SKU1028,WH_NORTH,6,716.34,10.0,No,3868.24
503248,2024-05-26,SKU1016,WH_NORTH,8,497.81,5.0,No,3783.36
503246,2024-05-26,SKU1014,WH_SOUTH,15,1248.44,15.0,No,15917.61
503259,2024-05-26,SKU1037,WH_SOUTH,25,2206.93,0.0,No,55173.25
503260,2024-05-26,SKU1038,WH_WEST,14,1639.79,10.0,No,20661.35
503243,2024-05-26,SKU1011,WH_WEST,5,282.38,15.0,No,1200.12
503245,2024-05-26,SKU1013,WH_NORTH,6,2835.28,0.0,No,17011.68
503244,2024-05-26,SKU1012,WH_WEST,14,1433.92,5.0,No,19071.14
503247,2024-05-26,SKU1015,WH_SOUTH,10,808.05,0.0,No,8080.5
503251,2024-05-26,SKU1022,WH_NORTH,14,278.9,0.0,Yes,3904.6
503258,2024-05-26,SKU1036,WH_WEST,16,2919.38,0.0,No,46710.08
503269,2024-05-27,SKU1017,WH_NORTH,4,2741.56,5.0,Yes,10417.93
503271,2024-05-27,SKU1019,WH_NORTH,9,1767.95,0.0,No,15911.55
503277,2024-05-27,SKU1032,WH_NORTH,22,2757.64,5.0,No,57634.68
503264,2024-05-27,SKU1006,WH_SOUTH,3,4707.6,0.0,No,14122.8
503265,2024-05-27,SKU1008,WH_NORTH,3,7387.04,15.0,No,18836.95
503281,2024-05-27,SKU1037,WH_SOUTH,13,2206.93,0.0,No,28690.09
503263,2024-05-27,SKU1004,WH_WEST,5,661.52,5.0,No,3142.22
503268,2024-05-27,SKU1016,WH_NORTH,9,497.81,15.0,No,3808.25
503278,2024-05-27,SKU1034,WH_WEST,17,2229.38,0.0,No,37899.46
503276,2024-05-27,SKU1031,WH_NORTH,19,2789.96,5.0,No,50358.78
503275,2024-05-27,SKU1029,WH_WEST,6,716.7,0.0,No,4300.2
503262,2024-05-27,SKU1001,WH_SOUTH,6,19525.32,15.0,No,99579.13
503274,2024-05-27,SKU1026,WH_WEST,6,994.38,5.0,No,5667.97
503270,2024-05-27,SKU1018,WH_SOUTH,13,2038.19,0.0,No,26496.47
503266,2024-05-27,SKU1012,WH_WEST,5,1433.92,0.0,No,7169.6
503280,2024-05-27,SKU1036,WH_WEST,18,2919.38,5.0,No,49921.4
503283,2024-05-27,SKU1039,WH_SOUTH,24,222.44,0.0,No,5338.56
503279,2024-05-27,SKU1035,WH_NORTH,17,1749.54,0.0,No,29742.18
503273,2024-05-27,SKU1024,WH_NORTH,5,1822.24,10.0,No,8200.08
503267,2024-05-27,SKU1014,WH_WEST,9,1248.44,0.0,No,11235.96
503282,2024-05-27,SKU1038,WH_NORTH,18,1639.79,0.0,No,29516.22
503272,2024-05-27,SKU1023,WH_WEST,5,1257.73,0.0,No,6288.65
503302,2024-05-28,SKU1030,WH_SOUTH,17,2402.0,5.0,No,38792.3
503294,2024-05-28,SKU1013,WH_WEST,12,2835.28,0.0,No,34023.36
503298,2024-05-28,SKU1021,WH_WEST,6,2700.26,0.0,No,16201.56
503303,2024-05-28,SKU1031,WH_WEST,12,2789.96,0.0,No,33479.52
503287,2024-05-28,SKU1005,WH_SOUTH,3,23473.03,10.0,No,63377.18
503299,2024-05-28,SKU1022,WH_WEST,8,278.9,10.0,No,2008.08
503307,2024-05-28,SKU1036,WH_SOUTH,6,2919.38,0.0,No,17516.28
503297,2024-05-28,SKU1020,WH_SOUTH,5,2359.13,0.0,No,11795.65
503305,2024-05-28,SKU1034,WH_WEST,28,2229.38,20.0,Yes,49938.11
503289,2024-05-28,SKU1007,WH_SOUTH,4,13190.2,0.0,No,52760.8
503286,2024-05-28,SKU1004,WH_NORTH,2,661.52,15.0,No,1124.58
503290,2024-05-28,SKU1008,WH_WEST,5,7387.04,0.0,No,36935.2
503295,2024-05-28,SKU1014,WH_NORTH,9,1248.44,0.0,No,11235.96
503301,2024-05-28,SKU1025,WH_SOUTH,8,1880.05,0.0,No,15040.4
503296,2024-05-28,SKU1018,WH_NORTH,7,2038.19,10.0,No,12840.6
503285,2024-05-28,SKU1003,WH_NORTH,3,21674.48,10.0,No,58521.1
503308,2024-05-28,SKU1037,WH_WEST,23,2206.93,10.0,No,45683.45
503300,2024-05-28,SKU1023,WH_NORTH,11,1257.73,20.0,No,11068.02
503291,2024-05-28,SKU1009,WH_SOUTH,5,1309.64,0.0,No,6548.2
503304,2024-05-28,SKU1032,WH_WEST,26,2757.64,0.0,Yes,71698.64
503306,2024-05-28,SKU1035,WH_NORTH,18,1749.54,0.0,No,31491.72
503284,2024-05-28,SKU1000,WH_SOUTH,4,9457.32,5.0,No,35937.82
503293,2024-05-28,SKU1012,WH_WEST,9,1433.92,0.0,No,12905.28
503288,2024-05-28,SKU1006,WH_NORTH,3,4707.6,15.0,No,12004.38
503292,2024-05-28,SKU1011,WH_NORTH,9,282.38,0.0,No,2541.42
503325,2024-05-29,SKU1028,WH_WEST,5,716.34,0.0,No,3581.7
503329,2024-05-29,SKU1036,WH_WEST,13,2919.38,0.0,No,37951.94
503310,2024-05-29,SKU1003,WH_NORTH,1,21674.48,0.0,No,21674.48
503332,2024-05-29,SKU1039,WH_WEST,19,222.44,15.0,No,3592.41
503312,2024-05-29,SKU1005,WH_WEST,3,23473.03,10.0,No,63377.18
503316,2024-05-29,SKU1013,WH_SOUTH,11,2835.28,10.0,No,28069.27
503330,2024-05-29,SKU1037,WH_SOUTH,16,2206.93,15.0,No,30014.25
503320,2024-05-29,SKU1021,WH_NORTH,3,2700.26,0.0,No,8100.78
503313,2024-05-29,SKU1006,WH_NORTH,2,4707.6,0.0,No,9415.2
503317,2024-05-29,SKU1015,WH_SOUTH,11,808.05,0.0,No,8888.55
503315,2024-05-29,SKU1011,WH_SOUTH,10,282.38,0.0,No,2823.8
503327,2024-05-29,SKU1031,WH_NORTH,17,2789.96,0.0,No,47429.32
503323,2024-05-29,SKU1025,WH_NORTH,5,1880.05,0.0,No,9400.25
503309,2024-05-29,SKU1001,WH_SOUTH,3,19525.32,0.0,No,58575.96
503314,2024-05-29,SKU1008,WH_SOUTH,5,7387.04,10.0,No,33241.68
503324,2024-05-29,SKU1026,WH_WEST,7,994.38,0.0,No,6960.66
503331,2024-05-29,SKU1038,WH_WEST,21,1639.79,15.0,No,29270.25
503326,2024-05-29,SKU1030,WH_WEST,19,2402.0,0.0,No,45638.0
503328,2024-05-29,SKU1032,WH_NORTH,19,2757.64,0.0,No,52395.16
503321,2024-05-29,SKU1022,WH_NORTH,6,278.9,0.0,No,1673.4
503318,2024-05-29,SKU1017,WH_WEST,6,2741.56,0.0,No,16449.36
503319,2024-05-29,SKU1020,WH_NORTH,10,2359.13,0.0,No,23591.3
503322,2024-05-29,SKU1024,WH_NORTH,8,1822.24,15.0,No,12391.23
503311,2024-05-29,SKU1004,WH_NORTH,5,661.52,0.0,No,3307.6
503357,2024-05-30,SKU1035,WH_WEST,10,1749.54,0.0,No,17495.4
503335,2024-05-30,SKU1002,WH_WEST,5,4026.46,5.0,No,19125.68
503333,2024-05-30,SKU1000,WH_SOUTH,3,9457.32,0.0,No,28371.96
503342,2024-05-30,SKU1013,WH_NORTH,9,2835.28,0.0,No,25517.52
503340,2024-05-30,SKU1009,WH_NORTH,1,1309.64,0.0,No,1309.64
503336,2024-05-30,SKU1003,WH_NORTH,3,21674.48,0.0,No,65023.44
503348,2024-05-30,SKU1021,WH_WEST,5,2700.26,0.0,No,13501.3
503353,2024-05-30,SKU1027,WH_WEST,6,194.56,10.0,No,1050.62
503344,2024-05-30,SKU1015,WH_NORTH,20,808.05,0.0,Yes,16565.02
503345,2024-05-30,SKU1017,WH_NORTH,12,2741.56,0.0,No,32898.72
503338,2024-05-30,SKU1005,WH_NORTH,7,23473.03,5.0,Yes,156095.65
503356,2024-05-30,SKU1034,WH_SOUTH,13,2229.38,0.0,No,28981.94
503355,2024-05-30,SKU1033,WH_SOUTH,24,1093.06,0.0,Yes,26233.44
503352,2024-05-30,SKU1026,WH_SOUTH,5,994.38,0.0,No,4971.9
503337,2024-05-30,SKU1004,WH_WEST,3,661.52,20.0,Yes,1587.65
503350,2024-05-30,SKU1024,WH_NORTH,6,1822.24,10.0,No,9840.1
503339,2024-05-30,SKU1006,WH_NORTH,3,4707.6,15.0,No,12004.38
503343,2024-05-30,SKU1014,WH_WEST,9,1248.44,0.0,No,11235.96
503347,2024-05-30,SKU1020,WH_SOUTH,4,2359.13,10.0,No,8492.87
503351,2024-05-30,SKU1025,WH_NORTH,9,1880.05,10.0,No,15228.4
503346,2024-05-30,SKU1019,WH_NORTH,8,1767.95,0.0,No,14143.6
503349,2024-05-30,SKU1023,WH_WEST,9,1257.73,10.0,No,10187.61
503341,2024-05-30,SKU1010,WH_SOUTH,17,1240.02,10.0,Yes,18972.31
503334,2024-05-30,SKU1001,WH_WEST,4,19525.32,15.0,No,66386.09
503354,2024-05-30,SKU1028,WH_SOUTH,7,716.34,0.0,No,5014.38
503359,2024-05-31,SKU1003,WH_WEST,2,21674.48,5.0,No,41181.51
503364,2024-05-31,SKU1015,WH_WEST,5,808.05,0.0,No,4040.25
503362,2024-05-31,SKU1010,WH_WEST,11,1240.02,5.0,No,12958.21
503366,2024-05-31,SKU1019,WH_NORTH,7,1767.95,0.0,No,12375.65
503368,2024-05-31,SKU1024,WH_SOUTH,11,1822.24,5.0,Yes,19042.41
503363,2024-05-31,SKU1013,WH_WEST,10,2835.28,15.0,No,24099.88
503376,2024-05-31,SKU1035,WH_WEST,15,1749.54,5.0,No,24930.94
503358,2024-05-31,SKU1002,WH_SOUTH,4,4026.46,0.0,No,16105.84
503360,2024-05-31,SKU1007,WH_WEST,7,13190.2,0.0,No,92331.4
503367,2024-05-31,SKU1021,WH_WEST,6,2700.26,0.0,No,16201.56
503373,2024-05-31,SKU1031,WH_WEST,23,2789.96,0.0,Yes,64169.08
503380,2024-05-31,SKU1039,WH_WEST,15,222.44,10.0,No,3002.94
503379,2024-05-31,SKU1038,WH_NORTH,19,1639.79,15.0,No,26482.61
503378,2024-05-31,SKU1037,WH_SOUTH,21,2206.93,0.0,No,46345.53
503361,2024-05-31,SKU1008,WH_SOUTH,6,7387.04,0.0,No,44322.24
503374,2024-05-31,SKU1033,WH_SOUTH,14,1093.06,5.0,No,14537.7
503365,2024-05-31,SKU1018,WH_SOUTH,9,2038.19,5.0,No,17426.52
503370,2024-05-31,SKU1027,WH_WEST,11,194.56,0.0,Yes,2140.16
503372,2024-05-31,SKU1030,WH_NORTH,13,2402.0,15.0,No,26542.1
503375,2024-05-31,SKU1034,WH_NORTH,35,2229.38,0.0,Yes,78028.3
503369,2024-05-31,SKU1025,WH_SOUTH,4,1880.05,10.0,No,6768.18
503377,2024-05-31,SKU1036,WH_NORTH,9,2919.38,0.0,No,26274.42
503371,2024-05-31,SKU1029,WH_SOUTH,9,716.7,10.0,No,5805.27
503388,2024-06-01,SKU1013,WH_SOUTH,10,2835.28,0.0,No,28352.8
503394,2024-06-01,SKU1019,WH_NORTH,11,1767.95,0.0,No,19447.45
503393,2024-06-01,SKU1018,WH_SOUTH,6,2038.19,0.0,No,12229.14
503392,2024-06-01,SKU1017,WH_NORTH,4,2741.56,10.0,No,9869.62
503385,2024-06-01,SKU1009,WH_WEST,9,1309.64,15.0,Yes,10018.75
503391,2024-06-01,SKU1016,WH_SOUTH,17,497.81,15.0,Yes,7193.35
503401,2024-06-01,SKU1033,WH_SOUTH,23,1093.06,10.0,No,22626.34
503383,2024-06-01,SKU1004,WH_SOUTH,6,661.52,0.0,No,3969.12
503386,2024-06-01,SKU1010,WH_SOUTH,6,1240.02,20.0,No,5952.1
503389,2024-06-01,SKU1014,WH_NORTH,19,1248.44,0.0,Yes,23720.36
503395,2024-06-01,SKU1022,WH_WEST,8,278.9,0.0,No,2231.2
503399,2024-06-01,SKU1030,WH_SOUTH,20,2402.0,0.0,No,48040.0
503384,2024-06-01,SKU1008,WH_SOUTH,9,7387.04,10.0,Yes,59835.02
503396,2024-06-01,SKU1023,WH_WEST,7,1257.73,5.0,No,8363.9
503382,2024-06-01,SKU1002,WH_SOUTH,4,4026.46,0.0,No,16105.84
503398,2024-06-01,SKU1029,WH_WEST,9,716.7,0.0,No,6450.3
503390,2024-06-01,SKU1015,WH_NORTH,11,808.05,10.0,No,7999.7
503387,2024-06-01,SKU1011,WH_SOUTH,6,282.38,5.0,No,1609.57
503400,2024-06-01,SKU1032,WH_WEST,21,2757.64,0.0,No,57910.44
503381,2024-06-01,SKU1000,WH_SOUTH,4,9457.32,0.0,No,37829.28
503402,2024-06-01,SKU1034,WH_WEST,23,2229.38,10.0,No,46148.17
503397,2024-06-01,SKU1025,WH_SOUTH,5,1880.05,0.0,No,9400.25
503408,2024-06-02,SKU1012,WH_SOUTH,14,1433.92,0.0,No,20074.88
503415,2024-06-02,SKU1024,WH_NORTH,10,1822.24,0.0,No,18222.4
503422,2024-06-02,SKU1038,WH_NORTH,22,1639.79,0.0,No,36075.38
503403,2024-06-02,SKU1001,WH_NORTH,4,19525.32,20.0,No,62481.02
503420,2024-06-02,SKU1032,WH_NORTH,26,2757.64,0.0,Yes,71698.64
503414,2024-06-02,SKU1023,WH_SOUTH,7,1257.73,0.0,No,8804.11
503411,2024-06-02,SKU1016,WH_SOUTH,12,497.81,0.0,No,5973.72
503413,2024-06-02,SKU1018,WH_WEST,9,2038.19,0.0,No,18343.71
503405,2024-06-02,SKU1004,WH_WEST,3,661.52,15.0,No,1686.88
503412,2024-06-02,SKU1017,WH_NORTH,14,2741.56,15.0,No,32624.56
503407,2024-06-02,SKU1006,WH_NORTH,4,4707.6,0.0,No,18830.4
503417,2024-06-02,SKU1028,WH_WEST,9,716.34,0.0,No,6447.06
503419,2024-06-02,SKU1031,WH_SOUTH,24,2789.96,0.0,No,66959.04
503418,2024-06-02,SKU1029,WH_NORTH,9,716.7,10.0,No,5805.27
503421,2024-06-02,SKU1034,WH_NORTH,26,2229.38,5.0,No,55065.69
503416,2024-06-02,SKU1027,WH_SOUTH,8,194.56,0.0,No,1556.48
503406,2024-06-02,SKU1005,WH_SOUTH,4,23473.03,0.0,No,93892.12
503410,2024-06-02,SKU1015,WH_NORTH,15,808.05,0.0,No,12120.75
503409,2024-06-02,SKU1013,WH_WEST,9,2835.28,15.0,No,21689.89
503404,2024-06-02,SKU1003,WH_SOUTH,7,21674.48,15.0,No,128963.16
503427,2024-06-03,SKU1009,WH_NORTH,5,1309.64,20.0,No,5238.56
503433,2024-06-03,SKU1017,WH_WEST,6,2741.56,0.0,No,16449.36
503440,2024-06-03,SKU1030,WH_SOUTH,17,2402.0,0.0,No,40834.0
503438,2024-06-03,SKU1024,WH_SOUTH,9,1822.24,0.0,No,16400.16
503431,2024-06-03,SKU1015,WH_WEST,7,808.05,0.0,No,5656.35
503435,2024-06-03,SKU1021,WH_SOUTH,11,2700.26,20.0,Yes,23762.29
503430,2024-06-03,SKU1013,WH_NORTH,9,2835.28,5.0,No,24241.64
503437,2024-06-03,SKU1023,WH_WEST,8,1257.73,15.0,No,8552.56
503423,2024-06-03,SKU1003,WH_WEST,2,21674.48,0.0,No,43348.96
503424,2024-06-03,SKU1004,WH_NORTH,4,661.52,10.0,No,2381.47
503443,2024-06-03,SKU1033,WH_WEST,13,1093.06,0.0,No,14209.78
503434,2024-06-03,SKU1019,WH_NORTH,8,1767.95,0.0,No,14143.6
503425,2024-06-03,SKU1005,WH_SOUTH,3,23473.03,0.0,No,70419.09
503445,2024-06-03,SKU1039,WH_WEST,20,222.44,10.0,No,4003.92
503428,2024-06-03,SKU1011,WH_NORTH,7,282.38,0.0,No,1976.66
503426,2024-06-03,SKU1007,WH_NORTH,4,13190.2,0.0,No,52760.8
503439,2024-06-03,SKU1025,WH_WEST,6,1880.05,5.0,No,10716.28
503442,2024-06-03,SKU1032,WH_WEST,19,2757.64,0.0,No,52395.16
503441,2024-06-03,SKU1031,WH_NORTH,12,2789.96,15.0,No,28457.59
503444,2024-06-03,SKU1034,WH_SOUTH,12,2229.38,0.0,No,26752.56
503429,2024-06-03,SKU1012,WH_WEST,10,1433.92,0.0,No,14339.2
503436,2024-06-03,SKU1022,WH_WEST,7,278.9,5.0,No,1854.68
503432,2024-06-03,SKU1016,WH_SOUTH,5,497.81,5.0,No,2364.6
503454,2024-06-04,SKU1031,WH_SOUTH,12,2789.96,10.0,No,30131.57
503455,2024-06-04,SKU1032,WH_NORTH,17,2757.64,0.0,No,46879.88
503460,2024-06-04,SKU1039,WH_NORTH,17,222.44,10.0,No,3403.33
503451,2024-06-04,SKU1023,WH_NORTH,4,1257.73,0.0,No,5030.92
503446,2024-06-04,SKU1000,WH_WEST,4,9457.32,5.0,No,35937.82
503447,2024-06-04,SKU1011,WH_NORTH,13,282.38,0.0,Yes,3670.94
503456,2024-06-04,SKU1033,WH_SOUTH,18,1093.06,5.0,No,18691.33
503452,2024-06-04,SKU1026,WH_SOUTH,7,994.38,0.0,No,6960.66
503457,2024-06-04,SKU1034,WH_NORTH,16,2229.38,10.0,No,32103.07
503453,2024-06-04,SKU1029,WH_WEST,6,716.7,20.0,No,3440.16
503448,2024-06-04,SKU1012,WH_SOUTH,11,1433.92,0.0,No,15773.12
503449,2024-06-04,SKU1015,WH_WEST,6,808.05,10.0,No,4363.47
503458,2024-06-04,SKU1035,WH_WEST,13,1749.54,0.0,No,22744.02
503459,2024-06-04,SKU1036,WH_SOUTH,13,2919.38,0.0,No,37951.94
503450,2024-06-04,SKU1018,WH_SOUTH,8,2038.19,0.0,No,16305.52
503475,2024-06-05,SKU1029,WH_NORTH,9,716.7,0.0,No,6450.3
503473,2024-06-05,SKU1021,WH_SOUTH,7,2700.26,0.0,No,18901.82
503478,2024-06-05,SKU1034,WH_SOUTH,10,2229.38,10.0,Yes,20064.42
503479,2024-06-05,SKU1035,WH_WEST,22,1749.54,0.0,No,38489.88
503481,2024-06-05,SKU1039,WH_WEST,14,222.44,0.0,No,3114.16
503472,2024-06-05,SKU1018,WH_WEST,9,2038.19,0.0,No,18343.71
503467,2024-06-05,SKU1012,WH_WEST,8,1433.92,15.0,No,9750.66
503463,2024-06-05,SKU1004,WH_SOUTH,3,661.52,15.0,No,1686.88
503476,2024-06-05,SKU1032,WH_NORTH,20,2757.64,10.0,Yes,49637.52
503466,2024-06-05,SKU1009,WH_SOUTH,2,1309.64,0.0,No,2619.28
503468,2024-06-05,SKU1014,WH_NORTH,13,1248.44,10.0,Yes,14606.75
503477,2024-06-05,SKU1033,WH_WEST,11,1093.06,0.0,No,12023.66
503461,2024-06-05,SKU1000,WH_WEST,3,9457.32,0.0,No,28371.96
503470,2024-06-05,SKU1016,WH_WEST,9,497.81,0.0,No,4480.29
503464,2024-06-05,SKU1005,WH_SOUTH,3,23473.03,5.0,No,66898.14
503469,2024-06-05,SKU1015,WH_SOUTH,8,808.05,5.0,No,6141.18
503462,2024-06-05,SKU1003,WH_SOUTH,4,21674.48,10.0,No,78028.13
503480,2024-06-05,SKU1036,WH_WEST,9,2919.38,5.0,No,24960.7
503465,2024-06-05,SKU1008,WH_NORTH,4,7387.04,10.0,No,26593.34
503474,2024-06-05,SKU1024,WH_WEST,4,1822.24,20.0,No,5831.17
503471,2024-06-05,SKU1017,WH_SOUTH,9,2741.56,5.0,No,23440.34
503482,2024-06-06,SKU1000,WH_SOUTH,2,9457.32,20.0,No,15131.71
503502,2024-06-06,SKU1037,WH_NORTH,15,2206.93,0.0,No,33103.95
503489,2024-06-06,SKU1011,WH_SOUTH,11,282.38,0.0,Yes,3106.18
503485,2024-06-06,SKU1005,WH_WEST,2,23473.03,15.0,No,39904.15
503484,2024-06-06,SKU1003,WH_SOUTH,4,21674.48,0.0,No,86697.92
503491,2024-06-06,SKU1016,WH_SOUTH,5,497.81,0.0,No,2489.05
503497,2024-06-06,SKU1028,WH_WEST,6,716.34,0.0,No,4298.04
503501,2024-06-06,SKU1034,WH_SOUTH,19,2229.38,0.0,No,42358.22
503486,2024-06-06,SKU1006,WH_NORTH,5,4707.6,0.0,No,23538.0
503483,2024-06-06,SKU1002,WH_WEST,1,4026.46,0.0,No,4026.46
503492,2024-06-06,SKU1017,WH_SOUTH,8,2741.56,0.0,No,21932.48
503504,2024-06-06,SKU1039,WH_NORTH,16,222.44,5.0,No,3381.09
503493,2024-06-06,SKU1020,WH_SOUTH,1,2359.13,0.0,No,2359.13
503495,2024-06-06,SKU1024,WH_SOUTH,6,1822.24,10.0,No,9840.1
503488,2024-06-06,SKU1010,WH_NORTH,8,1240.02,5.0,No,9424.15
503503,2024-06-06,SKU1038,WH_WEST,17,1639.79,10.0,No,25088.79
503490,2024-06-06,SKU1015,WH_SOUTH,8,808.05,0.0,No,6464.4
503500,2024-06-06,SKU1033,WH_WEST,15,1093.06,0.0,No,16395.9
503487,2024-06-06,SKU1009,WH_WEST,4,1309.64,0.0,No,5238.56
503498,2024-06-06,SKU1029,WH_NORTH,6,716.7,0.0,No,4300.2
503496,2024-06-06,SKU1027,WH_SOUTH,6,194.56,0.0,No,1167.36
503499,2024-06-06,SKU1032,WH_SOUTH,17,2757.64,0.0,No,46879.88
503494,2024-06-06,SKU1022,WH_NORTH,7,278.9,10.0,No,1757.07
503512,2024-06-07,SKU1015,WH_NORTH,10,808.05,10.0,No,7272.45
503509,2024-06-07,SKU1008,WH_NORTH,4,7387.04,0.0,No,29548.16
503521,2024-06-07,SKU1029,WH_SOUTH,7,716.7,0.0,No,5016.9
503524,2024-06-07,SKU1038,WH_SOUTH,13,1639.79,10.0,No,19185.54
503506,2024-06-07,SKU1001,WH_SOUTH,4,19525.32,0.0,No,78101.28
503525,2024-06-07,SKU1039,WH_WEST,17,222.44,5.0,No,3592.41
503505,2024-06-07,SKU1000,WH_NORTH,5,9457.32,0.0,Yes,47286.6
503522,2024-06-07,SKU1033,WH_WEST,13,1093.06,15.0,No,12078.31
503518,2024-06-07,SKU1025,WH_NORTH,6,1880.05,0.0,No,11280.3
503515,2024-06-07,SKU1021,WH_SOUTH,6,2700.26,0.0,No,16201.56
503519,2024-06-07,SKU1026,WH_WEST,2,994.38,0.0,No,1988.76
503517,2024-06-07,SKU1024,WH_NORTH,6,1822.24,0.0,No,10933.44
503514,2024-06-07,SKU1018,WH_SOUTH,11,2038.19,0.0,Yes,22420.09
503507,2024-06-07,SKU1002,WH_NORTH,4,4026.46,0.0,No,16105.84
503513,2024-06-07,SKU1016,WH_SOUTH,10,497.81,0.0,No,4978.1
503523,2024-06-07,SKU1036,WH_SOUTH,15,2919.38,0.0,No,43790.7
503510,2024-06-07,SKU1009,WH_SOUTH,4,1309.64,0.0,No,5238.56
503508,2024-06-07,SKU1003,WH_SOUTH,5,21674.48,0.0,No,108372.4
503511,2024-06-07,SKU1013,WH_SOUTH,8,2835.28,10.0,No,20414.02
503520,2024-06-07,SKU1028,WH_WEST,3,716.34,15.0,No,1826.67
503516,2024-06-07,SKU1022,WH_WEST,7,278.9,5.0,No,1854.68
503531,2024-06-08,SKU1010,WH_NORTH,7,1240.02,0.0,No,8680.14
503526,2024-06-08,SKU1001,WH_WEST,9,19525.32,0.0,Yes,175727.88
503534,2024-06-08,SKU1014,WH_SOUTH,6,1248.44,15.0,No,6367.04
503532,2024-06-08,SKU1011,WH_SOUTH,13,282.38,10.0,Yes,3303.85
503543,2024-06-08,SKU1027,WH_WEST,14,194.56,0.0,Yes,2723.84
503533,2024-06-08,SKU1012,WH_SOUTH,14,1433.92,0.0,No,20074.88
503542,2024-06-08,SKU1025,WH_SOUTH,7,1880.05,0.0,No,13160.35
503538,2024-06-08,SKU1019,WH_SOUTH,8,1767.95,0.0,No,14143.6
503537,2024-06-08,SKU1017,WH_WEST,8,2741.56,15.0,No,18642.61
503545,2024-06-08,SKU1029,WH_SOUTH,9,716.7,0.0,No,6450.3
503549,2024-06-08,SKU1039,WH_NORTH,28,222.44,0.0,No,6228.32
503527,2024-06-08,SKU1003,WH_SOUTH,5,21674.48,0.0,No,108372.4
503539,2024-06-08,SKU1020,WH_SOUTH,5,2359.13,0.0,No,11795.65
503546,2024-06-08,SKU1033,WH_SOUTH,22,1093.06,0.0,No,24047.32
503535,2024-06-08,SKU1015,WH_SOUTH,8,808.05,0.0,No,6464.4
503541,2024-06-08,SKU1024,WH_SOUTH,5,1822.24,0.0,No,9111.2
503547,2024-06-08,SKU1036,WH_SOUTH,19,2919.38,0.0,No,55468.22
503544,2024-06-08,SKU1028,WH_WEST,10,716.34,0.0,No,7163.4
503528,2024-06-08,SKU1004,WH_WEST,4,661.52,20.0,No,2116.86
503548,2024-06-08,SKU1038,WH_SOUTH,15,1639.79,10.0,No,22137.16
503530,2024-06-08,SKU1009,WH_NORTH,6,1309.64,0.0,No,7857.84
503529,2024-06-08,SKU1006,WH_NORTH,6,4707.6,20.0,No,22596.48
503540,2024-06-08,SKU1023,WH_WEST,8,1257.73,15.0,No,8552.56
503536,2024-06-08,SKU1016,WH_WEST,8,497.81,0.0,No,3982.48
503565,2024-06-09,SKU1022,WH_NORTH,12,278.9,0.0,No,3346.8
503568,2024-06-09,SKU1025,WH_SOUTH,7,1880.05,5.0,No,12502.33
503554,2024-06-09,SKU1006,WH_WEST,6,4707.6,10.0,No,25421.04
503558,2024-06-09,SKU1013,WH_WEST,13,2835.28,10.0,No,33172.78
503555,2024-06-09,SKU1007,WH_WEST,3,13190.2,10.0,No,35613.54
503576,2024-06-09,SKU1039,WH_SOUTH,18,222.44,0.0,No,4003.92
503575,2024-06-09,SKU1037,WH_NORTH,18,2206.93,10.0,No,35752.27
503573,2024-06-09,SKU1033,WH_WEST,31,1093.06,5.0,Yes,32190.62
503550,2024-06-09,SKU1002,WH_WEST,5,4026.46,0.0,No,20132.3
503570,2024-06-09,SKU1028,WH_NORTH,6,716.34,0.0,No,4298.04
503556,2024-06-09,SKU1008,WH_NORTH,4,7387.04,5.0,No,28070.75
503560,2024-06-09,SKU1016,WH_SOUTH,10,497.81,10.0,No,4480.29
503552,2024-06-09,SKU1004,WH_NORTH,4,661.52,0.0,No,2646.08
503572,2024-06-09,SKU1030,WH_NORTH,19,2402.0,5.0,No,43356.1
503564,2024-06-09,SKU1021,WH_WEST,6,2700.26,0.0,No,16201.56
503553,2024-06-09,SKU1005,WH_WEST,8,23473.03,5.0,No,178395.03
503574,2024-06-09,SKU1035,WH_WEST,24,1749.54,0.0,No,41988.96
503571,2024-06-09,SKU1029,WH_NORTH,9,716.7,0.0,No,6450.3
503559,2024-06-09,SKU1014,WH_WEST,15,1248.44,0.0,No,18726.6
503566,2024-06-09,SKU1023,WH_NORTH,6,1257.73,0.0,No,7546.38
503562,2024-06-09,SKU1018,WH_WEST,8,2038.19,10.0,Yes,14674.97
503561,2024-06-09,SKU1017,WH_WEST,6,2741.56,0.0,No,16449.36
503569,2024-06-09,SKU1026,WH_WEST,12,994.38,0.0,No,11932.56
503551,2024-06-09,SKU1003,WH_WEST,5,21674.48,0.0,No,108372.4
503563,2024-06-09,SKU1020,WH_SOUTH,16,2359.13,0.0,Yes,37746.08
503567,2024-06-09,SKU1024,WH_WEST,4,1822.24,15.0,No,6195.62
503557,2024-06-09,SKU1010,WH_NORTH,10,1240.02,15.0,No,10540.17
503579,2024-06-10,SKU1007,WH_WEST,7,13190.2,0.0,Yes,92331.4
503592,2024-06-10,SKU1038,WH_NORTH,14,1639.79,0.0,No,22957.06
503589,2024-06-10,SKU1023,WH_WEST,7,1257.73,5.0,No,8363.9
503580,2024-06-10,SKU1008,WH_WEST,3,7387.04,0.0,No,22161.12
503578,2024-06-10,SKU1006,WH_NORTH,7,4707.6,5.0,Yes,31305.54
503584,2024-06-10,SKU1016,WH_WEST,7,497.81,0.0,No,3484.67
503585,2024-06-10,SKU1017,WH_SOUTH,6,2741.56,5.0,No,15626.89
503587,2024-06-10,SKU1019,WH_SOUTH,9,1767.95,5.0,Yes,15115.97
503588,2024-06-10,SKU1022,WH_SOUTH,7,278.9,5.0,No,1854.68
503581,2024-06-10,SKU1009,WH_NORTH,2,1309.64,0.0,No,2619.28
503593,2024-06-10,SKU1039,WH_NORTH,10,222.44,0.0,No,2224.4
503583,2024-06-10,SKU1014,WH_WEST,10,1248.44,15.0,No,10611.74
503586,2024-06-10,SKU1018,WH_WEST,9,2038.19,5.0,No,17426.52
503591,2024-06-10,SKU1034,WH_WEST,15,2229.38,0.0,No,33440.7
503577,2024-06-10,SKU1002,WH_WEST,5,4026.46,0.0,No,20132.3
503590,2024-06-10,SKU1029,WH_NORTH,5,716.7,0.0,No,3583.5
503582,2024-06-10,SKU1013,WH_NORTH,9,2835.28,5.0,No,24241.64
503609,2024-06-11,SKU1036,WH_WEST,25,2919.38,5.0,No,69335.27
503597,2024-06-11,SKU1009,WH_WEST,6,1309.64,0.0,No,7857.84
503594,2024-06-11,SKU1001,WH_WEST,3,19525.32,10.0,No,52718.36
503611,2024-06-11,SKU1039,WH_WEST,14,222.44,0.0,No,3114.16
503599,2024-06-11,SKU1013,WH_NORTH,9,2835.28,0.0,No,25517.52
503605,2024-06-11,SKU1023,WH_NORTH,4,1257.73,0.0,No,5030.92
503610,2024-06-11,SKU1037,WH_NORTH,16,2206.93,20.0,No,28248.7
503602,2024-06-11,SKU1018,WH_SOUTH,7,2038.19,0.0,No,14267.33
503600,2024-06-11,SKU1014,WH_WEST,11,1248.44,10.0,No,12359.56
503598,2024-06-11,SKU1012,WH_SOUTH,8,1433.92,20.0,No,9177.09
503606,2024-06-11,SKU1030,WH_SOUTH,16,2402.0,20.0,No,30745.6
503604,2024-06-11,SKU1022,WH_NORTH,7,278.9,20.0,No,1561.84
503596,2024-06-11,SKU1005,WH_WEST,3,23473.03,0.0,No,70419.09
503608,2024-06-11,SKU1035,WH_NORTH,19,1749.54,5.0,No,31579.2
503603,2024-06-11,SKU1020,WH_SOUTH,9,2359.13,5.0,No,20170.56
503601,2024-06-11,SKU1017,WH_NORTH,13,2741.56,5.0,Yes,33858.27
503595,2024-06-11,SKU1002,WH_SOUTH,4,4026.46,5.0,No,15300.55
503607,2024-06-11,SKU1034,WH_SOUTH,20,2229.38,0.0,No,44587.6
503629,2024-06-12,SKU1031,WH_SOUTH,14,2789.96,15.0,No,33200.52
503627,2024-06-12,SKU1028,WH_SOUTH,4,716.34,0.0,No,2865.36
503616,2024-06-12,SKU1008,WH_WEST,3,7387.04,10.0,No,19945.01
503630,2024-06-12,SKU1032,WH_SOUTH,26,2757.64,10.0,No,64528.78
503617,2024-06-12,SKU1009,WH_WEST,4,1309.64,5.0,No,4976.63
503626,2024-06-12,SKU1027,WH_SOUTH,15,194.56,0.0,Yes,2918.4
503623,2024-06-12,SKU1022,WH_SOUTH,12,278.9,15.0,Yes,2844.78
503615,2024-06-12,SKU1004,WH_WEST,4,661.52,0.0,No,2646.08
503612,2024-06-12,SKU1000,WH_SOUTH,4,9457.32,0.0,No,37829.28
503618,2024-06-12,SKU1011,WH_WEST,12,282.38,5.0,No,3219.13
503619,2024-06-12,SKU1012,WH_SOUTH,9,1433.92,0.0,No,12905.28
503622,2024-06-12,SKU1019,WH_WEST,7,1767.95,5.0,No,11756.87
503628,2024-06-12,SKU1030,WH_WEST,25,2402.0,5.0,Yes,57047.5
503620,2024-06-12,SKU1016,WH_SOUTH,10,497.81,0.0,No,4978.1
503613,2024-06-12,SKU1002,WH_SOUTH,5,4026.46,0.0,No,20132.3
503621,2024-06-12,SKU1018,WH_SOUTH,8,2038.19,0.0,No,16305.52
503624,2024-06-12,SKU1024,WH_NORTH,9,1822.24,0.0,Yes,16400.16
503625,2024-06-12,SKU1025,WH_SOUTH,9,1880.05,10.0,No,15228.4
503614,2024-06-12,SKU1003,WH_SOUTH,3,21674.48,0.0,No,65023.44
503643,2024-06-13,SKU1021,WH_SOUTH,4,2700.26,0.0,No,10801.04
503635,2024-06-13,SKU1008,WH_WEST,6,7387.04,10.0,No,39890.02
503651,2024-06-13,SKU1034,WH_WEST,12,2229.38,0.0,No,26752.56
503648,2024-06-13,SKU1028,WH_SOUTH,16,716.34,5.0,Yes,10888.37
503640,2024-06-13,SKU1015,WH_WEST,7,808.05,0.0,No,5656.35
503652,2024-06-13,SKU1037,WH_WEST,16,2206.93,20.0,No,28248.7
503637,2024-06-13,SKU1010,WH_NORTH,11,1240.02,0.0,No,13640.22
503639,2024-06-13,SKU1014,WH_SOUTH,8,1248.44,0.0,No,9987.52
503649,2024-06-13,SKU1030,WH_NORTH,23,2402.0,0.0,No,55246.0
503644,2024-06-13,SKU1022,WH_WEST,6,278.9,10.0,No,1506.06
503633,2024-06-13,SKU1005,WH_SOUTH,9,23473.03,10.0,Yes,190131.54
503631,2024-06-13,SKU1000,WH_WEST,4,9457.32,10.0,No,34046.35
503636,2024-06-13,SKU1009,WH_WEST,3,1309.64,15.0,No,3339.58
503650,2024-06-13,SKU1031,WH_WEST,33,2789.96,0.0,Yes,92068.68
503645,2024-06-13,SKU1023,WH_NORTH,16,1257.73,0.0,No,20123.68
503653,2024-06-13,SKU1039,WH_SOUTH,19,222.44,5.0,No,4015.04
503632,2024-06-13,SKU1002,WH_NORTH,7,4026.46,5.0,Yes,26775.96
503641,2024-06-13,SKU1016,WH_SOUTH,10,497.81,0.0,No,4978.1
503638,2024-06-13,SKU1012,WH_SOUTH,12,1433.92,5.0,No,16346.69
503647,2024-06-13,SKU1027,WH_WEST,5,194.56,0.0,No,972.8
503634,2024-06-13,SKU1007,WH_NORTH,4,13190.2,0.0,No,52760.8
503642,2024-06-13,SKU1020,WH_WEST,9,2359.13,0.0,No,21232.17
503646,2024-06-13,SKU1024,WH_NORTH,6,1822.24,0.0,No,10933.44
503671,2024-06-14,SKU1025,WH_WEST,5,1880.05,10.0,No,8460.22
503674,2024-06-14,SKU1030,WH_NORTH,18,2402.0,10.0,No,38912.4
503664,2024-06-14,SKU1013,WH_WEST,7,2835.28,0.0,No,19846.96
503673,2024-06-14,SKU1029,WH_WEST,5,716.7,10.0,No,3225.15
503660,2024-06-14,SKU1009,WH_SOUTH,4,1309.64,10.0,No,4714.7
503656,2024-06-14,SKU1004,WH_WEST,4,661.52,0.0,No,2646.08
503669,2024-06-14,SKU1020,WH_SOUTH,9,2359.13,0.0,No,21232.17
503663,2024-06-14,SKU1012,WH_NORTH,7,1433.92,15.0,No,8531.82
503667,2024-06-14,SKU1018,WH_SOUTH,7,2038.19,0.0,No,14267.33
503655,2024-06-14,SKU1001,WH_WEST,5,19525.32,0.0,No,97626.6
503661,2024-06-14,SKU1010,WH_WEST,10,1240.02,0.0,No,12400.2
503662,2024-06-14,SKU1011,WH_WEST,8,282.38,0.0,No,2259.04
503670,2024-06-14,SKU1022,WH_SOUTH,4,278.9,10.0,No,1004.04
503654,2024-06-14,SKU1000,WH_SOUTH,4,9457.32,5.0,No,35937.82
503677,2024-06-14,SKU1039,WH_SOUTH,20,222.44,0.0,No,4448.8
503659,2024-06-14,SKU1007,WH_SOUTH,5,13190.2,0.0,No,65951.0
503665,2024-06-14,SKU1014,WH_NORTH,11,1248.44,0.0,No,13732.84
503672,2024-06-14,SKU1026,WH_NORTH,5,994.38,0.0,No,4971.9
503658,2024-06-14,SKU1006,WH_SOUTH,2,4707.6,10.0,No,8473.68
503657,2024-06-14,SKU1005,WH_NORTH,5,23473.03,0.0,No,117365.15
503675,2024-06-14,SKU1031,WH_SOUTH,14,2789.96,15.0,No,33200.52
503676,2024-06-14,SKU1038,WH_WEST,11,1639.79,0.0,No,18037.69
503668,2024-06-14,SKU1019,WH_WEST,5,1767.95,0.0,No,8839.75
503666,2024-06-14,SKU1017,WH_WEST,9,2741.56,5.0,No,23440.34
503683,2024-06-15,SKU1014,WH_NORTH,7,1248.44,15.0,No,7428.22
503694,2024-06-15,SKU1030,WH_WEST,20,2402.0,5.0,No,45638.0
503682,2024-06-15,SKU1013,WH_SOUTH,13,2835.28,0.0,No,36858.64
503680,2024-06-15,SKU1005,WH_SOUTH,4,23473.03,0.0,No,93892.12
503696,2024-06-15,SKU1033,WH_WEST,17,1093.06,15.0,No,15794.72
503693,2024-06-15,SKU1029,WH_NORTH,10,716.7,5.0,No,6808.65
503679,2024-06-15,SKU1002,WH_NORTH,4,4026.46,10.0,No,14495.26
503699,2024-06-15,SKU1039,WH_SOUTH,26,222.44,0.0,No,5783.44
503689,2024-06-15,SKU1021,WH_WEST,14,2700.26,0.0,No,37803.64
503688,2024-06-15,SKU1020,WH_SOUTH,7,2359.13,5.0,No,15688.21
503678,2024-06-15,SKU1001,WH_WEST,3,19525.32,15.0,No,49789.57
503687,2024-06-15,SKU1019,WH_WEST,17,1767.95,0.0,Yes,30055.15
503697,2024-06-15,SKU1034,WH_SOUTH,25,2229.38,0.0,No,55734.5
503685,2024-06-15,SKU1017,WH_SOUTH,11,2741.56,0.0,No,30157.16
503690,2024-06-15,SKU1022,WH_WEST,8,278.9,0.0,Yes,2231.2
503686,2024-06-15,SKU1018,WH_WEST,8,2038.19,0.0,No,16305.52
503691,2024-06-15,SKU1024,WH_SOUTH,6,1822.24,5.0,No,10386.77
503695,2024-06-15,SKU1032,WH_WEST,29,2757.64,0.0,No,79971.56
503681,2024-06-15,SKU1007,WH_WEST,5,13190.2,0.0,No,65951.0
503684,2024-06-15,SKU1015,WH_WEST,12,808.05,0.0,No,9696.6
503698,2024-06-15,SKU1037,WH_SOUTH,24,2206.93,10.0,No,47669.69
503692,2024-06-15,SKU1027,WH_SOUTH,5,194.56,0.0,No,972.8
503716,2024-06-16,SKU1027,WH_NORTH,9,194.56,5.0,No,1663.49
503710,2024-06-16,SKU1016,WH_SOUTH,11,497.81,20.0,No,4380.73
503701,2024-06-16,SKU1002,WH_WEST,5,4026.46,0.0,No,20132.3
503703,2024-06-16,SKU1005,WH_WEST,5,23473.03,5.0,No,111496.89
503713,2024-06-16,SKU1019,WH_NORTH,13,1767.95,5.0,No,21834.18
503702,2024-06-16,SKU1004,WH_WEST,5,661.52,0.0,No,3307.6
503700,2024-06-16,SKU1001,WH_SOUTH,4,19525.32,0.0,No,78101.28
503708,2024-06-16,SKU1012,WH_SOUTH,12,1433.92,0.0,No,17207.04
503709,2024-06-16,SKU1015,WH_WEST,11,808.05,0.0,No,8888.55
503707,2024-06-16,SKU1010,WH_SOUTH,12,1240.02,0.0,Yes,14880.24
503704,2024-06-16,SKU1006,WH_WEST,3,4707.6,0.0,No,14122.8
503705,2024-06-16,SKU1007,WH_SOUTH,5,13190.2,0.0,No,65951.0
503719,2024-06-16,SKU1035,WH_SOUTH,20,1749.54,0.0,No,34990.8
503717,2024-06-16,SKU1031,WH_NORTH,22,2789.96,0.0,No,61379.12
503715,2024-06-16,SKU1026,WH_SOUTH,5,994.38,20.0,No,3977.52
503718,2024-06-16,SKU1032,WH_NORTH,28,2757.64,0.0,No,77213.92
503714,2024-06-16,SKU1025,WH_WEST,8,1880.05,20.0,No,12032.32
503706,2024-06-16,SKU1008,WH_SOUTH,8,7387.04,0.0,Yes,59096.32
503721,2024-06-16,SKU1039,WH_WEST,33,222.44,0.0,Yes,7340.52
503720,2024-06-16,SKU1037,WH_WEST,14,2206.93,0.0,No,30897.02
503711,2024-06-16,SKU1017,WH_WEST,8,2741.56,0.0,No,21932.48
503712,2024-06-16,SKU1018,WH_NORTH,10,2038.19,0.0,No,20381.9
503741,2024-06-17,SKU1034,WH_SOUTH,14,2229.38,0.0,No,31211.32
503728,2024-06-17,SKU1013,WH_SOUTH,8,2835.28,0.0,No,22682.24
503729,2024-06-17,SKU1014,WH_SOUTH,7,1248.44,0.0,No,8739.08
503739,2024-06-17,SKU1031,WH_NORTH,16,2789.96,20.0,No,35711.49
503730,2024-06-17,SKU1015,WH_WEST,8,808.05,15.0,No,5494.74
503724,2024-06-17,SKU1004,WH_WEST,7,661.52,0.0,Yes,4630.64
503742,2024-06-17,SKU1038,WH_WEST,22,1639.79,0.0,No,36075.38
503738,2024-06-17,SKU1028,WH_NORTH,8,716.34,10.0,No,5157.65
503740,2024-06-17,SKU1033,WH_WEST,15,1093.06,10.0,No,14756.31
503737,2024-06-17,SKU1026,WH_SOUTH,5,994.38,5.0,No,4723.3
503732,2024-06-17,SKU1019,WH_NORTH,11,1767.95,10.0,No,17502.71
503735,2024-06-17,SKU1022,WH_WEST,8,278.9,10.0,No,2008.08
503731,2024-06-17,SKU1017,WH_WEST,7,2741.56,20.0,No,15352.74
503726,2024-06-17,SKU1006,WH_SOUTH,5,4707.6,0.0,No,23538.0
503727,2024-06-17,SKU1009,WH_NORTH,2,1309.64,0.0,No,2619.28
503725,2024-06-17,SKU1005,WH_SOUTH,6,23473.03,5.0,No,133796.27
503722,2024-06-17,SKU1000,WH_SOUTH,5,9457.32,10.0,No,42557.94
503734,2024-06-17,SKU1021,WH_NORTH,5,2700.26,15.0,No,11476.11
503743,2024-06-17,SKU1039,WH_NORTH,22,222.44,0.0,No,4893.68
503736,2024-06-17,SKU1025,WH_SOUTH,6,1880.05,10.0,No,10152.27
503733,2024-06-17,SKU1020,WH_NORTH,8,2359.13,0.0,No,18873.04
503723,2024-06-17,SKU1002,WH_WEST,4,4026.46,10.0,No,14495.26
503758,2024-06-18,SKU1028,WH_WEST,3,716.34,5.0,No,2041.57
503759,2024-06-18,SKU1030,WH_SOUTH,13,2402.0,0.0,No,31226.0
503752,2024-06-18,SKU1018,WH_SOUTH,10,2038.19,0.0,No,20381.9
503750,2024-06-18,SKU1015,WH_NORTH,6,808.05,10.0,No,4363.47
503749,2024-06-18,SKU1014,WH_SOUTH,10,1248.44,10.0,No,11235.96
503761,2024-06-18,SKU1033,WH_SOUTH,16,1093.06,0.0,No,17488.96
503762,2024-06-18,SKU1034,WH_WEST,18,2229.38,0.0,No,40128.84
503763,2024-06-18,SKU1037,WH_WEST,17,2206.93,20.0,No,30014.25
503755,2024-06-18,SKU1025,WH_SOUTH,6,1880.05,0.0,No,11280.3
503764,2024-06-18,SKU1039,WH_WEST,25,222.44,0.0,No,5561.0
503751,2024-06-18,SKU1017,WH_NORTH,4,2741.56,0.0,No,10966.24
503745,2024-06-18,SKU1002,WH_NORTH,5,4026.46,15.0,Yes,17112.45
503760,2024-06-18,SKU1031,WH_SOUTH,31,2789.96,0.0,Yes,86488.76
503754,2024-06-18,SKU1020,WH_WEST,9,2359.13,15.0,No,18047.34
503744,2024-06-18,SKU1001,WH_NORTH,3,19525.32,0.0,No,58575.96
503757,2024-06-18,SKU1027,WH_SOUTH,9,194.56,5.0,No,1663.49
503746,2024-06-18,SKU1003,WH_SOUTH,6,21674.48,0.0,No,130046.88
503747,2024-06-18,SKU1005,WH_NORTH,9,23473.03,5.0,Yes,200694.41
503753,2024-06-18,SKU1019,WH_NORTH,7,1767.95,5.0,No,11756.87
503748,2024-06-18,SKU1008,WH_SOUTH,4,7387.04,0.0,No,29548.16
503756,2024-06-18,SKU1026,WH_NORTH,5,994.38,20.0,No,3977.52
503774,2024-06-19,SKU1020,WH_WEST,6,2359.13,10.0,No,12739.3
503781,2024-06-19,SKU1033,WH_WEST,23,1093.06,15.0,No,21369.32
503771,2024-06-19,SKU1014,WH_SOUTH,6,1248.44,0.0,No,7490.64
503776,2024-06-19,SKU1026,WH_WEST,8,994.38,5.0,No,7557.29
503768,2024-06-19,SKU1007,WH_NORTH,6,13190.2,5.0,Yes,75184.14
503782,2024-06-19,SKU1034,WH_SOUTH,16,2229.38,15.0,No,30319.57
503770,2024-06-19,SKU1011,WH_SOUTH,6,282.38,5.0,Yes,1609.57
503773,2024-06-19,SKU1017,WH_NORTH,8,2741.56,0.0,No,21932.48
503769,2024-06-19,SKU1009,WH_SOUTH,2,1309.64,10.0,No,2357.35
503777,2024-06-19,SKU1029,WH_NORTH,5,716.7,0.0,No,3583.5
503778,2024-06-19,SKU1030,WH_NORTH,10,2402.0,15.0,No,20417.0
503775,2024-06-19,SKU1024,WH_SOUTH,9,1822.24,0.0,Yes,16400.16
503783,2024-06-19,SKU1035,WH_SOUTH,15,1749.54,0.0,No,26243.1
503772,2024-06-19,SKU1016,WH_WEST,9,497.81,0.0,No,4480.29
503765,2024-06-19,SKU1002,WH_NORTH,3,4026.46,0.0,No,12079.38
503766,2024-06-19,SKU1004,WH_NORTH,9,661.52,0.0,Yes,5953.68
503767,2024-06-19,SKU1005,WH_WEST,5,23473.03,0.0,No,117365.15
503779,2024-06-19,SKU1031,WH_SOUTH,12,2789.96,0.0,No,33479.52
503780,2024-06-19,SKU1032,WH_WEST,22,2757.64,0.0,Yes,60668.08
503795,2024-06-20,SKU1020,WH_SOUTH,7,2359.13,10.0,No,14862.52
503806,2024-06-20,SKU1037,WH_WEST,18,2206.93,0.0,No,39724.74
503787,2024-06-20,SKU1004,WH_SOUTH,3,661.52,0.0,No,1984.56
503785,2024-06-20,SKU1001,WH_WEST,4,19525.32,0.0,No,78101.28
503792,2024-06-20,SKU1013,WH_NORTH,2,2835.28,0.0,No,5670.56
503799,2024-06-20,SKU1027,WH_NORTH,5,194.56,0.0,No,972.8
503800,2024-06-20,SKU1028,WH_SOUTH,7,716.34,0.0,No,5014.38
503805,2024-06-20,SKU1036,WH_NORTH,18,2919.38,5.0,No,49921.4
503798,2024-06-20,SKU1026,WH_NORTH,5,994.38,0.0,No,4971.9
503791,2024-06-20,SKU1011,WH_NORTH,5,282.38,0.0,No,1411.9
503794,2024-06-20,SKU1017,WH_SOUTH,7,2741.56,0.0,No,19190.92
503788,2024-06-20,SKU1007,WH_SOUTH,4,13190.2,10.0,No,47484.72
503802,2024-06-20,SKU1033,WH_SOUTH,21,1093.06,10.0,No,20658.83
503790,2024-06-20,SKU1010,WH_WEST,4,1240.02,10.0,No,4464.07
503801,2024-06-20,SKU1032,WH_SOUTH,19,2757.64,0.0,No,52395.16
503797,2024-06-20,SKU1024,WH_NORTH,6,1822.24,10.0,No,9840.1
503804,2024-06-20,SKU1035,WH_NORTH,12,1749.54,0.0,No,20994.48
503803,2024-06-20,SKU1034,WH_SOUTH,19,2229.38,15.0,No,36004.49
503793,2024-06-20,SKU1014,WH_WEST,10,1248.44,0.0,No,12484.4
503784,2024-06-20,SKU1000,WH_WEST,2,9457.32,5.0,No,17968.91
503786,2024-06-20,SKU1002,WH_SOUTH,5,4026.46,15.0,No,17112.45
503789,2024-06-20,SKU1008,WH_WEST,4,7387.04,15.0,No,25115.94
503796,2024-06-20,SKU1023,WH_SOUTH,7,1257.73,0.0,No,8804.11
503818,2024-06-21,SKU1022,WH_SOUTH,13,278.9,15.0,Yes,3081.84
503816,2024-06-21,SKU1020,WH_SOUTH,10,2359.13,10.0,Yes,21232.17
503817,2024-06-21,SKU1021,WH_WEST,8,2700.26,10.0,No,19441.87
503810,2024-06-21,SKU1005,WH_SOUTH,4,23473.03,0.0,Yes,93892.12
503813,2024-06-21,SKU1015,WH_WEST,7,808.05,0.0,No,5656.35
503807,2024-06-21,SKU1001,WH_WEST,3,19525.32,0.0,No,58575.96
503808,2024-06-21,SKU1002,WH_SOUTH,4,4026.46,0.0,No,16105.84
503823,2024-06-21,SKU1034,WH_WEST,19,2229.38,0.0,No,42358.22
503820,2024-06-21,SKU1024,WH_SOUTH,9,1822.24,10.0,No,14760.14
503814,2024-06-21,SKU1017,WH_SOUTH,10,2741.56,0.0,Yes,27415.6
503809,2024-06-21,SKU1004,WH_NORTH,3,661.52,5.0,No,1885.33
503821,2024-06-21,SKU1028,WH_NORTH,3,716.34,0.0,No,2149.02
503812,2024-06-21,SKU1009,WH_SOUTH,2,1309.64,0.0,No,2619.28
503824,2024-06-21,SKU1039,WH_NORTH,5,222.44,10.0,No,1000.98
503822,2024-06-21,SKU1033,WH_SOUTH,12,1093.06,0.0,No,13116.72
503811,2024-06-21,SKU1006,WH_SOUTH,3,4707.6,0.0,No,14122.8
503819,2024-06-21,SKU1023,WH_NORTH,6,1257.73,0.0,No,7546.38
503815,2024-06-21,SKU1019,WH_WEST,8,1767.95,0.0,No,14143.6
503832,2024-06-22,SKU1011,WH_WEST,9,282.38,0.0,No,2541.42
503839,2024-06-22,SKU1022,WH_NORTH,8,278.9,0.0,No,2231.2
503847,2024-06-22,SKU1037,WH_NORTH,15,2206.93,0.0,No,33103.95
503837,2024-06-22,SKU1019,WH_NORTH,13,1767.95,0.0,No,22983.35
503826,2024-06-22,SKU1001,WH_NORTH,7,19525.32,0.0,No,136677.24
503829,2024-06-22,SKU1005,WH_WEST,2,23473.03,0.0,No,46946.06
503831,2024-06-22,SKU1008,WH_WEST,4,7387.04,0.0,No,29548.16
503830,2024-06-22,SKU1007,WH_SOUTH,4,13190.2,0.0,No,52760.8
503846,2024-06-22,SKU1036,WH_NORTH,17,2919.38,0.0,No,49629.46
503842,2024-06-22,SKU1030,WH_WEST,21,2402.0,0.0,No,50442.0
503827,2024-06-22,SKU1002,WH_SOUTH,2,4026.46,5.0,No,7650.27
503848,2024-06-22,SKU1039,WH_WEST,27,222.44,0.0,Yes,6005.88
503838,2024-06-22,SKU1021,WH_SOUTH,7,2700.26,0.0,No,18901.82
503833,2024-06-22,SKU1012,WH_NORTH,10,1433.92,5.0,No,13622.24
503836,2024-06-22,SKU1018,WH_SOUTH,10,2038.19,0.0,No,20381.9
503828,2024-06-22,SKU1004,WH_SOUTH,6,661.52,20.0,Yes,3175.3
503835,2024-06-22,SKU1015,WH_SOUTH,9,808.05,5.0,No,6908.83
503840,2024-06-22,SKU1024,WH_SOUTH,12,1822.24,5.0,No,20773.54
503843,2024-06-22,SKU1031,WH_SOUTH,19,2789.96,10.0,No,47708.32
503825,2024-06-22,SKU1000,WH_WEST,6,9457.32,0.0,No,56743.92
503834,2024-06-22,SKU1013,WH_WEST,12,2835.28,0.0,Yes,34023.36
503841,2024-06-22,SKU1026,WH_SOUTH,7,994.38,20.0,No,5568.53
503844,2024-06-22,SKU1032,WH_SOUTH,12,2757.64,0.0,No,33091.68
503845,2024-06-22,SKU1035,WH_WEST,28,1749.54,5.0,No,46537.76
503858,2024-06-23,SKU1012,WH_NORTH,10,1433.92,0.0,No,14339.2
503860,2024-06-23,SKU1015,WH_WEST,12,808.05,15.0,No,8242.11
503856,2024-06-23,SKU1010,WH_SOUTH,20,1240.02,10.0,Yes,22878.37
503870,2024-06-23,SKU1038,WH_NORTH,21,1639.79,0.0,No,34435.59
503853,2024-06-23,SKU1007,WH_SOUTH,6,13190.2,0.0,No,79141.2
503871,2024-06-23,SKU1039,WH_WEST,22,222.44,0.0,No,4893.68
503869,2024-06-23,SKU1037,WH_SOUTH,29,2206.93,15.0,No,54400.82
503854,2024-06-23,SKU1008,WH_NORTH,7,7387.04,10.0,No,46538.35
503863,2024-06-23,SKU1029,WH_SOUTH,7,716.7,15.0,No,4264.37
503857,2024-06-23,SKU1011,WH_WEST,14,282.38,20.0,No,3162.66
503855,2024-06-23,SKU1009,WH_WEST,4,1309.64,20.0,No,4190.85
503850,2024-06-23,SKU1002,WH_SOUTH,4,4026.46,0.0,No,16105.84
503867,2024-06-23,SKU1033,WH_NORTH,23,1093.06,0.0,No,25140.38
503859,2024-06-23,SKU1013,WH_WEST,10,2835.28,0.0,No,28352.8
503866,2024-06-23,SKU1032,WH_NORTH,33,2757.64,0.0,Yes,91002.12
503861,2024-06-23,SKU1016,WH_WEST,13,497.81,0.0,No,6471.53
503868,2024-06-23,SKU1036,WH_NORTH,20,2919.38,0.0,No,58387.6
503852,2024-06-23,SKU1005,WH_SOUTH,5,23473.03,0.0,No,117365.15
503862,2024-06-23,SKU1019,WH_SOUTH,12,1767.95,5.0,No,20154.63
503849,2024-06-23,SKU1000,WH_WEST,5,9457.32,0.0,No,47286.6
503864,2024-06-23,SKU1030,WH_WEST,17,2402.0,15.0,No,34708.9
503851,2024-06-23,SKU1003,WH_WEST,7,21674.48,0.0,Yes,151721.36
503865,2024-06-23,SKU1031,WH_WEST,14,2789.96,5.0,No,37106.47
503878,2024-06-24,SKU1010,WH_SOUTH,6,1240.02,20.0,No,5952.1
503882,2024-06-24,SKU1017,WH_NORTH,5,2741.56,0.0,No,13707.8
503890,2024-06-24,SKU1039,WH_NORTH,34,222.44,0.0,Yes,7562.96
503880,2024-06-24,SKU1014,WH_WEST,8,1248.44,0.0,No,9987.52
503888,2024-06-24,SKU1033,WH_NORTH,20,1093.06,0.0,No,21861.2
503875,2024-06-24,SKU1005,WH_NORTH,4,23473.03,0.0,No,93892.12
503872,2024-06-24,SKU1002,WH_NORTH,8,4026.46,10.0,Yes,28990.51
503886,2024-06-24,SKU1028,WH_SOUTH,12,716.34,0.0,Yes,8596.08
503881,2024-06-24,SKU1015,WH_WEST,11,808.05,0.0,No,8888.55
503883,2024-06-24,SKU1021,WH_SOUTH,5,2700.26,10.0,No,12151.17
503889,2024-06-24,SKU1035,WH_WEST,15,1749.54,10.0,No,23618.79
503885,2024-06-24,SKU1027,WH_NORTH,12,194.56,5.0,Yes,2217.98
503879,2024-06-24,SKU1013,WH_WEST,8,2835.28,10.0,No,20414.02
503876,2024-06-24,SKU1006,WH_SOUTH,3,4707.6,0.0,No,14122.8
503874,2024-06-24,SKU1004,WH_SOUTH,4,661.52,0.0,No,2646.08
503884,2024-06-24,SKU1025,WH_SOUTH,4,1880.05,0.0,No,7520.2
503887,2024-06-24,SKU1029,WH_NORTH,5,716.7,0.0,No,3583.5
503877,2024-06-24,SKU1007,WH_NORTH,4,13190.2,0.0,No,52760.8
503873,2024-06-24,SKU1003,WH_SOUTH,4,21674.48,0.0,No,86697.92
503895,2024-06-25,SKU1014,WH_SOUTH,9,1248.44,15.0,No,9550.57
503896,2024-06-25,SKU1015,WH_WEST,4,808.05,0.0,No,3232.2
503909,2024-06-25,SKU1034,WH_WEST,24,2229.38,10.0,Yes,48154.61
503899,2024-06-25,SKU1019,WH_NORTH,7,1767.95,0.0,No,12375.65
503900,2024-06-25,SKU1020,WH_NORTH,6,2359.13,0.0,No,14154.78
503901,2024-06-25,SKU1022,WH_NORTH,6,278.9,0.0,No,1673.4
503894,2024-06-25,SKU1012,WH_NORTH,8,1433.92,0.0,No,11471.36
503904,2024-06-25,SKU1026,WH_NORTH,8,994.38,5.0,No,7557.29
503892,2024-06-25,SKU1007,WH_WEST,5,13190.2,0.0,No,65951.0
503910,2024-06-25,SKU1035,WH_SOUTH,24,1749.54,0.0,Yes,41988.96
503911,2024-06-25,SKU1036,WH_NORTH,27,2919.38,0.0,No,78823.26
503898,2024-06-25,SKU1018,WH_NORTH,7,2038.19,0.0,No,14267.33
503907,2024-06-25,SKU1030,WH_WEST,14,2402.0,15.0,No,28583.8
503891,2024-06-25,SKU1001,WH_NORTH,5,19525.32,15.0,No,82982.61
503908,2024-06-25,SKU1031,WH_NORTH,21,2789.96,0.0,No,58589.16
503905,2024-06-25,SKU1027,WH_WEST,5,194.56,0.0,No,972.8
503906,2024-06-25,SKU1029,WH_SOUTH,14,716.7,5.0,Yes,9532.11
503903,2024-06-25,SKU1025,WH_WEST,13,1880.05,0.0,Yes,24440.65
503893,2024-06-25,SKU1008,WH_NORTH,4,7387.04,10.0,No,26593.34
503897,2024-06-25,SKU1017,WH_WEST,7,2741.56,0.0,No,19190.92
503902,2024-06-25,SKU1023,WH_SOUTH,5,1257.73,0.0,No,6288.65
503919,2024-06-26,SKU1012,WH_NORTH,7,1433.92,10.0,No,9033.7
503912,2024-06-26,SKU1000,WH_SOUTH,4,9457.32,5.0,No,35937.82
503921,2024-06-26,SKU1017,WH_NORTH,9,2741.56,5.0,No,23440.34
503918,2024-06-26,SKU1011,WH_SOUTH,6,282.38,0.0,No,1694.28
503924,2024-06-26,SKU1023,WH_NORTH,2,1257.73,15.0,No,2138.14
503915,2024-06-26,SKU1007,WH_SOUTH,3,13190.2,0.0,No,39570.6
503931,2024-06-26,SKU1033,WH_SOUTH,16,1093.06,0.0,No,17488.96
503930,2024-06-26,SKU1032,WH_SOUTH,8,2757.64,0.0,No,22061.12
503922,2024-06-26,SKU1020,WH_WEST,5,2359.13,0.0,No,11795.65
503925,2024-06-26,SKU1024,WH_SOUTH,7,1822.24,0.0,No,12755.68
503920,2024-06-26,SKU1016,WH_SOUTH,14,497.81,15.0,No,5923.94
503928,2024-06-26,SKU1029,WH_SOUTH,10,716.7,5.0,No,6808.65
503933,2024-06-26,SKU1035,WH_NORTH,14,1749.54,0.0,No,24493.56
503923,2024-06-26,SKU1021,WH_WEST,5,2700.26,20.0,No,10801.04
503927,2024-06-26,SKU1028,WH_WEST,11,716.34,5.0,No,7485.75
503916,2024-06-26,SKU1008,WH_SOUTH,5,7387.04,0.0,No,36935.2
503929,2024-06-26,SKU1031,WH_NORTH,21,2789.96,10.0,Yes,52730.24
503914,2024-06-26,SKU1005,WH_WEST,4,23473.03,5.0,Yes,89197.51
503934,2024-06-26,SKU1038,WH_WEST,13,1639.79,0.0,No,21317.27
503932,2024-06-26,SKU1034,WH_SOUTH,16,2229.38,0.0,No,35670.08
503935,2024-06-26,SKU1039,WH_WEST,11,222.44,0.0,No,2446.84
503913,2024-06-26,SKU1001,WH_NORTH,5,19525.32,10.0,No,87863.94
503926,2024-06-26,SKU1025,WH_SOUTH,7,1880.05,0.0,No,13160.35
503917,2024-06-26,SKU1010,WH_WEST,12,1240.02,0.0,No,14880.24
503939,2024-06-27,SKU1004,WH_SOUTH,6,661.52,10.0,No,3572.21
503948,2024-06-27,SKU1021,WH_NORTH,5,2700.26,0.0,No,13501.3
503937,2024-06-27,SKU1001,WH_NORTH,5,19525.32,0.0,No,97626.6
503940,2024-06-27,SKU1005,WH_SOUTH,4,23473.03,0.0,No,93892.12
503952,2024-06-27,SKU1028,WH_WEST,6,716.34,0.0,No,4298.04
503944,2024-06-27,SKU1013,WH_NORTH,11,2835.28,5.0,No,29628.68
503936,2024-06-27,SKU1000,WH_NORTH,4,9457.32,15.0,No,32154.89
503945,2024-06-27,SKU1015,WH_WEST,5,808.05,0.0,No,4040.25
503955,2024-06-27,SKU1032,WH_WEST,14,2757.64,10.0,No,34746.26
503950,2024-06-27,SKU1024,WH_SOUTH,5,1822.24,10.0,No,8200.08
503943,2024-06-27,SKU1009,WH_NORTH,3,1309.64,0.0,No,3928.92
503953,2024-06-27,SKU1029,WH_WEST,5,716.7,5.0,No,3404.32
503951,2024-06-27,SKU1027,WH_NORTH,7,194.56,0.0,No,1361.92
503941,2024-06-27,SKU1006,WH_WEST,5,4707.6,15.0,No,20007.3
503938,2024-06-27,SKU1003,WH_SOUTH,3,21674.48,5.0,No,61772.27
503949,2024-06-27,SKU1022,WH_SOUTH,6,278.9,20.0,No,1338.72
503947,2024-06-27,SKU1017,WH_SOUTH,3,2741.56,0.0,No,8224.68
503956,2024-06-27,SKU1036,WH_WEST,22,2919.38,15.0,No,54592.41
503946,2024-06-27,SKU1016,WH_SOUTH,9,497.81,0.0,No,4480.29
503954,2024-06-27,SKU1031,WH_NORTH,12,2789.96,0.0,No,33479.52
503942,2024-06-27,SKU1007,WH_WEST,4,13190.2,15.0,No,44846.68
503970,2024-06-28,SKU1023,WH_NORTH,7,1257.73,10.0,No,7923.7
503977,2024-06-28,SKU1038,WH_WEST,17,1639.79,0.0,No,27876.43
503962,2024-06-28,SKU1009,WH_NORTH,2,1309.64,5.0,No,2488.32
503968,2024-06-28,SKU1019,WH_SOUTH,19,1767.95,5.0,Yes,31911.5
503969,2024-06-28,SKU1020,WH_NORTH,9,2359.13,0.0,No,21232.17
503976,2024-06-28,SKU1037,WH_NORTH,20,2206.93,5.0,No,41931.67
503967,2024-06-28,SKU1014,WH_WEST,9,1248.44,0.0,No,11235.96
503974,2024-06-28,SKU1030,WH_WEST,15,2402.0,0.0,No,36030.0
503966,2024-06-28,SKU1013,WH_SOUTH,12,2835.28,5.0,No,32322.19
503959,2024-06-28,SKU1003,WH_NORTH,4,21674.48,10.0,No,78028.13
503965,2024-06-28,SKU1012,WH_WEST,9,1433.92,0.0,No,12905.28
503960,2024-06-28,SKU1007,WH_SOUTH,5,13190.2,15.0,No,56058.35
503972,2024-06-28,SKU1026,WH_SOUTH,5,994.38,0.0,No,4971.9
503957,2024-06-28,SKU1000,WH_SOUTH,8,9457.32,0.0,Yes,75658.56
503971,2024-06-28,SKU1024,WH_NORTH,6,1822.24,0.0,No,10933.44
503961,2024-06-28,SKU1008,WH_SOUTH,2,7387.04,0.0,No,14774.08
503973,2024-06-28,SKU1027,WH_WEST,6,194.56,5.0,No,1108.99
503975,2024-06-28,SKU1033,WH_NORTH,31,1093.06,0.0,Yes,33884.86
503958,2024-06-28,SKU1002,WH_WEST,3,4026.46,10.0,No,10871.44
503964,2024-06-28,SKU1011,WH_WEST,3,282.38,10.0,No,762.43
503963,2024-06-28,SKU1010,WH_SOUTH,5,1240.02,0.0,No,6200.1
503992,2024-06-29,SKU1023,WH_NORTH,8,1257.73,0.0,No,10061.84
503995,2024-06-29,SKU1028,WH_WEST,10,716.34,0.0,No,7163.4
503990,2024-06-29,SKU1019,WH_SOUTH,13,1767.95,15.0,No,19535.85
503985,2024-06-29,SKU1013,WH_WEST,13,2835.28,5.0,No,35015.71
503988,2024-06-29,SKU1017,WH_WEST,19,2741.56,10.0,No,46880.68
504003,2024-06-29,SKU1038,WH_SOUTH,13,1639.79,0.0,No,21317.27
503987,2024-06-29,SKU1015,WH_SOUTH,11,808.05,0.0,No,8888.55
503978,2024-06-29,SKU1001,WH_NORTH,4,19525.32,0.0,No,78101.28
503994,2024-06-29,SKU1027,WH_SOUTH,8,194.56,0.0,No,1556.48
503981,2024-06-29,SKU1008,WH_WEST,6,7387.04,5.0,No,42106.13
504000,2024-06-29,SKU1034,WH_WEST,25,2229.38,0.0,No,55734.5
503997,2024-06-29,SKU1030,WH_SOUTH,19,2402.0,5.0,Yes,43356.1
503991,2024-06-29,SKU1022,WH_SOUTH,14,278.9,0.0,Yes,3904.6
503999,2024-06-29,SKU1032,WH_SOUTH,16,2757.64,0.0,No,44122.24
504002,2024-06-29,SKU1037,WH_NORTH,16,2206.93,0.0,No,35310.88
503986,2024-06-29,SKU1014,WH_WEST,10,1248.44,0.0,No,12484.4
503996,2024-06-29,SKU1029,WH_NORTH,8,716.7,10.0,No,5160.24
503993,2024-06-29,SKU1025,WH_WEST,10,1880.05,15.0,No,15980.42
504001,2024-06-29,SKU1035,WH_NORTH,24,1749.54,20.0,No,33591.17
503982,2024-06-29,SKU1009,WH_WEST,6,1309.64,15.0,No,6679.16
503989,2024-06-29,SKU1018,WH_WEST,11,2038.19,5.0,No,21299.09
503980,2024-06-29,SKU1004,WH_WEST,2,661.52,0.0,No,1323.04
503983,2024-06-29,SKU1010,WH_SOUTH,13,1240.02,0.0,No,16120.26
503998,2024-06-29,SKU1031,WH_NORTH,19,2789.96,0.0,No,53009.24
503979,2024-06-29,SKU1003,WH_NORTH,5,21674.48,10.0,No,97535.16
503984,2024-06-29,SKU1011,WH_NORTH,10,282.38,5.0,No,2682.61
504018,2024-06-30,SKU1031,WH_SOUTH,19,2789.96,0.0,No,53009.24
504019,2024-06-30,SKU1034,WH_NORTH,8,2229.38,10.0,No,16051.54
504007,2024-06-30,SKU1008,WH_SOUTH,7,7387.04,15.0,No,43952.89
504008,2024-06-30,SKU1009,WH_NORTH,9,1309.64,5.0,Yes,11197.42
504005,2024-06-30,SKU1004,WH_SOUTH,8,661.52,0.0,No,5292.16
504015,2024-06-30,SKU1022,WH_SOUTH,9,278.9,0.0,No,2510.1
504021,2024-06-30,SKU1036,WH_SOUTH,16,2919.38,0.0,No,46710.08
504020,2024-06-30,SKU1035,WH_WEST,19,1749.54,20.0,No,26593.01
504014,2024-06-30,SKU1021,WH_NORTH,6,2700.26,0.0,No,16201.56
504004,2024-06-30,SKU1001,WH_WEST,5,19525.32,5.0,No,92745.27
504010,2024-06-30,SKU1014,WH_SOUTH,9,1248.44,0.0,No,11235.96
504011,2024-06-30,SKU1017,WH_SOUTH,13,2741.56,5.0,No,33858.27
504013,2024-06-30,SKU1020,WH_NORTH,8,2359.13,0.0,No,18873.04
504017,2024-06-30,SKU1026,WH_WEST,12,994.38,15.0,Yes,10142.68
504012,2024-06-30,SKU1018,WH_WEST,7,2038.19,0.0,No,14267.33
504006,2024-06-30,SKU1007,WH_SOUTH,7,13190.2,0.0,No,92331.4
504016,2024-06-30,SKU1024,WH_WEST,8,1822.24,0.0,No,14577.92
504009,2024-06-30,SKU1013,WH_SOUTH,15,2835.28,15.0,Yes,36149.82
504033,2024-07-01,SKU1015,WH_SOUTH,10,808.05,10.0,No,7272.45
504025,2024-07-01,SKU1006,WH_NORTH,5,4707.6,20.0,No,18830.4
504026,2024-07-01,SKU1007,WH_WEST,5,13190.2,0.0,No,65951.0
504042,2024-07-01,SKU1029,WH_NORTH,7,716.7,0.0,No,5016.9
504036,2024-07-01,SKU1020,WH_WEST,7,2359.13,5.0,No,15688.21
504032,2024-07-01,SKU1014,WH_SOUTH,8,1248.44,0.0,No,9987.52
504031,2024-07-01,SKU1013,WH_WEST,9,2835.28,10.0,No,22965.77
504023,2024-07-01,SKU1003,WH_SOUTH,3,21674.48,0.0,No,65023.44
504047,2024-07-01,SKU1036,WH_WEST,15,2919.38,5.0,No,41601.16
504043,2024-07-01,SKU1030,WH_WEST,17,2402.0,0.0,No,40834.0
504040,2024-07-01,SKU1026,WH_NORTH,5,994.38,0.0,No,4971.9
504034,2024-07-01,SKU1016,WH_WEST,9,497.81,15.0,No,3808.25
504022,2024-07-01,SKU1000,WH_SOUTH,9,9457.32,0.0,Yes,85115.88
504045,2024-07-01,SKU1033,WH_SOUTH,21,1093.06,0.0,No,22954.26
504037,2024-07-01,SKU1021,WH_WEST,7,2700.26,10.0,No,17011.64
504030,2024-07-01,SKU1012,WH_NORTH,8,1433.92,20.0,No,9177.09
504041,2024-07-01,SKU1027,WH_SOUTH,5,194.56,10.0,No,875.52
504035,2024-07-01,SKU1018,WH_WEST,8,2038.19,20.0,No,13044.42
504049,2024-07-01,SKU1039,WH_NORTH,19,222.44,0.0,No,4226.36
504027,2024-07-01,SKU1008,WH_NORTH,5,7387.04,5.0,No,35088.44
504038,2024-07-01,SKU1024,WH_SOUTH,6,1822.24,0.0,No,10933.44
504046,2024-07-01,SKU1035,WH_WEST,15,1749.54,15.0,No,22306.64
504048,2024-07-01,SKU1038,WH_WEST,13,1639.79,0.0,No,21317.27
504039,2024-07-01,SKU1025,WH_SOUTH,5,1880.05,0.0,No,9400.25
504044,2024-07-01,SKU1031,WH_NORTH,13,2789.96,5.0,No,34456.01
504024,2024-07-01,SKU1005,WH_SOUTH,4,23473.03,0.0,No,93892.12
504028,2024-07-01,SKU1010,WH_NORTH,10,1240.02,20.0,No,9920.16
504029,2024-07-01,SKU1011,WH_WEST,8,282.38,0.0,No,2259.04
504050,2024-07-02,SKU1000,WH_NORTH,3,9457.32,0.0,No,28371.96
504065,2024-07-02,SKU1025,WH_NORTH,5,1880.05,0.0,No,9400.25
504060,2024-07-02,SKU1018,WH_SOUTH,7,2038.19,10.0,No,12840.6
504059,2024-07-02,SKU1017,WH_WEST,8,2741.56,0.0,No,21932.48
504074,2024-07-02,SKU1039,WH_NORTH,18,222.44,0.0,No,4003.92
504057,2024-07-02,SKU1010,WH_WEST,8,1240.02,0.0,No,9920.16
504071,2024-07-02,SKU1035,WH_WEST,12,1749.54,0.0,No,20994.48
504051,2024-07-02,SKU1001,WH_SOUTH,4,19525.32,0.0,No,78101.28
504058,2024-07-02,SKU1012,WH_NORTH,7,1433.92,5.0,No,9535.57
504055,2024-07-02,SKU1006,WH_NORTH,5,4707.6,0.0,No,23538.0
504072,2024-07-02,SKU1036,WH_WEST,14,2919.38,10.0,No,36784.19
504069,2024-07-02,SKU1032,WH_WEST,24,2757.64,5.0,No,62874.19
504053,2024-07-02,SKU1004,WH_NORTH,6,661.52,0.0,No,3969.12
504062,2024-07-02,SKU1020,WH_WEST,4,2359.13,20.0,No,7549.22
504067,2024-07-02,SKU1030,WH_WEST,18,2402.0,0.0,No,43236.0
504073,2024-07-02,SKU1037,WH_WEST,14,2206.93,5.0,No,29352.17
504066,2024-07-02,SKU1028,WH_SOUTH,7,716.34,0.0,No,5014.38
504052,2024-07-02,SKU1002,WH_NORTH,4,4026.46,0.0,No,16105.84
504068,2024-07-02,SKU1031,WH_WEST,18,2789.96,15.0,Yes,42686.39
504054,2024-07-02,SKU1005,WH_NORTH,4,23473.03,0.0,No,93892.12
504056,2024-07-02,SKU1008,WH_NORTH,4,7387.04,0.0,No,29548.16
504070,2024-07-02,SKU1033,WH_SOUTH,14,1093.06,0.0,No,15302.84
504064,2024-07-02,SKU1022,WH_WEST,9,278.9,10.0,No,2259.09
504063,2024-07-02,SKU1021,WH_SOUTH,5,2700.26,0.0,No,13501.3
504061,2024-07-02,SKU1019,WH_WEST,7,1767.95,0.0,No,12375.65
504085,2024-07-03,SKU1017,WH_NORTH,11,2741.56,15.0,No,25633.59
504082,2024-07-03,SKU1008,WH_SOUTH,6,7387.04,20.0,No,35457.79
504079,2024-07-03,SKU1005,WH_SOUTH,5,23473.03,15.0,No,99760.38
504091,2024-07-03,SKU1025,WH_WEST,6,1880.05,0.0,No,11280.3
504093,2024-07-03,SKU1027,WH_NORTH,6,194.56,0.0,Yes,1167.36
504101,2024-07-03,SKU1038,WH_SOUTH,14,1639.79,10.0,No,20661.35
504099,2024-07-03,SKU1036,WH_SOUTH,13,2919.38,0.0,No,37951.94
504080,2024-07-03,SKU1006,WH_NORTH,4,4707.6,0.0,No,18830.4
504086,2024-07-03,SKU1018,WH_WEST,7,2038.19,0.0,No,14267.33
504081,2024-07-03,SKU1007,WH_WEST,3,13190.2,5.0,No,37592.07
504097,2024-07-03,SKU1033,WH_WEST,20,1093.06,0.0,No,21861.2
504089,2024-07-03,SKU1023,WH_WEST,5,1257.73,20.0,No,5030.92
504087,2024-07-03,SKU1021,WH_SOUTH,7,2700.26,0.0,No,18901.82
504075,2024-07-03,SKU1000,WH_SOUTH,5,9457.32,15.0,No,40193.61
504090,2024-07-03,SKU1024,WH_WEST,7,1822.24,10.0,No,11480.11
504092,2024-07-03,SKU1026,WH_SOUTH,6,994.38,10.0,No,5369.65
504098,2024-07-03,SKU1034,WH_NORTH,18,2229.38,0.0,No,40128.84
504094,2024-07-03,SKU1028,WH_SOUTH,8,716.34,0.0,No,5730.72
504084,2024-07-03,SKU1012,WH_SOUTH,10,1433.92,0.0,No,14339.2
504095,2024-07-03,SKU1029,WH_SOUTH,10,716.7,15.0,No,6091.95
504077,2024-07-03,SKU1003,WH_WEST,2,21674.48,5.0,No,41181.51
504078,2024-07-03,SKU1004,WH_NORTH,5,661.52,0.0,No,3307.6
504100,2024-07-03,SKU1037,WH_SOUTH,19,2206.93,5.0,No,39835.09
504076,2024-07-03,SKU1001,WH_NORTH,5,19525.32,10.0,No,87863.94
504096,2024-07-03,SKU1031,WH_NORTH,13,2789.96,0.0,No,36269.48
504083,2024-07-03,SKU1009,WH_SOUTH,4,1309.64,20.0,No,4190.85
504088,2024-07-03,SKU1022,WH_SOUTH,5,278.9,0.0,No,1394.5
504113,2024-07-04,SKU1013,WH_WEST,11,2835.28,0.0,No,31188.08
504119,2024-07-04,SKU1023,WH_SOUTH,9,1257.73,5.0,No,10753.59
504118,2024-07-04,SKU1021,WH_NORTH,6,2700.26,5.0,No,15391.48
504127,2024-07-04,SKU1038,WH_NORTH,10,1639.79,0.0,No,16397.9
504105,2024-07-04,SKU1004,WH_SOUTH,7,661.52,10.0,No,4167.58
504106,2024-07-04,SKU1005,WH_SOUTH,5,23473.03,0.0,No,117365.15
504116,2024-07-04,SKU1018,WH_WEST,6,2038.19,0.0,No,12229.14
504103,2024-07-04,SKU1001,WH_NORTH,3,19525.32,0.0,No,58575.96
504125,2024-07-04,SKU1035,WH_SOUTH,15,1749.54,0.0,No,26243.1
504115,2024-07-04,SKU1017,WH_SOUTH,6,2741.56,0.0,No,16449.36
504104,2024-07-04,SKU1003,WH_SOUTH,5,21674.48,0.0,No,108372.4
504112,2024-07-04,SKU1012,WH_NORTH,8,1433.92,20.0,No,9177.09
504120,2024-07-04,SKU1024,WH_SOUTH,8,1822.24,0.0,Yes,14577.92
504111,2024-07-04,SKU1011,WH_NORTH,9,282.38,5.0,No,2414.35
504117,2024-07-04,SKU1019,WH_NORTH,11,1767.95,10.0,No,17502.71
504126,2024-07-04,SKU1037,WH_WEST,21,2206.93,5.0,No,44028.25
504107,2024-07-04,SKU1006,WH_SOUTH,4,4707.6,0.0,No,18830.4
504124,2024-07-04,SKU1030,WH_NORTH,11,2402.0,0.0,No,26422.0
504108,2024-07-04,SKU1007,WH_SOUTH,3,13190.2,0.0,No,39570.6
504102,2024-07-04,SKU1000,WH_NORTH,5,9457.32,0.0,No,47286.6
504122,2024-07-04,SKU1027,WH_SOUTH,7,194.56,0.0,No,1361.92
504128,2024-07-04,SKU1039,WH_SOUTH,17,222.44,0.0,No,3781.48
504121,2024-07-04,SKU1026,WH_SOUTH,5,994.38,0.0,No,4971.9
504110,2024-07-04,SKU1010,WH_NORTH,7,1240.02,0.0,No,8680.14
504109,2024-07-04,SKU1009,WH_SOUTH,5,1309.64,0.0,No,6548.2
504123,2024-07-04,SKU1029,WH_WEST,4,716.7,0.0,No,2866.8
504114,2024-07-04,SKU1016,WH_SOUTH,16,497.81,0.0,Yes,7964.96
504151,2024-07-05,SKU1035,WH_NORTH,30,1749.54,15.0,Yes,44613.27
504137,2024-07-05,SKU1015,WH_SOUTH,7,808.05,5.0,No,5373.53
504143,2024-07-05,SKU1024,WH_SOUTH,5,1822.24,10.0,No,8200.08
504136,2024-07-05,SKU1014,WH_SOUTH,10,1248.44,10.0,No,11235.96
504139,2024-07-05,SKU1017,WH_NORTH,7,2741.56,0.0,No,19190.92
504129,2024-07-05,SKU1000,WH_WEST,3,9457.32,0.0,No,28371.96
504144,2024-07-05,SKU1025,WH_WEST,6,1880.05,0.0,No,11280.3
504133,2024-07-05,SKU1008,WH_SOUTH,4,7387.04,0.0,No,29548.16
504142,2024-07-05,SKU1023,WH_WEST,8,1257.73,0.0,No,10061.84
504141,2024-07-05,SKU1022,WH_WEST,2,278.9,0.0,No,557.8
504152,2024-07-05,SKU1037,WH_NORTH,12,2206.93,20.0,No,21186.53
504146,2024-07-05,SKU1027,WH_SOUTH,6,194.56,0.0,No,1167.36
504138,2024-07-05,SKU1016,WH_SOUTH,8,497.81,5.0,No,3783.36
504140,2024-07-05,SKU1018,WH_NORTH,10,2038.19,5.0,No,19362.8
504130,2024-07-05,SKU1002,WH_NORTH,3,4026.46,15.0,No,10267.47
504132,2024-07-05,SKU1005,WH_NORTH,4,23473.03,15.0,No,79808.3
504148,2024-07-05,SKU1030,WH_SOUTH,24,2402.0,0.0,No,57648.0
504150,2024-07-05,SKU1033,WH_NORTH,23,1093.06,15.0,No,21369.32
504134,2024-07-05,SKU1010,WH_NORTH,11,1240.02,20.0,No,10912.18
504147,2024-07-05,SKU1028,WH_NORTH,9,716.34,5.0,No,6124.71
504131,2024-07-05,SKU1004,WH_WEST,5,661.52,0.0,No,3307.6
504149,2024-07-05,SKU1032,WH_NORTH,12,2757.64,15.0,No,28127.93
504145,2024-07-05,SKU1026,WH_WEST,7,994.38,10.0,No,6264.59
504135,2024-07-05,SKU1012,WH_WEST,9,1433.92,0.0,No,12905.28
504161,2024-07-06,SKU1013,WH_NORTH,18,2835.28,0.0,Yes,51035.04
504165,2024-07-06,SKU1019,WH_SOUTH,11,1767.95,0.0,No,19447.45
504155,2024-07-06,SKU1003,WH_NORTH,3,21674.48,5.0,No,61772.27
504157,2024-07-06,SKU1006,WH_SOUTH,6,4707.6,15.0,No,24008.76
504173,2024-07-06,SKU1038,WH_WEST,34,1639.79,5.0,Yes,52965.22
504156,2024-07-06,SKU1005,WH_WEST,5,23473.03,5.0,Yes,111496.89
504166,2024-07-06,SKU1024,WH_WEST,7,1822.24,0.0,No,12755.68
504167,2024-07-06,SKU1026,WH_WEST,8,994.38,0.0,No,7955.04
504153,2024-07-06,SKU1000,WH_SOUTH,5,9457.32,20.0,No,37829.28
504164,2024-07-06,SKU1018,WH_WEST,12,2038.19,0.0,No,24458.28
504168,2024-07-06,SKU1029,WH_WEST,15,716.7,10.0,Yes,9675.45
504172,2024-07-06,SKU1034,WH_SOUTH,20,2229.38,20.0,No,35670.08
504171,2024-07-06,SKU1033,WH_NORTH,9,1093.06,0.0,No,9837.54
504170,2024-07-06,SKU1032,WH_NORTH,29,2757.64,0.0,No,79971.56
504162,2024-07-06,SKU1014,WH_NORTH,6,1248.44,20.0,No,5992.51
504163,2024-07-06,SKU1017,WH_WEST,12,2741.56,0.0,No,32898.72
504169,2024-07-06,SKU1030,WH_SOUTH,21,2402.0,0.0,No,50442.0
504160,2024-07-06,SKU1009,WH_WEST,7,1309.64,0.0,Yes,9167.48
504158,2024-07-06,SKU1007,WH_NORTH,6,13190.2,0.0,No,79141.2
504159,2024-07-06,SKU1008,WH_NORTH,6,7387.04,15.0,No,37673.9
504154,2024-07-06,SKU1002,WH_WEST,7,4026.46,0.0,No,28185.22
504180,2024-07-07,SKU1010,WH_SOUTH,9,1240.02,0.0,No,11160.18
504189,2024-07-07,SKU1026,WH_WEST,6,994.38,10.0,No,5369.65
504186,2024-07-07,SKU1020,WH_WEST,7,2359.13,5.0,No,15688.21
504181,2024-07-07,SKU1012,WH_SOUTH,11,1433.92,0.0,No,15773.12
504179,2024-07-07,SKU1009,WH_SOUTH,3,1309.64,0.0,No,3928.92
504174,2024-07-07,SKU1001,WH_SOUTH,5,19525.32,0.0,No,97626.6
504193,2024-07-07,SKU1034,WH_NORTH,25,2229.38,10.0,No,50161.05
504195,2024-07-07,SKU1036,WH_NORTH,21,2919.38,5.0,No,58241.63
504175,2024-07-07,SKU1002,WH_SOUTH,9,4026.46,0.0,Yes,36238.14
504178,2024-07-07,SKU1008,WH_SOUTH,9,7387.04,0.0,No,66483.36
504183,2024-07-07,SKU1016,WH_WEST,10,497.81,10.0,No,4480.29
504191,2024-07-07,SKU1030,WH_NORTH,25,2402.0,5.0,No,57047.5
504196,2024-07-07,SKU1037,WH_SOUTH,19,2206.93,0.0,No,41931.67
504177,2024-07-07,SKU1007,WH_WEST,6,13190.2,0.0,No,79141.2
504192,2024-07-07,SKU1032,WH_WEST,11,2757.64,0.0,No,30334.04
504194,2024-07-07,SKU1035,WH_SOUTH,13,1749.54,5.0,No,21606.82
504176,2024-07-07,SKU1004,WH_SOUTH,9,661.52,5.0,Yes,5656.0
504187,2024-07-07,SKU1022,WH_WEST,11,278.9,5.0,No,2914.5
504184,2024-07-07,SKU1017,WH_SOUTH,9,2741.56,5.0,No,23440.34
504188,2024-07-07,SKU1023,WH_WEST,8,1257.73,0.0,No,10061.84
504197,2024-07-07,SKU1039,WH_NORTH,19,222.44,0.0,No,4226.36
504182,2024-07-07,SKU1013,WH_NORTH,13,2835.28,10.0,No,33172.78
504190,2024-07-07,SKU1029,WH_NORTH,5,716.7,5.0,No,3404.32
504185,2024-07-07,SKU1018,WH_WEST,17,2038.19,15.0,No,29451.85
504221,2024-07-08,SKU1036,WH_NORTH,16,2919.38,0.0,No,46710.08
504220,2024-07-08,SKU1035,WH_SOUTH,21,1749.54,5.0,No,34903.32
504214,2024-07-08,SKU1028,WH_WEST,4,716.34,0.0,No,2865.36
504203,2024-07-08,SKU1010,WH_SOUTH,11,1240.02,15.0,No,11594.19
504206,2024-07-08,SKU1014,WH_NORTH,6,1248.44,5.0,No,7116.11
504212,2024-07-08,SKU1023,WH_NORTH,6,1257.73,0.0,No,7546.38
504216,2024-07-08,SKU1031,WH_SOUTH,12,2789.96,20.0,No,26783.62
504209,2024-07-08,SKU1018,WH_WEST,3,2038.19,0.0,No,6114.57
504202,2024-07-08,SKU1009,WH_SOUTH,2,1309.64,0.0,No,2619.28
504200,2024-07-08,SKU1006,WH_WEST,4,4707.6,0.0,No,18830.4
504207,2024-07-08,SKU1015,WH_WEST,8,808.05,0.0,No,6464.4
504218,2024-07-08,SKU1033,WH_WEST,23,1093.06,20.0,No,20112.3
504205,2024-07-08,SKU1012,WH_NORTH,10,1433.92,5.0,No,13622.24
504208,2024-07-08,SKU1016,WH_SOUTH,9,497.81,0.0,No,4480.29
504198,2024-07-08,SKU1000,WH_WEST,5,9457.32,0.0,No,47286.6
504217,2024-07-08,SKU1032,WH_SOUTH,17,2757.64,0.0,No,46879.88
504219,2024-07-08,SKU1034,WH_SOUTH,15,2229.38,5.0,No,31768.66
504210,2024-07-08,SKU1019,WH_SOUTH,10,1767.95,0.0,No,17679.5
504204,2024-07-08,SKU1011,WH_WEST,6,282.38,0.0,No,1694.28
504213,2024-07-08,SKU1026,WH_NORTH,4,994.38,0.0,No,3977.52
504215,2024-07-08,SKU1030,WH_WEST,17,2402.0,0.0,No,40834.0
504199,2024-07-08,SKU1002,WH_SOUTH,5,4026.46,0.0,Yes,20132.3
504201,2024-07-08,SKU1007,WH_NORTH,5,13190.2,10.0,No,59355.9
504211,2024-07-08,SKU1022,WH_SOUTH,6,278.9,0.0,No,1673.4
504226,2024-07-09,SKU1007,WH_SOUTH,5,13190.2,10.0,Yes,59355.9
504242,2024-07-09,SKU1038,WH_WEST,12,1639.79,0.0,No,19677.48
504235,2024-07-09,SKU1026,WH_SOUTH,13,994.38,0.0,Yes,12926.94
504240,2024-07-09,SKU1036,WH_SOUTH,13,2919.38,10.0,No,34156.75
504238,2024-07-09,SKU1033,WH_SOUTH,21,1093.06,10.0,No,20658.83
504241,2024-07-09,SKU1037,WH_NORTH,11,2206.93,20.0,No,19420.98
504230,2024-07-09,SKU1016,WH_SOUTH,7,497.81,0.0,No,3484.67
504225,2024-07-09,SKU1006,WH_SOUTH,4,4707.6,0.0,No,18830.4
504222,2024-07-09,SKU1003,WH_SOUTH,1,21674.48,0.0,No,21674.48
504234,2024-07-09,SKU1025,WH_WEST,6,1880.05,0.0,No,11280.3
504243,2024-07-09,SKU1039,WH_WEST,19,222.44,5.0,No,4015.04
504229,2024-07-09,SKU1014,WH_SOUTH,9,1248.44,0.0,No,11235.96
504228,2024-07-09,SKU1013,WH_SOUTH,10,2835.28,0.0,Yes,28352.8
504236,2024-07-09,SKU1029,WH_SOUTH,7,716.7,0.0,No,5016.9
504233,2024-07-09,SKU1023,WH_WEST,6,1257.73,0.0,No,7546.38
504223,2024-07-09,SKU1004,WH_NORTH,6,661.52,0.0,Yes,3969.12
504239,2024-07-09,SKU1034,WH_SOUTH,18,2229.38,0.0,No,40128.84
504232,2024-07-09,SKU1020,WH_WEST,5,2359.13,0.0,No,11795.65
504231,2024-07-09,SKU1017,WH_NORTH,9,2741.56,0.0,No,24674.04
504227,2024-07-09,SKU1008,WH_WEST,5,7387.04,0.0,No,36935.2
504224,2024-07-09,SKU1005,WH_SOUTH,6,23473.03,0.0,No,140838.18
504237,2024-07-09,SKU1030,WH_NORTH,24,2402.0,0.0,No,57648.0
504254,2024-07-10,SKU1026,WH_WEST,7,994.38,10.0,No,6264.59
504259,2024-07-10,SKU1038,WH_NORTH,18,1639.79,10.0,No,26564.6
504255,2024-07-10,SKU1027,WH_NORTH,8,194.56,10.0,No,1400.83
504253,2024-07-10,SKU1025,WH_WEST,9,1880.05,0.0,Yes,16920.45
504249,2024-07-10,SKU1015,WH_NORTH,9,808.05,0.0,No,7272.45
504257,2024-07-10,SKU1030,WH_WEST,21,2402.0,5.0,Yes,47919.9
504247,2024-07-10,SKU1010,WH_NORTH,10,1240.02,0.0,No,12400.2
504244,2024-07-10,SKU1002,WH_SOUTH,5,4026.46,5.0,No,19125.68
504250,2024-07-10,SKU1019,WH_SOUTH,12,1767.95,10.0,No,19093.86
504251,2024-07-10,SKU1021,WH_SOUTH,2,2700.26,0.0,No,5400.52
504246,2024-07-10,SKU1008,WH_NORTH,2,7387.04,0.0,No,14774.08
504256,2024-07-10,SKU1028,WH_NORTH,7,716.34,15.0,No,4262.22
504252,2024-07-10,SKU1023,WH_NORTH,6,1257.73,5.0,No,7169.06
504245,2024-07-10,SKU1003,WH_NORTH,6,21674.48,15.0,Yes,110539.85
504258,2024-07-10,SKU1034,WH_SOUTH,15,2229.38,0.0,No,33440.7
504248,2024-07-10,SKU1013,WH_SOUTH,4,2835.28,0.0,No,11341.12
504277,2024-07-11,SKU1026,WH_SOUTH,7,994.38,0.0,No,6960.66
504267,2024-07-11,SKU1011,WH_NORTH,5,282.38,5.0,No,1341.3
504268,2024-07-11,SKU1012,WH_WEST,13,1433.92,0.0,Yes,18640.96
504285,2024-07-11,SKU1039,WH_NORTH,13,222.44,5.0,No,2747.13
504274,2024-07-11,SKU1020,WH_NORTH,5,2359.13,0.0,No,11795.65
504273,2024-07-11,SKU1019,WH_WEST,9,1767.95,15.0,No,13524.82
504266,2024-07-11,SKU1010,WH_SOUTH,8,1240.02,5.0,No,9424.15
504276,2024-07-11,SKU1023,WH_NORTH,10,1257.73,0.0,No,12577.3
504261,2024-07-11,SKU1001,WH_SOUTH,5,19525.32,20.0,No,78101.28
504271,2024-07-11,SKU1017,WH_NORTH,6,2741.56,0.0,No,16449.36
504272,2024-07-11,SKU1018,WH_WEST,12,2038.19,15.0,No,20789.54
504275,2024-07-11,SKU1021,WH_WEST,8,2700.26,10.0,No,19441.87
504280,2024-07-11,SKU1030,WH_WEST,19,2402.0,0.0,No,45638.0
504260,2024-07-11,SKU1000,WH_SOUTH,4,9457.32,5.0,No,35937.82
504278,2024-07-11,SKU1027,WH_WEST,8,194.56,0.0,No,1556.48
504281,2024-07-11,SKU1031,WH_SOUTH,18,2789.96,10.0,No,45197.35
504262,2024-07-11,SKU1002,WH_WEST,4,4026.46,0.0,No,16105.84
504282,2024-07-11,SKU1032,WH_WEST,15,2757.64,0.0,No,41364.6
504263,2024-07-11,SKU1003,WH_WEST,4,21674.48,0.0,No,86697.92
504279,2024-07-11,SKU1029,WH_NORTH,10,716.7,0.0,Yes,7167.0
504284,2024-07-11,SKU1035,WH_WEST,26,1749.54,0.0,Yes,45488.04
504265,2024-07-11,SKU1005,WH_NORTH,3,23473.03,0.0,No,70419.09
504283,2024-07-11,SKU1034,WH_WEST,20,2229.38,0.0,No,44587.6
504264,2024-07-11,SKU1004,WH_SOUTH,7,661.52,20.0,No,3704.51
504269,2024-07-11,SKU1013,WH_SOUTH,11,2835.28,5.0,No,29628.68
504270,2024-07-11,SKU1016,WH_SOUTH,12,497.81,0.0,No,5973.72
504293,2024-07-12,SKU1007,WH_WEST,2,13190.2,10.0,No,23742.36
504294,2024-07-12,SKU1009,WH_NORTH,9,1309.64,10.0,Yes,10608.08
504296,2024-07-12,SKU1012,WH_NORTH,11,1433.92,0.0,No,15773.12
504297,2024-07-12,SKU1013,WH_SOUTH,7,2835.28,0.0,No,19846.96
504306,2024-07-12,SKU1033,WH_NORTH,20,1093.06,0.0,No,21861.2
504288,2024-07-12,SKU1002,WH_SOUTH,4,4026.46,10.0,No,14495.26
504298,2024-07-12,SKU1015,WH_WEST,7,808.05,0.0,No,5656.35
504291,2024-07-12,SKU1005,WH_WEST,4,23473.03,0.0,No,93892.12
504308,2024-07-12,SKU1036,WH_SOUTH,38,2919.38,0.0,Yes,112396.13
504289,2024-07-12,SKU1003,WH_WEST,5,21674.48,0.0,No,108372.4
504286,2024-07-12,SKU1000,WH_SOUTH,4,9457.32,10.0,No,34046.35
504295,2024-07-12,SKU1011,WH_SOUTH,8,282.38,10.0,No,2033.14
504290,2024-07-12,SKU1004,WH_WEST,5,661.52,0.0,No,3307.6
504309,2024-07-12,SKU1038,WH_NORTH,18,1639.79,0.0,No,29516.22
504303,2024-07-12,SKU1030,WH_SOUTH,17,2402.0,0.0,No,40834.0
504310,2024-07-12,SKU1039,WH_NORTH,12,222.44,5.0,No,2535.82
504301,2024-07-12,SKU1019,WH_NORTH,11,1767.95,0.0,No,19447.45
504292,2024-07-12,SKU1006,WH_NORTH,5,4707.6,0.0,No,23538.0
504307,2024-07-12,SKU1034,WH_SOUTH,19,2229.38,10.0,No,38122.4
504305,2024-07-12,SKU1032,WH_WEST,21,2757.64,15.0,No,49223.87
504287,2024-07-12,SKU1001,WH_NORTH,4,19525.32,0.0,No,78101.28
504304,2024-07-12,SKU1031,WH_WEST,8,2789.96,15.0,No,18971.73
504300,2024-07-12,SKU1018,WH_SOUTH,10,2038.19,0.0,No,20381.9
504302,2024-07-12,SKU1029,WH_NORTH,3,716.7,10.0,No,1935.09
504299,2024-07-12,SKU1016,WH_SOUTH,8,497.81,0.0,No,3982.48
504312,2024-07-13,SKU1007,WH_WEST,5,13190.2,0.0,No,65951.0
504323,2024-07-13,SKU1033,WH_NORTH,15,1093.06,0.0,No,16395.9
504322,2024-07-13,SKU1031,WH_WEST,20,2789.96,0.0,No,55799.2
504318,2024-07-13,SKU1026,WH_WEST,9,994.38,15.0,No,7607.01
504317,2024-07-13,SKU1025,WH_NORTH,8,1880.05,0.0,No,15040.4
504313,2024-07-13,SKU1010,WH_NORTH,14,1240.02,0.0,No,17360.28
504324,2024-07-13,SKU1037,WH_SOUTH,14,2206.93,5.0,No,29352.17
504319,2024-07-13,SKU1027,WH_SOUTH,9,194.56,10.0,No,1575.94
504316,2024-07-13,SKU1018,WH_NORTH,11,2038.19,5.0,No,21299.09
504320,2024-07-13,SKU1028,WH_NORTH,10,716.34,15.0,No,6088.89
504325,2024-07-13,SKU1039,WH_WEST,21,222.44,0.0,No,4671.24
504311,2024-07-13,SKU1005,WH_WEST,5,23473.03,10.0,No,105628.64
504314,2024-07-13,SKU1012,WH_WEST,11,1433.92,0.0,No,15773.12
504321,2024-07-13,SKU1030,WH_WEST,21,2402.0,0.0,No,50442.0
504315,2024-07-13,SKU1013,WH_SOUTH,11,2835.28,0.0,No,31188.08
504330,2024-07-14,SKU1017,WH_SOUTH,14,2741.56,5.0,No,36462.75
504329,2024-07-14,SKU1015,WH_SOUTH,10,808.05,0.0,No,8080.5
504335,2024-07-14,SKU1030,WH_WEST,29,2402.0,0.0,No,69658.0
504340,2024-07-14,SKU1039,WH_WEST,17,222.44,0.0,No,3781.48
504337,2024-07-14,SKU1035,WH_SOUTH,22,1749.54,15.0,No,32716.4
504333,2024-07-14,SKU1025,WH_SOUTH,9,1880.05,15.0,No,14382.38
504326,2024-07-14,SKU1005,WH_WEST,6,23473.03,0.0,No,140838.18
504339,2024-07-14,SKU1038,WH_WEST,21,1639.79,15.0,No,29270.25
504327,2024-07-14,SKU1007,WH_WEST,6,13190.2,5.0,Yes,75184.14
504334,2024-07-14,SKU1028,WH_SOUTH,8,716.34,0.0,No,5730.72
504331,2024-07-14,SKU1023,WH_SOUTH,8,1257.73,0.0,No,10061.84
504336,2024-07-14,SKU1034,WH_NORTH,15,2229.38,0.0,No,33440.7
504338,2024-07-14,SKU1036,WH_SOUTH,36,2919.38,20.0,Yes,84078.14
504328,2024-07-14,SKU1009,WH_SOUTH,4,1309.64,5.0,No,4976.63
504332,2024-07-14,SKU1024,WH_SOUTH,9,1822.24,0.0,No,16400.16
504347,2024-07-15,SKU1009,WH_NORTH,3,1309.64,0.0,No,3928.92
504348,2024-07-15,SKU1012,WH_WEST,9,1433.92,15.0,No,10969.49
504355,2024-07-15,SKU1022,WH_WEST,8,278.9,0.0,No,2231.2
504345,2024-07-15,SKU1007,WH_NORTH,7,13190.2,0.0,No,92331.4
504352,2024-07-15,SKU1018,WH_SOUTH,11,2038.19,10.0,No,20178.08
504350,2024-07-15,SKU1014,WH_WEST,6,1248.44,5.0,No,7116.11
504341,2024-07-15,SKU1001,WH_NORTH,6,19525.32,0.0,No,117151.92
504353,2024-07-15,SKU1019,WH_WEST,16,1767.95,0.0,Yes,28287.2
504358,2024-07-15,SKU1030,WH_NORTH,21,2402.0,0.0,No,50442.0
504346,2024-07-15,SKU1008,WH_SOUTH,4,7387.04,15.0,No,25115.94
504342,2024-07-15,SKU1003,WH_WEST,6,21674.48,0.0,Yes,130046.88
504344,2024-07-15,SKU1005,WH_SOUTH,5,23473.03,10.0,No,105628.64
504354,2024-07-15,SKU1020,WH_NORTH,8,2359.13,0.0,Yes,18873.04
504359,2024-07-15,SKU1038,WH_NORTH,11,1639.79,20.0,No,14430.15
504356,2024-07-15,SKU1024,WH_WEST,6,1822.24,0.0,No,10933.44
504349,2024-07-15,SKU1013,WH_WEST,9,2835.28,0.0,No,25517.52
504357,2024-07-15,SKU1029,WH_SOUTH,8,716.7,0.0,No,5733.6
504351,2024-07-15,SKU1015,WH_NORTH,5,808.05,0.0,No,4040.25
504343,2024-07-15,SKU1004,WH_WEST,6,661.52,0.0,No,3969.12
504361,2024-07-16,SKU1003,WH_WEST,5,21674.48,0.0,No,108372.4
504374,2024-07-16,SKU1029,WH_SOUTH,4,716.7,10.0,No,2580.12
504369,2024-07-16,SKU1015,WH_WEST,7,808.05,20.0,No,4525.08
504362,2024-07-16,SKU1004,WH_SOUTH,6,661.52,0.0,No,3969.12
504380,2024-07-16,SKU1037,WH_WEST,23,2206.93,0.0,No,50759.39
504378,2024-07-16,SKU1034,WH_WEST,26,2229.38,0.0,Yes,57963.88
504367,2024-07-16,SKU1011,WH_SOUTH,10,282.38,10.0,No,2541.42
504377,2024-07-16,SKU1032,WH_NORTH,15,2757.64,5.0,No,39296.37
504379,2024-07-16,SKU1036,WH_WEST,19,2919.38,5.0,No,52694.81
504360,2024-07-16,SKU1002,WH_WEST,5,4026.46,0.0,No,20132.3
504363,2024-07-16,SKU1007,WH_WEST,4,13190.2,0.0,No,52760.8
504366,2024-07-16,SKU1010,WH_WEST,10,1240.02,0.0,No,12400.2
504368,2024-07-16,SKU1012,WH_NORTH,9,1433.92,0.0,No,12905.28
504373,2024-07-16,SKU1025,WH_NORTH,9,1880.05,10.0,Yes,15228.4
504364,2024-07-16,SKU1008,WH_SOUTH,5,7387.04,0.0,No,36935.2
504372,2024-07-16,SKU1023,WH_SOUTH,4,1257.73,15.0,No,4276.28
504370,2024-07-16,SKU1019,WH_NORTH,13,1767.95,0.0,Yes,22983.35
504376,2024-07-16,SKU1031,WH_SOUTH,13,2789.96,5.0,No,34456.01
504365,2024-07-16,SKU1009,WH_SOUTH,3,1309.64,0.0,No,3928.92
504381,2024-07-16,SKU1038,WH_WEST,33,1639.79,0.0,Yes,54113.07
504375,2024-07-16,SKU1030,WH_WEST,19,2402.0,5.0,No,43356.1
504371,2024-07-16,SKU1021,WH_NORTH,7,2700.26,0.0,No,18901.82
504395,2024-07-17,SKU1019,WH_SOUTH,6,1767.95,10.0,No,9546.93
504390,2024-07-17,SKU1012,WH_SOUTH,17,1433.92,10.0,Yes,21938.98
504406,2024-07-17,SKU1037,WH_WEST,14,2206.93,0.0,No,30897.02
504404,2024-07-17,SKU1034,WH_SOUTH,12,2229.38,10.0,No,24077.3
504397,2024-07-17,SKU1022,WH_SOUTH,9,278.9,0.0,No,2510.1
504402,2024-07-17,SKU1029,WH_WEST,4,716.7,0.0,No,2866.8
504401,2024-07-17,SKU1028,WH_NORTH,10,716.34,15.0,Yes,6088.89
504386,2024-07-17,SKU1006,WH_NORTH,6,4707.6,5.0,Yes,26833.32
504389,2024-07-17,SKU1011,WH_SOUTH,8,282.38,0.0,No,2259.04
504398,2024-07-17,SKU1024,WH_NORTH,7,1822.24,10.0,No,11480.11
504400,2024-07-17,SKU1026,WH_WEST,4,994.38,0.0,No,3977.52
504403,2024-07-17,SKU1030,WH_SOUTH,21,2402.0,10.0,No,45397.8
504388,2024-07-17,SKU1010,WH_NORTH,12,1240.02,10.0,No,13392.22
504383,2024-07-17,SKU1001,WH_SOUTH,9,19525.32,0.0,Yes,175727.88
504391,2024-07-17,SKU1013,WH_SOUTH,10,2835.28,0.0,No,28352.8
504405,2024-07-17,SKU1035,WH_SOUTH,17,1749.54,0.0,Yes,29742.18
504399,2024-07-17,SKU1025,WH_NORTH,7,1880.05,0.0,No,13160.35
504396,2024-07-17,SKU1021,WH_SOUTH,4,2700.26,0.0,No,10801.04
504384,2024-07-17,SKU1002,WH_SOUTH,3,4026.46,0.0,No,12079.38
504394,2024-07-17,SKU1017,WH_WEST,6,2741.56,5.0,No,15626.89
504382,2024-07-17,SKU1000,WH_SOUTH,3,9457.32,15.0,No,24116.17
504393,2024-07-17,SKU1015,WH_WEST,10,808.05,5.0,No,7676.48
504387,2024-07-17,SKU1008,WH_SOUTH,4,7387.04,0.0,No,29548.16
504385,2024-07-17,SKU1005,WH_WEST,3,23473.03,10.0,No,63377.18
504392,2024-07-17,SKU1014,WH_WEST,8,1248.44,0.0,No,9987.52
504416,2024-07-18,SKU1011,WH_SOUTH,10,282.38,5.0,No,2682.61
504415,2024-07-18,SKU1010,WH_SOUTH,9,1240.02,10.0,No,10044.16
504408,2024-07-18,SKU1002,WH_NORTH,3,4026.46,5.0,No,11475.41
504423,2024-07-18,SKU1024,WH_SOUTH,4,1822.24,0.0,No,7288.96
504427,2024-07-18,SKU1029,WH_NORTH,4,716.7,0.0,No,2866.8
504419,2024-07-18,SKU1017,WH_SOUTH,11,2741.56,5.0,No,28649.3
504409,2024-07-18,SKU1003,WH_NORTH,2,21674.48,10.0,No,39014.06
504411,2024-07-18,SKU1006,WH_NORTH,5,4707.6,0.0,No,23538.0
504418,2024-07-18,SKU1016,WH_WEST,7,497.81,0.0,No,3484.67
504413,2024-07-18,SKU1008,WH_SOUTH,4,7387.04,0.0,No,29548.16
504429,2024-07-18,SKU1034,WH_WEST,23,2229.38,10.0,Yes,46148.17
504420,2024-07-18,SKU1019,WH_WEST,12,1767.95,0.0,Yes,21215.4
504426,2024-07-18,SKU1028,WH_NORTH,5,716.34,0.0,No,3581.7
504425,2024-07-18,SKU1026,WH_NORTH,6,994.38,0.0,No,5966.28
504421,2024-07-18,SKU1020,WH_WEST,8,2359.13,0.0,No,18873.04
504424,2024-07-18,SKU1025,WH_WEST,6,1880.05,0.0,No,11280.3
504431,2024-07-18,SKU1038,WH_WEST,26,1639.79,0.0,Yes,42634.54
504410,2024-07-18,SKU1004,WH_WEST,5,661.52,0.0,No,3307.6
504414,2024-07-18,SKU1009,WH_NORTH,3,1309.64,0.0,No,3928.92
504417,2024-07-18,SKU1012,WH_SOUTH,7,1433.92,10.0,No,9033.7
504428,2024-07-18,SKU1033,WH_WEST,12,1093.06,10.0,No,11805.05
504430,2024-07-18,SKU1035,WH_NORTH,24,1749.54,0.0,No,41988.96
504412,2024-07-18,SKU1007,WH_WEST,3,13190.2,0.0,No,39570.6
504422,2024-07-18,SKU1021,WH_WEST,4,2700.26,0.0,No,10801.04
504407,2024-07-18,SKU1001,WH_NORTH,3,19525.32,0.0,No,58575.96
504439,2024-07-19,SKU1014,WH_SOUTH,12,1248.44,0.0,No,14981.28
504443,2024-07-19,SKU1024,WH_WEST,8,1822.24,10.0,No,13120.13
504445,2024-07-19,SKU1027,WH_NORTH,8,194.56,0.0,No,1556.48
504447,2024-07-19,SKU1037,WH_SOUTH,21,2206.93,15.0,Yes,39393.7
504442,2024-07-19,SKU1023,WH_SOUTH,8,1257.73,0.0,Yes,10061.84
504434,2024-07-19,SKU1003,WH_SOUTH,7,21674.48,10.0,No,136549.22
504444,2024-07-19,SKU1026,WH_WEST,4,994.38,5.0,No,3778.64
504449,2024-07-19,SKU1039,WH_NORTH,11,222.44,0.0,No,2446.84
504436,2024-07-19,SKU1007,WH_NORTH,4,13190.2,0.0,No,52760.8
504437,2024-07-19,SKU1010,WH_WEST,17,1240.02,5.0,Yes,20026.32
504433,2024-07-19,SKU1002,WH_WEST,4,4026.46,10.0,No,14495.26
504446,2024-07-19,SKU1035,WH_SOUTH,21,1749.54,0.0,No,36740.34
504435,2024-07-19,SKU1005,WH_SOUTH,6,23473.03,5.0,No,133796.27
504448,2024-07-19,SKU1038,WH_SOUTH,9,1639.79,15.0,No,12544.39
504440,2024-07-19,SKU1016,WH_SOUTH,9,497.81,15.0,No,3808.25
504432,2024-07-19,SKU1000,WH_WEST,4,9457.32,10.0,No,34046.35
504438,2024-07-19,SKU1013,WH_WEST,10,2835.28,0.0,No,28352.8
504441,2024-07-19,SKU1020,WH_SOUTH,5,2359.13,5.0,No,11205.87
504455,2024-07-20,SKU1016,WH_WEST,13,497.81,20.0,No,5177.22
504467,2024-07-20,SKU1037,WH_NORTH,25,2206.93,15.0,No,46897.26
504450,2024-07-20,SKU1003,WH_SOUTH,5,21674.48,0.0,No,108372.4
504461,2024-07-20,SKU1026,WH_NORTH,9,994.38,15.0,No,7607.01
504452,2024-07-20,SKU1005,WH_NORTH,9,23473.03,0.0,Yes,211257.27
504453,2024-07-20,SKU1008,WH_NORTH,5,7387.04,0.0,No,36935.2
504454,2024-07-20,SKU1009,WH_NORTH,5,1309.64,5.0,No,6220.79
504464,2024-07-20,SKU1029,WH_NORTH,14,716.7,5.0,No,9532.11
504457,2024-07-20,SKU1018,WH_WEST,11,2038.19,0.0,No,22420.09
504456,2024-07-20,SKU1017,WH_SOUTH,12,2741.56,15.0,No,27963.91
504465,2024-07-20,SKU1032,WH_WEST,22,2757.64,0.0,No,60668.08
504460,2024-07-20,SKU1025,WH_NORTH,9,1880.05,0.0,No,16920.45
504458,2024-07-20,SKU1021,WH_SOUTH,5,2700.26,0.0,No,13501.3
504451,2024-07-20,SKU1004,WH_SOUTH,7,661.52,0.0,No,4630.64
504466,2024-07-20,SKU1035,WH_NORTH,23,1749.54,0.0,No,40239.42
504459,2024-07-20,SKU1024,WH_SOUTH,14,1822.24,0.0,Yes,25511.36
504462,2024-07-20,SKU1027,WH_WEST,4,194.56,20.0,No,622.59
504463,2024-07-20,SKU1028,WH_NORTH,7,716.34,0.0,No,5014.38
504482,2024-07-21,SKU1024,WH_NORTH,7,1822.24,10.0,No,11480.11
504470,2024-07-21,SKU1003,WH_SOUTH,5,21674.48,5.0,No,102953.78
504479,2024-07-21,SKU1018,WH_WEST,11,2038.19,5.0,No,21299.09
504488,2024-07-21,SKU1034,WH_NORTH,24,2229.38,0.0,No,53505.12
504487,2024-07-21,SKU1033,WH_NORTH,21,1093.06,10.0,No,20658.83
504483,2024-07-21,SKU1025,WH_NORTH,9,1880.05,0.0,No,16920.45
504492,2024-07-21,SKU1039,WH_NORTH,19,222.44,10.0,No,3803.72
504485,2024-07-21,SKU1030,WH_SOUTH,3,2402.0,5.0,No,6845.7
504476,2024-07-21,SKU1013,WH_SOUTH,12,2835.28,0.0,No,34023.36
504490,2024-07-21,SKU1037,WH_WEST,22,2206.93,0.0,No,48552.46
504480,2024-07-21,SKU1020,WH_NORTH,12,2359.13,0.0,No,28309.56
504481,2024-07-21,SKU1022,WH_NORTH,11,278.9,0.0,Yes,3067.9
504468,2024-07-21,SKU1000,WH_NORTH,6,9457.32,15.0,No,48232.33
504474,2024-07-21,SKU1011,WH_NORTH,12,282.38,0.0,No,3388.56
504471,2024-07-21,SKU1006,WH_SOUTH,6,4707.6,15.0,No,24008.76
504486,2024-07-21,SKU1031,WH_NORTH,15,2789.96,0.0,No,41849.4
504491,2024-07-21,SKU1038,WH_SOUTH,19,1639.79,0.0,No,31156.01
504472,2024-07-21,SKU1007,WH_NORTH,5,13190.2,0.0,No,65951.0
504478,2024-07-21,SKU1017,WH_SOUTH,11,2741.56,0.0,No,30157.16
504475,2024-07-21,SKU1012,WH_SOUTH,11,1433.92,0.0,No,15773.12
504477,2024-07-21,SKU1015,WH_WEST,10,808.05,0.0,No,8080.5
504489,2024-07-21,SKU1036,WH_SOUTH,31,2919.38,0.0,Yes,90500.78
504469,2024-07-21,SKU1001,WH_WEST,5,19525.32,0.0,No,97626.6
504484,2024-07-21,SKU1027,WH_NORTH,10,194.56,0.0,No,1945.6
504473,2024-07-21,SKU1010,WH_WEST,13,1240.02,10.0,No,14508.23
504513,2024-07-22,SKU1027,WH_NORTH,7,194.56,10.0,No,1225.73
504502,2024-07-22,SKU1013,WH_NORTH,11,2835.28,10.0,No,28069.27
504518,2024-07-22,SKU1039,WH_NORTH,24,222.44,15.0,No,4537.78
504498,2024-07-22,SKU1008,WH_SOUTH,5,7387.04,15.0,No,31394.92
504506,2024-07-22,SKU1017,WH_NORTH,9,2741.56,5.0,No,23440.34
504505,2024-07-22,SKU1016,WH_NORTH,7,497.81,0.0,No,3484.67
504508,2024-07-22,SKU1020,WH_NORTH,4,2359.13,0.0,No,9436.52
504511,2024-07-22,SKU1025,WH_WEST,6,1880.05,0.0,No,11280.3
504515,2024-07-22,SKU1030,WH_WEST,16,2402.0,20.0,No,30745.6
504507,2024-07-22,SKU1018,WH_SOUTH,9,2038.19,0.0,No,18343.71
504494,2024-07-22,SKU1001,WH_SOUTH,4,19525.32,0.0,No,78101.28
504509,2024-07-22,SKU1021,WH_NORTH,6,2700.26,0.0,No,16201.56
504504,2024-07-22,SKU1015,WH_SOUTH,8,808.05,0.0,No,6464.4
504503,2024-07-22,SKU1014,WH_NORTH,7,1248.44,0.0,No,8739.08
504517,2024-07-22,SKU1033,WH_NORTH,18,1093.06,5.0,No,18691.33
504514,2024-07-22,SKU1028,WH_WEST,5,716.34,0.0,No,3581.7
504516,2024-07-22,SKU1032,WH_SOUTH,22,2757.64,5.0,No,57634.68
504501,2024-07-22,SKU1012,WH_WEST,14,1433.92,15.0,No,17063.65
504497,2024-07-22,SKU1007,WH_WEST,5,13190.2,0.0,No,65951.0
504512,2024-07-22,SKU1026,WH_NORTH,7,994.38,15.0,No,5916.56
504493,2024-07-22,SKU1000,WH_SOUTH,4,9457.32,0.0,No,37829.28
504495,2024-07-22,SKU1002,WH_WEST,5,4026.46,0.0,Yes,20132.3
504500,2024-07-22,SKU1011,WH_SOUTH,8,282.38,0.0,No,2259.04
504496,2024-07-22,SKU1003,WH_WEST,5,21674.48,0.0,No,108372.4
504510,2024-07-22,SKU1023,WH_NORTH,6,1257.73,0.0,No,7546.38
504499,2024-07-22,SKU1009,WH_NORTH,6,1309.64,0.0,No,7857.84
504536,2024-07-23,SKU1035,WH_SOUTH,22,1749.54,0.0,No,38489.88
504534,2024-07-23,SKU1033,WH_WEST,19,1093.06,10.0,No,18691.33
504530,2024-07-23,SKU1024,WH_NORTH,8,1822.24,5.0,No,13849.02
504523,2024-07-23,SKU1012,WH_SOUTH,10,1433.92,0.0,No,14339.2
504520,2024-07-23,SKU1002,WH_NORTH,9,4026.46,5.0,Yes,34426.23
504535,2024-07-23,SKU1034,WH_WEST,22,2229.38,0.0,No,49046.36
504522,2024-07-23,SKU1010,WH_WEST,13,1240.02,0.0,No,16120.26
504528,2024-07-23,SKU1022,WH_SOUTH,11,278.9,0.0,No,3067.9
504533,2024-07-23,SKU1032,WH_NORTH,17,2757.64,0.0,No,46879.88
504525,2024-07-23,SKU1015,WH_NORTH,9,808.05,10.0,No,6545.2
504529,2024-07-23,SKU1023,WH_NORTH,7,1257.73,15.0,No,7483.49
504519,2024-07-23,SKU1000,WH_WEST,5,9457.32,0.0,No,47286.6
504537,2024-07-23,SKU1036,WH_WEST,9,2919.38,5.0,No,24960.7
504524,2024-07-23,SKU1014,WH_WEST,10,1248.44,0.0,No,12484.4
504526,2024-07-23,SKU1016,WH_SOUTH,10,497.81,0.0,No,4978.1
504538,2024-07-23,SKU1037,WH_NORTH,16,2206.93,10.0,No,31779.79
504532,2024-07-23,SKU1031,WH_NORTH,25,2789.96,0.0,Yes,69749.0
504531,2024-07-23,SKU1026,WH_NORTH,9,994.38,0.0,Yes,8949.42
504539,2024-07-23,SKU1038,WH_WEST,15,1639.79,0.0,No,24596.85
504527,2024-07-23,SKU1021,WH_NORTH,11,2700.26,0.0,Yes,29702.86
504521,2024-07-23,SKU1008,WH_NORTH,5,7387.04,5.0,No,35088.44
504540,2024-07-24,SKU1000,WH_WEST,3,9457.32,5.0,No,26953.36
504564,2024-07-24,SKU1039,WH_NORTH,11,222.44,10.0,No,2202.16
504552,2024-07-24,SKU1019,WH_SOUTH,14,1767.95,0.0,No,24751.3
504546,2024-07-24,SKU1011,WH_NORTH,5,282.38,0.0,No,1411.9
504550,2024-07-24,SKU1016,WH_WEST,11,497.81,10.0,No,4928.32
504547,2024-07-24,SKU1012,WH_NORTH,13,1433.92,5.0,No,17708.91
504557,2024-07-24,SKU1027,WH_WEST,7,194.56,5.0,No,1293.82
504554,2024-07-24,SKU1024,WH_WEST,7,1822.24,0.0,No,12755.68
504563,2024-07-24,SKU1037,WH_WEST,19,2206.93,5.0,No,39835.09
504559,2024-07-24,SKU1031,WH_WEST,17,2789.96,0.0,No,47429.32
504561,2024-07-24,SKU1034,WH_WEST,14,2229.38,0.0,No,31211.32
504541,2024-07-24,SKU1003,WH_WEST,6,21674.48,0.0,No,130046.88
504548,2024-07-24,SKU1013,WH_WEST,6,2835.28,20.0,No,13609.34
504544,2024-07-24,SKU1007,WH_SOUTH,2,13190.2,15.0,No,22423.34
504543,2024-07-24,SKU1006,WH_NORTH,4,4707.6,10.0,No,16947.36
504542,2024-07-24,SKU1005,WH_NORTH,5,23473.03,0.0,No,117365.15
504553,2024-07-24,SKU1023,WH_WEST,7,1257.73,0.0,Yes,8804.11
504555,2024-07-24,SKU1025,WH_WEST,10,1880.05,0.0,Yes,18800.5
504560,2024-07-24,SKU1033,WH_SOUTH,14,1093.06,10.0,No,13772.56
504551,2024-07-24,SKU1018,WH_NORTH,11,2038.19,0.0,No,22420.09
504562,2024-07-24,SKU1035,WH_NORTH,19,1749.54,0.0,No,33241.26
504558,2024-07-24,SKU1028,WH_NORTH,8,716.34,0.0,No,5730.72
504545,2024-07-24,SKU1009,WH_SOUTH,5,1309.64,0.0,No,6548.2
504549,2024-07-24,SKU1015,WH_NORTH,7,808.05,0.0,No,5656.35
504556,2024-07-24,SKU1026,WH_NORTH,5,994.38,0.0,No,4971.9
504566,2024-07-25,SKU1001,WH_SOUTH,3,19525.32,0.0,No,58575.96
504567,2024-07-25,SKU1004,WH_WEST,5,661.52,0.0,Yes,3307.6
504579,2024-07-25,SKU1023,WH_SOUTH,8,1257.73,0.0,No,10061.84
504571,2024-07-25,SKU1010,WH_SOUTH,12,1240.02,5.0,No,14136.23
504573,2024-07-25,SKU1016,WH_NORTH,9,497.81,5.0,No,4256.28
504576,2024-07-25,SKU1019,WH_WEST,14,1767.95,10.0,No,22276.17
504577,2024-07-25,SKU1020,WH_WEST,5,2359.13,0.0,No,11795.65
504582,2024-07-25,SKU1026,WH_NORTH,7,994.38,15.0,No,5916.56
504568,2024-07-25,SKU1005,WH_SOUTH,4,23473.03,5.0,No,89197.51
504585,2024-07-25,SKU1033,WH_NORTH,9,1093.06,0.0,No,9837.54
504572,2024-07-25,SKU1015,WH_WEST,8,808.05,5.0,No,6141.18
504580,2024-07-25,SKU1024,WH_SOUTH,5,1822.24,0.0,No,9111.2
504569,2024-07-25,SKU1006,WH_NORTH,7,4707.6,0.0,Yes,32953.2
504570,2024-07-25,SKU1008,WH_NORTH,3,7387.04,0.0,No,22161.12
504583,2024-07-25,SKU1027,WH_NORTH,8,194.56,0.0,No,1556.48
504588,2024-07-25,SKU1039,WH_SOUTH,12,222.44,0.0,No,2669.28
504581,2024-07-25,SKU1025,WH_NORTH,6,1880.05,0.0,No,11280.3
504587,2024-07-25,SKU1037,WH_NORTH,14,2206.93,5.0,No,29352.17
504584,2024-07-25,SKU1032,WH_NORTH,17,2757.64,5.0,No,44535.89
504575,2024-07-25,SKU1018,WH_SOUTH,13,2038.19,0.0,No,26496.47
504578,2024-07-25,SKU1022,WH_WEST,7,278.9,10.0,No,1757.07
504586,2024-07-25,SKU1034,WH_WEST,14,2229.38,0.0,No,31211.32
504565,2024-07-25,SKU1000,WH_NORTH,5,9457.32,5.0,No,44922.27
504574,2024-07-25,SKU1017,WH_SOUTH,7,2741.56,0.0,No,19190.92
504609,2024-07-26,SKU1034,WH_SOUTH,18,2229.38,0.0,No,40128.84
504594,2024-07-26,SKU1009,WH_WEST,3,1309.64,0.0,No,3928.92
504610,2024-07-26,SKU1037,WH_WEST,21,2206.93,0.0,No,46345.53
504593,2024-07-26,SKU1007,WH_SOUTH,4,13190.2,10.0,No,47484.72
504589,2024-07-26,SKU1002,WH_SOUTH,4,4026.46,5.0,Yes,15300.55
504602,2024-07-26,SKU1022,WH_WEST,11,278.9,0.0,Yes,3067.9
504598,2024-07-26,SKU1016,WH_SOUTH,7,497.81,0.0,No,3484.67
504606,2024-07-26,SKU1030,WH_WEST,20,2402.0,15.0,No,40834.0
504591,2024-07-26,SKU1005,WH_WEST,2,23473.03,15.0,No,39904.15
504592,2024-07-26,SKU1006,WH_NORTH,6,4707.6,15.0,No,24008.76
504600,2024-07-26,SKU1019,WH_NORTH,7,1767.95,0.0,No,12375.65
504590,2024-07-26,SKU1004,WH_SOUTH,6,661.52,0.0,No,3969.12
504608,2024-07-26,SKU1032,WH_WEST,16,2757.64,0.0,No,44122.24
504605,2024-07-26,SKU1029,WH_NORTH,4,716.7,15.0,No,2436.78
504599,2024-07-26,SKU1017,WH_SOUTH,3,2741.56,15.0,No,6990.98
504603,2024-07-26,SKU1025,WH_NORTH,7,1880.05,0.0,No,13160.35
504601,2024-07-26,SKU1021,WH_SOUTH,6,2700.26,0.0,No,16201.56
504595,2024-07-26,SKU1011,WH_NORTH,6,282.38,10.0,No,1524.85
504596,2024-07-26,SKU1012,WH_SOUTH,13,1433.92,0.0,No,18640.96
504607,2024-07-26,SKU1031,WH_SOUTH,16,2789.96,0.0,No,44639.36
504604,2024-07-26,SKU1028,WH_NORTH,8,716.34,10.0,No,5157.65
504597,2024-07-26,SKU1014,WH_WEST,8,1248.44,0.0,No,9987.52
504625,2024-07-27,SKU1028,WH_SOUTH,4,716.34,0.0,No,2865.36
504631,2024-07-27,SKU1038,WH_SOUTH,20,1639.79,0.0,No,32795.8
504629,2024-07-27,SKU1032,WH_NORTH,18,2757.64,0.0,No,49637.52
504620,2024-07-27,SKU1018,WH_WEST,9,2038.19,0.0,No,18343.71
504613,2024-07-27,SKU1004,WH_WEST,6,661.52,15.0,No,3373.75
504614,2024-07-27,SKU1009,WH_SOUTH,6,1309.64,15.0,No,6679.16
504616,2024-07-27,SKU1013,WH_NORTH,12,2835.28,0.0,No,34023.36
504619,2024-07-27,SKU1017,WH_WEST,12,2741.56,0.0,No,32898.72
504623,2024-07-27,SKU1022,WH_NORTH,10,278.9,0.0,No,2789.0
504618,2024-07-27,SKU1016,WH_SOUTH,10,497.81,0.0,No,4978.1
504628,2024-07-27,SKU1031,WH_WEST,21,2789.96,20.0,No,46871.33
504630,2024-07-27,SKU1035,WH_WEST,22,1749.54,0.0,No,38489.88
504626,2024-07-27,SKU1029,WH_WEST,10,716.7,0.0,No,7167.0
504615,2024-07-27,SKU1012,WH_NORTH,12,1433.92,0.0,No,17207.04
504624,2024-07-27,SKU1026,WH_SOUTH,10,994.38,5.0,No,9446.61
504612,2024-07-27,SKU1003,WH_WEST,5,21674.48,0.0,No,108372.4
504617,2024-07-27,SKU1014,WH_WEST,7,1248.44,0.0,No,8739.08
504611,2024-07-27,SKU1002,WH_WEST,6,4026.46,15.0,No,20534.95
504627,2024-07-27,SKU1030,WH_NORTH,38,2402.0,5.0,Yes,87853.15
504621,2024-07-27,SKU1019,WH_WEST,15,1767.95,10.0,No,23867.32
504622,2024-07-27,SKU1021,WH_NORTH,10,2700.26,0.0,No,27002.6
504637,2024-07-28,SKU1011,WH_SOUTH,8,282.38,10.0,No,2033.14
504650,2024-07-28,SKU1032,WH_SOUTH,26,2757.64,5.0,No,68113.71
504653,2024-07-28,SKU1037,WH_SOUTH,24,2206.93,10.0,No,47669.69
504649,2024-07-28,SKU1031,WH_WEST,23,2789.96,0.0,No,64169.08
504640,2024-07-28,SKU1018,WH_NORTH,10,2038.19,15.0,No,17324.62
504639,2024-07-28,SKU1017,WH_WEST,12,2741.56,0.0,No,32898.72
504644,2024-07-28,SKU1024,WH_NORTH,9,1822.24,10.0,No,14760.14
504634,2024-07-28,SKU1004,WH_SOUTH,6,661.52,0.0,No,3969.12
504643,2024-07-28,SKU1023,WH_NORTH,7,1257.73,0.0,No,8804.11
504641,2024-07-28,SKU1021,WH_SOUTH,12,2700.26,20.0,Yes,25922.5
504638,2024-07-28,SKU1014,WH_NORTH,9,1248.44,0.0,No,11235.96
504646,2024-07-28,SKU1028,WH_SOUTH,8,716.34,10.0,No,5157.65
504635,2024-07-28,SKU1007,WH_SOUTH,5,13190.2,15.0,No,56058.35
504651,2024-07-28,SKU1034,WH_WEST,17,2229.38,5.0,No,36004.49
504645,2024-07-28,SKU1026,WH_WEST,8,994.38,0.0,No,7955.04
504632,2024-07-28,SKU1001,WH_WEST,4,19525.32,5.0,No,74196.22
504654,2024-07-28,SKU1039,WH_WEST,21,222.44,10.0,No,4204.12
504633,2024-07-28,SKU1002,WH_WEST,4,4026.46,0.0,No,16105.84
504652,2024-07-28,SKU1036,WH_NORTH,12,2919.38,0.0,No,35032.56
504647,2024-07-28,SKU1029,WH_WEST,6,716.7,10.0,No,3870.18
504648,2024-07-28,SKU1030,WH_NORTH,14,2402.0,15.0,No,28583.8
504642,2024-07-28,SKU1022,WH_WEST,7,278.9,10.0,No,1757.07
504636,2024-07-28,SKU1009,WH_WEST,8,1309.64,0.0,Yes,10477.12
504665,2024-07-29,SKU1016,WH_WEST,12,497.81,5.0,No,5675.03
504656,2024-07-29,SKU1001,WH_WEST,2,19525.32,0.0,No,39050.64
504674,2024-07-29,SKU1033,WH_SOUTH,16,1093.06,0.0,No,17488.96
504658,2024-07-29,SKU1004,WH_WEST,5,661.52,5.0,No,3142.22
504655,2024-07-29,SKU1000,WH_WEST,3,9457.32,10.0,No,25534.76
504675,2024-07-29,SKU1036,WH_NORTH,17,2919.38,0.0,No,49629.46
504657,2024-07-29,SKU1003,WH_NORTH,7,21674.48,0.0,Yes,151721.36
504673,2024-07-29,SKU1032,WH_SOUTH,19,2757.64,0.0,No,52395.16
504666,2024-07-29,SKU1018,WH_SOUTH,5,2038.19,0.0,No,10190.95
504677,2024-07-29,SKU1039,WH_WEST,15,222.44,5.0,No,3169.77
504659,2024-07-29,SKU1005,WH_SOUTH,5,23473.03,15.0,No,99760.38
504667,2024-07-29,SKU1019,WH_WEST,10,1767.95,5.0,No,16795.52
504663,2024-07-29,SKU1010,WH_NORTH,8,1240.02,0.0,No,9920.16
504660,2024-07-29,SKU1006,WH_NORTH,3,4707.6,5.0,No,13416.66
504668,2024-07-29,SKU1020,WH_WEST,9,2359.13,5.0,No,20170.56
504670,2024-07-29,SKU1025,WH_WEST,6,1880.05,20.0,No,9024.24
504664,2024-07-29,SKU1011,WH_NORTH,12,282.38,10.0,No,3049.7
504671,2024-07-29,SKU1027,WH_SOUTH,7,194.56,0.0,No,1361.92
504661,2024-07-29,SKU1008,WH_WEST,4,7387.04,5.0,No,28070.75
504672,2024-07-29,SKU1029,WH_NORTH,9,716.7,0.0,No,6450.3
504662,2024-07-29,SKU1009,WH_WEST,5,1309.64,0.0,Yes,6548.2
504669,2024-07-29,SKU1021,WH_SOUTH,5,2700.26,10.0,No,12151.17
504676,2024-07-29,SKU1038,WH_SOUTH,16,1639.79,0.0,No,26236.64
504688,2024-07-30,SKU1022,WH_NORTH,5,278.9,10.0,No,1255.05
504681,2024-07-30,SKU1011,WH_NORTH,2,282.38,0.0,No,564.76
504696,2024-07-30,SKU1038,WH_WEST,28,1639.79,0.0,Yes,45914.12
504690,2024-07-30,SKU1030,WH_WEST,23,2402.0,0.0,No,55246.0
504679,2024-07-30,SKU1004,WH_NORTH,5,661.52,0.0,No,3307.6
504695,2024-07-30,SKU1037,WH_NORTH,21,2206.93,0.0,No,46345.53
504691,2024-07-30,SKU1031,WH_WEST,17,2789.96,20.0,No,37943.46
504687,2024-07-30,SKU1019,WH_SOUTH,14,1767.95,0.0,Yes,24751.3
504685,2024-07-30,SKU1016,WH_SOUTH,10,497.81,5.0,No,4729.2
504682,2024-07-30,SKU1012,WH_NORTH,9,1433.92,10.0,No,11614.75
504694,2024-07-30,SKU1034,WH_NORTH,16,2229.38,0.0,No,35670.08
504693,2024-07-30,SKU1033,WH_NORTH,17,1093.06,5.0,No,17652.92
504689,2024-07-30,SKU1024,WH_WEST,10,1822.24,10.0,No,16400.16
504692,2024-07-30,SKU1032,WH_WEST,13,2757.64,20.0,No,28679.46
504678,2024-07-30,SKU1001,WH_WEST,8,19525.32,15.0,Yes,132772.18
504683,2024-07-30,SKU1014,WH_NORTH,12,1248.44,10.0,No,13483.15
504680,2024-07-30,SKU1010,WH_WEST,7,1240.02,0.0,Yes,8680.14
504686,2024-07-30,SKU1018,WH_SOUTH,6,2038.19,20.0,No,9783.31
504684,2024-07-30,SKU1015,WH_NORTH,7,808.05,10.0,No,5090.71
504699,2024-07-31,SKU1002,WH_SOUTH,6,4026.46,0.0,No,24158.76
504706,2024-07-31,SKU1013,WH_WEST,12,2835.28,15.0,Yes,28919.86
504703,2024-07-31,SKU1008,WH_NORTH,3,7387.04,10.0,No,19945.01
504710,2024-07-31,SKU1023,WH_NORTH,9,1257.73,5.0,No,10753.59
504698,2024-07-31,SKU1001,WH_NORTH,7,19525.32,0.0,Yes,136677.24
504715,2024-07-31,SKU1037,WH_NORTH,18,2206.93,10.0,No,35752.27
504714,2024-07-31,SKU1036,WH_SOUTH,25,2919.38,10.0,No,65686.05
504700,2024-07-31,SKU1004,WH_SOUTH,4,661.52,0.0,No,2646.08
504701,2024-07-31,SKU1005,WH_WEST,8,23473.03,0.0,Yes,187784.24
504702,2024-07-31,SKU1007,WH_WEST,5,13190.2,0.0,No,65951.0
504705,2024-07-31,SKU1012,WH_SOUTH,7,1433.92,5.0,No,9535.57
504713,2024-07-31,SKU1032,WH_WEST,13,2757.64,10.0,No,32264.39
504708,2024-07-31,SKU1016,WH_WEST,12,497.81,0.0,No,5973.72
504707,2024-07-31,SKU1015,WH_NORTH,10,808.05,0.0,No,8080.5
504712,2024-07-31,SKU1028,WH_SOUTH,8,716.34,5.0,No,5444.18
504716,2024-07-31,SKU1038,WH_WEST,33,1639.79,0.0,Yes,54113.07
504711,2024-07-31,SKU1025,WH_NORTH,7,1880.05,5.0,No,12502.33
504704,2024-07-31,SKU1009,WH_NORTH,5,1309.64,10.0,No,5893.38
504709,2024-07-31,SKU1018,WH_SOUTH,8,2038.19,0.0,No,16305.52
504697,2024-07-31,SKU1000,WH_NORTH,7,9457.32,0.0,No,66201.24
504727,2024-08-01,SKU1023,WH_WEST,7,1257.73,0.0,No,8804.11
504729,2024-08-01,SKU1027,WH_NORTH,8,194.56,0.0,No,1556.48
504735,2024-08-01,SKU1035,WH_SOUTH,14,1749.54,5.0,No,23268.88
504724,2024-08-01,SKU1019,WH_SOUTH,9,1767.95,15.0,No,13524.82
504734,2024-08-01,SKU1034,WH_SOUTH,22,2229.38,20.0,No,39237.09
504736,2024-08-01,SKU1038,WH_SOUTH,15,1639.79,0.0,No,24596.85
504731,2024-08-01,SKU1031,WH_WEST,16,2789.96,0.0,No,44639.36
504728,2024-08-01,SKU1024,WH_NORTH,8,1822.24,0.0,No,14577.92
504726,2024-08-01,SKU1022,WH_WEST,10,278.9,0.0,No,2789.0
504725,2024-08-01,SKU1020,WH_WEST,10,2359.13,0.0,No,23591.3
504733,2024-08-01,SKU1033,WH_SOUTH,30,1093.06,0.0,Yes,32791.8
504721,2024-08-01,SKU1010,WH_WEST,12,1240.02,15.0,Yes,12648.2
504722,2024-08-01,SKU1015,WH_WEST,11,808.05,5.0,No,8444.12
504719,2024-08-01,SKU1005,WH_NORTH,4,23473.03,0.0,No,93892.12
504717,2024-08-01,SKU1003,WH_WEST,5,21674.48,15.0,No,92116.54
504720,2024-08-01,SKU1009,WH_SOUTH,4,1309.64,20.0,No,4190.85
504730,2024-08-01,SKU1029,WH_SOUTH,5,716.7,20.0,No,2866.8
504723,2024-08-01,SKU1017,WH_NORTH,5,2741.56,10.0,No,12337.02
504732,2024-08-01,SKU1032,WH_WEST,16,2757.64,5.0,No,41916.13
504718,2024-08-01,SKU1004,WH_NORTH,3,661.52,0.0,No,1984.56
504756,2024-08-02,SKU1037,WH_WEST,12,2206.93,0.0,No,26483.16
504752,2024-08-02,SKU1028,WH_WEST,7,716.34,0.0,No,5014.38
504741,2024-08-02,SKU1009,WH_WEST,5,1309.64,0.0,No,6548.2
504757,2024-08-02,SKU1038,WH_WEST,13,1639.79,0.0,No,21317.27
504739,2024-08-02,SKU1006,WH_SOUTH,7,4707.6,0.0,No,32953.2
504740,2024-08-02,SKU1008,WH_SOUTH,4,7387.04,15.0,No,25115.94
504737,2024-08-02,SKU1004,WH_WEST,4,661.52,5.0,No,2513.78
504755,2024-08-02,SKU1036,WH_SOUTH,21,2919.38,10.0,Yes,55176.28
504746,2024-08-02,SKU1017,WH_NORTH,8,2741.56,0.0,No,21932.48
504742,2024-08-02,SKU1011,WH_NORTH,14,282.38,10.0,No,3557.99
504753,2024-08-02,SKU1032,WH_NORTH,21,2757.64,15.0,No,49223.87
504743,2024-08-02,SKU1012,WH_NORTH,15,1433.92,0.0,Yes,21508.8
504748,2024-08-02,SKU1023,WH_NORTH,12,1257.73,5.0,Yes,14338.12
504751,2024-08-02,SKU1027,WH_SOUTH,4,194.56,20.0,No,622.59
504738,2024-08-02,SKU1005,WH_NORTH,5,23473.03,10.0,No,105628.64
504744,2024-08-02,SKU1013,WH_NORTH,9,2835.28,0.0,No,25517.52
504749,2024-08-02,SKU1025,WH_SOUTH,2,1880.05,0.0,No,3760.1
504750,2024-08-02,SKU1026,WH_NORTH,4,994.38,20.0,No,3182.02
504747,2024-08-02,SKU1019,WH_SOUTH,12,1767.95,0.0,No,21215.4
504754,2024-08-02,SKU1035,WH_WEST,13,1749.54,10.0,No,20469.62
504745,2024-08-02,SKU1014,WH_NORTH,13,1248.44,5.0,No,15418.23
504771,2024-08-03,SKU1024,WH_WEST,6,1822.24,10.0,Yes,9840.1
504759,2024-08-03,SKU1002,WH_WEST,6,4026.46,0.0,No,24158.76
504775,2024-08-03,SKU1030,WH_NORTH,18,2402.0,5.0,No,41074.2
504777,2024-08-03,SKU1032,WH_NORTH,38,2757.64,0.0,Yes,106169.14
504763,2024-08-03,SKU1008,WH_WEST,3,7387.04,0.0,No,22161.12
504772,2024-08-03,SKU1025,WH_SOUTH,8,1880.05,0.0,No,15040.4
504776,2024-08-03,SKU1031,WH_WEST,20,2789.96,0.0,No,55799.2
504766,2024-08-03,SKU1013,WH_SOUTH,10,2835.28,0.0,No,28352.8
504782,2024-08-03,SKU1038,WH_SOUTH,18,1639.79,0.0,No,29516.22
504769,2024-08-03,SKU1020,WH_NORTH,8,2359.13,0.0,No,18873.04
504779,2024-08-03,SKU1035,WH_WEST,20,1749.54,0.0,No,34990.8
504774,2024-08-03,SKU1029,WH_SOUTH,6,716.7,0.0,No,4300.2
504770,2024-08-03,SKU1022,WH_WEST,10,278.9,5.0,No,2649.55
504758,2024-08-03,SKU1001,WH_WEST,7,19525.32,0.0,No,136677.24
504768,2024-08-03,SKU1019,WH_WEST,17,1767.95,10.0,No,27049.64
504767,2024-08-03,SKU1015,WH_SOUTH,13,808.05,0.0,No,10504.65
504765,2024-08-03,SKU1011,WH_SOUTH,10,282.38,20.0,No,2259.04
504778,2024-08-03,SKU1033,WH_WEST,22,1093.06,10.0,No,21642.59
504764,2024-08-03,SKU1009,WH_WEST,5,1309.64,0.0,Yes,6548.2
504761,2024-08-03,SKU1006,WH_NORTH,6,4707.6,0.0,No,28245.6
504783,2024-08-03,SKU1039,WH_WEST,22,222.44,5.0,No,4649.0
504760,2024-08-03,SKU1003,WH_NORTH,7,21674.48,0.0,No,151721.36
504762,2024-08-03,SKU1007,WH_NORTH,3,13190.2,0.0,No,39570.6
504781,2024-08-03,SKU1037,WH_WEST,16,2206.93,0.0,No,35310.88
504773,2024-08-03,SKU1026,WH_NORTH,6,994.38,5.0,No,5667.97
504780,2024-08-03,SKU1036,WH_SOUTH,18,2919.38,5.0,No,49921.4
504798,2024-08-04,SKU1029,WH_NORTH,8,716.7,5.0,No,5446.92
504799,2024-08-04,SKU1030,WH_SOUTH,25,2402.0,5.0,No,57047.5
504796,2024-08-04,SKU1024,WH_NORTH,8,1822.24,10.0,No,13120.13
504801,2024-08-04,SKU1032,WH_SOUTH,14,2757.64,0.0,No,38606.96
504789,2024-08-04,SKU1013,WH_SOUTH,8,2835.28,10.0,No,20414.02
504800,2024-08-04,SKU1031,WH_SOUTH,14,2789.96,15.0,No,33200.52
504793,2024-08-04,SKU1021,WH_NORTH,5,2700.26,0.0,No,13501.3
504802,2024-08-04,SKU1037,WH_WEST,27,2206.93,15.0,No,50649.04
504791,2024-08-04,SKU1018,WH_SOUTH,7,2038.19,0.0,No,14267.33
504794,2024-08-04,SKU1022,WH_NORTH,9,278.9,0.0,No,2510.1
504784,2024-08-04,SKU1000,WH_NORTH,6,9457.32,0.0,No,56743.92
504797,2024-08-04,SKU1027,WH_SOUTH,9,194.56,10.0,No,1575.94
504790,2024-08-04,SKU1014,WH_WEST,12,1248.44,0.0,No,14981.28
504788,2024-08-04,SKU1009,WH_SOUTH,9,1309.64,5.0,Yes,11197.42
504785,2024-08-04,SKU1002,WH_SOUTH,7,4026.46,0.0,Yes,28185.22
504792,2024-08-04,SKU1019,WH_WEST,14,1767.95,0.0,No,24751.3
504787,2024-08-04,SKU1007,WH_SOUTH,7,13190.2,20.0,No,73865.12
504786,2024-08-04,SKU1006,WH_NORTH,8,4707.6,5.0,No,35777.76
504795,2024-08-04,SKU1023,WH_WEST,9,1257.73,10.0,No,10187.61
504805,2024-08-05,SKU1004,WH_NORTH,5,661.52,0.0,No,3307.6
504817,2024-08-05,SKU1030,WH_SOUTH,14,2402.0,10.0,No,30265.2
504806,2024-08-05,SKU1005,WH_WEST,4,23473.03,0.0,No,93892.12
504804,2024-08-05,SKU1003,WH_WEST,5,21674.48,0.0,No,108372.4
504819,2024-08-05,SKU1035,WH_NORTH,18,1749.54,0.0,No,31491.72
504809,2024-08-05,SKU1011,WH_WEST,8,282.38,15.0,No,1920.18
504818,2024-08-05,SKU1032,WH_SOUTH,16,2757.64,15.0,No,37503.9
504812,2024-08-05,SKU1024,WH_NORTH,7,1822.24,0.0,Yes,12755.68
504810,2024-08-05,SKU1012,WH_NORTH,8,1433.92,0.0,No,11471.36
504803,2024-08-05,SKU1001,WH_WEST,4,19525.32,15.0,No,66386.09
504808,2024-08-05,SKU1008,WH_NORTH,4,7387.04,15.0,No,25115.94
504815,2024-08-05,SKU1027,WH_NORTH,4,194.56,5.0,No,739.33
504807,2024-08-05,SKU1007,WH_WEST,3,13190.2,0.0,No,39570.6
504813,2024-08-05,SKU1025,WH_NORTH,7,1880.05,0.0,No,13160.35
504814,2024-08-05,SKU1026,WH_NORTH,5,994.38,5.0,No,4723.3
504811,2024-08-05,SKU1014,WH_WEST,8,1248.44,0.0,No,9987.52
504816,2024-08-05,SKU1029,WH_SOUTH,7,716.7,0.0,Yes,5016.9
504820,2024-08-05,SKU1039,WH_WEST,18,222.44,0.0,No,4003.92
504823,2024-08-06,SKU1004,WH_SOUTH,4,661.52,0.0,No,2646.08
504827,2024-08-06,SKU1011,WH_NORTH,9,282.38,5.0,No,2414.35
504829,2024-08-06,SKU1014,WH_NORTH,8,1248.44,0.0,No,9987.52
504828,2024-08-06,SKU1012,WH_WEST,11,1433.92,5.0,Yes,14984.46
504843,2024-08-06,SKU1033,WH_NORTH,10,1093.06,10.0,No,9837.54
504842,2024-08-06,SKU1030,WH_WEST,21,2402.0,0.0,No,50442.0
504831,2024-08-06,SKU1017,WH_WEST,9,2741.56,0.0,No,24674.04
504826,2024-08-06,SKU1007,WH_NORTH,7,13190.2,0.0,Yes,92331.4
504821,2024-08-06,SKU1002,WH_WEST,5,4026.46,0.0,No,20132.3
504839,2024-08-06,SKU1025,WH_WEST,8,1880.05,0.0,No,15040.4
504834,2024-08-06,SKU1020,WH_NORTH,7,2359.13,10.0,No,14862.52
504835,2024-08-06,SKU1021,WH_WEST,7,2700.26,0.0,No,18901.82
504841,2024-08-06,SKU1029,WH_SOUTH,5,716.7,20.0,No,2866.8
504825,2024-08-06,SKU1006,WH_WEST,4,4707.6,0.0,No,18830.4
504832,2024-08-06,SKU1018,WH_SOUTH,8,2038.19,10.0,No,14674.97
504830,2024-08-06,SKU1016,WH_NORTH,8,497.81,0.0,No,3982.48
504824,2024-08-06,SKU1005,WH_SOUTH,4,23473.03,0.0,No,93892.12
504844,2024-08-06,SKU1034,WH_SOUTH,17,2229.38,0.0,No,37899.46
504845,2024-08-06,SKU1035,WH_SOUTH,13,1749.54,5.0,No,21606.82
504846,2024-08-06,SKU1036,WH_NORTH,19,2919.38,10.0,No,49921.4
504836,2024-08-06,SKU1022,WH_SOUTH,8,278.9,0.0,No,2231.2
504833,2024-08-06,SKU1019,WH_SOUTH,7,1767.95,10.0,No,11138.08
504837,2024-08-06,SKU1023,WH_WEST,5,1257.73,0.0,No,6288.65
504840,2024-08-06,SKU1027,WH_NORTH,5,194.56,5.0,No,924.16
504838,2024-08-06,SKU1024,WH_NORTH,6,1822.24,0.0,No,10933.44
504847,2024-08-06,SKU1037,WH_WEST,15,2206.93,5.0,No,31448.75
504822,2024-08-06,SKU1003,WH_SOUTH,7,21674.48,0.0,No,151721.36
504852,2024-08-07,SKU1016,WH_SOUTH,12,497.81,0.0,Yes,5973.72
504863,2024-08-07,SKU1038,WH_WEST,13,1639.79,10.0,No,19185.54
504860,2024-08-07,SKU1032,WH_NORTH,16,2757.64,0.0,No,44122.24
504857,2024-08-07,SKU1028,WH_NORTH,6,716.34,0.0,No,4298.04
504859,2024-08-07,SKU1030,WH_WEST,14,2402.0,5.0,No,31946.6
504851,2024-08-07,SKU1003,WH_WEST,5,21674.48,15.0,No,92116.54
504862,2024-08-07,SKU1037,WH_SOUTH,17,2206.93,15.0,No,31890.14
504849,2024-08-07,SKU1001,WH_WEST,2,19525.32,0.0,No,39050.64
504858,2024-08-07,SKU1029,WH_NORTH,7,716.7,0.0,No,5016.9
504854,2024-08-07,SKU1020,WH_SOUTH,10,2359.13,10.0,No,21232.17
504856,2024-08-07,SKU1027,WH_SOUTH,12,194.56,0.0,Yes,2334.72
504861,2024-08-07,SKU1034,WH_NORTH,19,2229.38,0.0,No,42358.22
504855,2024-08-07,SKU1024,WH_WEST,14,1822.24,20.0,Yes,20409.09
504848,2024-08-07,SKU1000,WH_WEST,3,9457.32,0.0,No,28371.96
504850,2024-08-07,SKU1002,WH_SOUTH,5,4026.46,20.0,No,16105.84
504853,2024-08-07,SKU1017,WH_WEST,12,2741.56,0.0,No,32898.72
504872,2024-08-08,SKU1012,WH_NORTH,9,1433.92,0.0,No,12905.28
504881,2024-08-08,SKU1021,WH_NORTH,6,2700.26,0.0,No,16201.56
504882,2024-08-08,SKU1023,WH_SOUTH,6,1257.73,0.0,No,7546.38
504877,2024-08-08,SKU1017,WH_NORTH,8,2741.56,10.0,No,19739.23
504874,2024-08-08,SKU1014,WH_NORTH,17,1248.44,0.0,Yes,21223.48
504878,2024-08-08,SKU1018,WH_WEST,12,2038.19,5.0,No,23235.37
504875,2024-08-08,SKU1015,WH_NORTH,11,808.05,5.0,No,8444.12
504884,2024-08-08,SKU1031,WH_SOUTH,17,2789.96,0.0,No,47429.32
504870,2024-08-08,SKU1007,WH_WEST,5,13190.2,0.0,No,65951.0
504868,2024-08-08,SKU1004,WH_WEST,5,661.52,10.0,No,2976.84
504876,2024-08-08,SKU1016,WH_WEST,10,497.81,5.0,No,4729.2
504886,2024-08-08,SKU1039,WH_SOUTH,16,222.44,10.0,No,3203.14
504873,2024-08-08,SKU1013,WH_SOUTH,7,2835.28,0.0,No,19846.96
504869,2024-08-08,SKU1005,WH_SOUTH,3,23473.03,5.0,No,66898.14
504864,2024-08-08,SKU1000,WH_SOUTH,4,9457.32,5.0,No,35937.82
504885,2024-08-08,SKU1034,WH_WEST,22,2229.38,5.0,No,46594.04
504867,2024-08-08,SKU1003,WH_WEST,3,21674.48,0.0,No,65023.44
504865,2024-08-08,SKU1001,WH_NORTH,4,19525.32,5.0,No,74196.22
504871,2024-08-08,SKU1011,WH_WEST,7,282.38,15.0,No,1680.16
504880,2024-08-08,SKU1020,WH_NORTH,8,2359.13,10.0,No,16985.74
504866,2024-08-08,SKU1002,WH_NORTH,4,4026.46,10.0,No,14495.26
504883,2024-08-08,SKU1030,WH_WEST,24,2402.0,0.0,No,57648.0
504879,2024-08-08,SKU1019,WH_WEST,13,1767.95,5.0,Yes,21834.18
504896,2024-08-09,SKU1021,WH_WEST,7,2700.26,0.0,No,18901.82
504891,2024-08-09,SKU1014,WH_NORTH,11,1248.44,0.0,Yes,13732.84
504904,2024-08-09,SKU1039,WH_WEST,15,222.44,0.0,No,3336.6
504901,2024-08-09,SKU1033,WH_WEST,11,1093.06,10.0,No,10821.29
504893,2024-08-09,SKU1017,WH_NORTH,10,2741.56,0.0,No,27415.6
504888,2024-08-09,SKU1003,WH_WEST,4,21674.48,0.0,No,86697.92
504892,2024-08-09,SKU1015,WH_WEST,8,808.05,0.0,No,6464.4
504897,2024-08-09,SKU1025,WH_SOUTH,5,1880.05,10.0,No,8460.22
504894,2024-08-09,SKU1018,WH_NORTH,18,2038.19,5.0,Yes,34853.05
504890,2024-08-09,SKU1011,WH_NORTH,11,282.38,5.0,Yes,2950.87
504900,2024-08-09,SKU1032,WH_NORTH,25,2757.64,10.0,No,62046.9
504902,2024-08-09,SKU1035,WH_NORTH,18,1749.54,0.0,No,31491.72
504899,2024-08-09,SKU1031,WH_WEST,25,2789.96,20.0,No,55799.2
504895,2024-08-09,SKU1019,WH_WEST,8,1767.95,0.0,No,14143.6
504898,2024-08-09,SKU1028,WH_WEST,4,716.34,10.0,No,2578.82
504889,2024-08-09,SKU1009,WH_NORTH,5,1309.64,5.0,No,6220.79
504903,2024-08-09,SKU1036,WH_SOUTH,18,2919.38,10.0,No,47293.96
504887,2024-08-09,SKU1000,WH_NORTH,5,9457.32,0.0,No,47286.6
504916,2024-08-10,SKU1017,WH_SOUTH,7,2741.56,0.0,No,19190.92
504910,2024-08-10,SKU1008,WH_SOUTH,3,7387.04,0.0,No,22161.12
504908,2024-08-10,SKU1005,WH_WEST,6,23473.03,10.0,No,126754.36
504920,2024-08-10,SKU1024,WH_SOUTH,8,1822.24,10.0,No,13120.13
504922,2024-08-10,SKU1027,WH_SOUTH,9,194.56,0.0,No,1751.04
504924,2024-08-10,SKU1029,WH_SOUTH,3,716.7,0.0,No,2150.1
504909,2024-08-10,SKU1007,WH_NORTH,5,13190.2,0.0,No,65951.0
504911,2024-08-10,SKU1011,WH_WEST,9,282.38,5.0,No,2414.35
504927,2024-08-10,SKU1034,WH_SOUTH,23,2229.38,0.0,No,51275.74
504917,2024-08-10,SKU1018,WH_NORTH,12,2038.19,0.0,No,24458.28
504905,2024-08-10,SKU1001,WH_WEST,6,19525.32,0.0,No,117151.92
504919,2024-08-10,SKU1020,WH_NORTH,9,2359.13,5.0,No,20170.56
504912,2024-08-10,SKU1012,WH_WEST,13,1433.92,0.0,No,18640.96
504907,2024-08-10,SKU1003,WH_SOUTH,3,21674.48,0.0,No,65023.44
504925,2024-08-10,SKU1030,WH_WEST,38,2402.0,0.0,Yes,92477.0
504915,2024-08-10,SKU1016,WH_SOUTH,6,497.81,5.0,No,2837.52
504914,2024-08-10,SKU1015,WH_SOUTH,11,808.05,0.0,No,8888.55
504906,2024-08-10,SKU1002,WH_WEST,5,4026.46,0.0,No,20132.3
504928,2024-08-10,SKU1036,WH_NORTH,20,2919.38,0.0,No,58387.6
504923,2024-08-10,SKU1028,WH_NORTH,12,716.34,5.0,No,8166.28
504926,2024-08-10,SKU1031,WH_WEST,15,2789.96,5.0,No,39756.93
504913,2024-08-10,SKU1014,WH_WEST,9,1248.44,0.0,No,11235.96
504921,2024-08-10,SKU1026,WH_NORTH,7,994.38,15.0,No,5916.56
504918,2024-08-10,SKU1019,WH_SOUTH,15,1767.95,5.0,No,25193.29
504937,2024-08-11,SKU1019,WH_SOUTH,6,1767.95,0.0,Yes,10607.7
504943,2024-08-11,SKU1030,WH_WEST,11,2402.0,15.0,No,22458.7
504931,2024-08-11,SKU1004,WH_WEST,4,661.52,15.0,No,2249.17
504940,2024-08-11,SKU1027,WH_WEST,10,194.56,10.0,No,1751.04
504947,2024-08-11,SKU1035,WH_NORTH,12,1749.54,0.0,No,20994.48
504935,2024-08-11,SKU1016,WH_NORTH,11,497.81,0.0,No,5475.91
504936,2024-08-11,SKU1017,WH_NORTH,10,2741.56,10.0,No,24674.04
504942,2024-08-11,SKU1029,WH_WEST,15,716.7,15.0,Yes,9137.92
504939,2024-08-11,SKU1024,WH_NORTH,11,1822.24,5.0,Yes,19042.41
504938,2024-08-11,SKU1020,WH_SOUTH,8,2359.13,10.0,No,16985.74
504932,2024-08-11,SKU1010,WH_NORTH,13,1240.02,0.0,No,16120.26
504929,2024-08-11,SKU1000,WH_SOUTH,5,9457.32,5.0,No,44922.27
504946,2024-08-11,SKU1034,WH_WEST,20,2229.38,0.0,No,44587.6
504930,2024-08-11,SKU1003,WH_NORTH,7,21674.48,10.0,No,136549.22
504945,2024-08-11,SKU1033,WH_NORTH,18,1093.06,5.0,No,18691.33
504933,2024-08-11,SKU1011,WH_NORTH,9,282.38,0.0,No,2541.42
504944,2024-08-11,SKU1031,WH_NORTH,18,2789.96,0.0,No,50219.28
504941,2024-08-11,SKU1028,WH_NORTH,9,716.34,20.0,No,5157.65
504948,2024-08-11,SKU1038,WH_WEST,16,1639.79,5.0,No,24924.81
504934,2024-08-11,SKU1015,WH_SOUTH,9,808.05,0.0,No,7272.45
504950,2024-08-12,SKU1001,WH_WEST,4,19525.32,5.0,No,74196.22
504949,2024-08-12,SKU1000,WH_WEST,6,9457.32,0.0,No,56743.92
504966,2024-08-12,SKU1032,WH_NORTH,22,2757.64,10.0,No,54601.27
504961,2024-08-12,SKU1021,WH_SOUTH,4,2700.26,0.0,No,10801.04
504970,2024-08-12,SKU1036,WH_NORTH,18,2919.38,0.0,No,52548.84
504962,2024-08-12,SKU1022,WH_NORTH,5,278.9,15.0,No,1185.32
504958,2024-08-12,SKU1013,WH_WEST,5,2835.28,10.0,No,12758.76
504952,2024-08-12,SKU1004,WH_SOUTH,3,661.52,0.0,No,1984.56
504955,2024-08-12,SKU1008,WH_NORTH,4,7387.04,0.0,No,29548.16
504953,2024-08-12,SKU1006,WH_SOUTH,4,4707.6,10.0,No,16947.36
504963,2024-08-12,SKU1026,WH_NORTH,6,994.38,0.0,No,5966.28
504965,2024-08-12,SKU1029,WH_SOUTH,5,716.7,0.0,No,3583.5
504957,2024-08-12,SKU1011,WH_NORTH,12,282.38,0.0,No,3388.56
504968,2024-08-12,SKU1034,WH_NORTH,20,2229.38,10.0,No,40128.84
504971,2024-08-12,SKU1037,WH_SOUTH,15,2206.93,0.0,No,33103.95
504954,2024-08-12,SKU1007,WH_SOUTH,5,13190.2,0.0,No,65951.0
504967,2024-08-12,SKU1033,WH_NORTH,24,1093.06,15.0,No,22298.42
504956,2024-08-12,SKU1010,WH_WEST,5,1240.02,20.0,No,4960.08
504964,2024-08-12,SKU1028,WH_SOUTH,12,716.34,15.0,Yes,7306.67
504959,2024-08-12,SKU1015,WH_NORTH,9,808.05,0.0,No,7272.45
504951,2024-08-12,SKU1003,WH_WEST,4,21674.48,10.0,No,78028.13
504969,2024-08-12,SKU1035,WH_NORTH,18,1749.54,0.0,No,31491.72
504960,2024-08-12,SKU1020,WH_SOUTH,9,2359.13,0.0,No,21232.17
504992,2024-08-13,SKU1035,WH_SOUTH,15,1749.54,10.0,No,23618.79
504988,2024-08-13,SKU1029,WH_SOUTH,13,716.7,5.0,Yes,8851.25
504983,2024-08-13,SKU1022,WH_WEST,6,278.9,0.0,No,1673.4
504986,2024-08-13,SKU1026,WH_NORTH,14,994.38,10.0,Yes,12529.19
504984,2024-08-13,SKU1024,WH_NORTH,5,1822.24,0.0,No,9111.2
504987,2024-08-13,SKU1028,WH_NORTH,9,716.34,20.0,No,5157.65
504985,2024-08-13,SKU1025,WH_NORTH,6,1880.05,15.0,No,9588.25
504976,2024-08-13,SKU1007,WH_NORTH,5,13190.2,10.0,No,59355.9
504979,2024-08-13,SKU1017,WH_SOUTH,9,2741.56,0.0,No,24674.04
504973,2024-08-13,SKU1003,WH_NORTH,6,21674.48,20.0,No,104037.5
504978,2024-08-13,SKU1012,WH_WEST,20,1433.92,0.0,No,29395.36
504982,2024-08-13,SKU1021,WH_SOUTH,6,2700.26,20.0,No,12961.25
504989,2024-08-13,SKU1032,WH_NORTH,13,2757.64,0.0,No,35849.32
504991,2024-08-13,SKU1034,WH_SOUTH,21,2229.38,10.0,No,42135.28
504980,2024-08-13,SKU1019,WH_NORTH,9,1767.95,0.0,Yes,15911.55
504974,2024-08-13,SKU1005,WH_WEST,7,23473.03,0.0,Yes,164311.21
504993,2024-08-13,SKU1036,WH_NORTH,20,2919.38,0.0,No,58387.6
504996,2024-08-13,SKU1039,WH_WEST,38,222.44,0.0,Yes,8563.94
504975,2024-08-13,SKU1006,WH_NORTH,3,4707.6,0.0,No,14122.8
504972,2024-08-13,SKU1000,WH_WEST,4,9457.32,0.0,No,37829.28
504981,2024-08-13,SKU1020,WH_WEST,5,2359.13,0.0,No,11795.65
504977,2024-08-13,SKU1010,WH_SOUTH,10,1240.02,10.0,No,11160.18
504994,2024-08-13,SKU1037,WH_NORTH,20,2206.93,0.0,No,44138.6
504995,2024-08-13,SKU1038,WH_SOUTH,20,1639.79,15.0,No,27876.43
504990,2024-08-13,SKU1033,WH_NORTH,22,1093.06,0.0,Yes,24047.32
504997,2024-08-14,SKU1000,WH_NORTH,4,9457.32,15.0,No,32154.89
505007,2024-08-14,SKU1025,WH_SOUTH,11,1880.05,0.0,Yes,20680.55
505012,2024-08-14,SKU1039,WH_SOUTH,17,222.44,15.0,No,3214.26
505002,2024-08-14,SKU1012,WH_SOUTH,11,1433.92,0.0,No,15773.12
505004,2024-08-14,SKU1020,WH_WEST,5,2359.13,0.0,No,11795.65
505003,2024-08-14,SKU1014,WH_SOUTH,8,1248.44,10.0,No,8988.77
505000,2024-08-14,SKU1007,WH_WEST,7,13190.2,0.0,Yes,92331.4
505006,2024-08-14,SKU1024,WH_NORTH,8,1822.24,15.0,No,12391.23
505009,2024-08-14,SKU1034,WH_WEST,18,2229.38,0.0,No,40128.84
505010,2024-08-14,SKU1036,WH_WEST,17,2919.38,0.0,No,49629.46
505008,2024-08-14,SKU1029,WH_WEST,5,716.7,20.0,No,2866.8
504998,2024-08-14,SKU1001,WH_NORTH,7,19525.32,10.0,No,123009.52
505001,2024-08-14,SKU1010,WH_SOUTH,7,1240.02,0.0,No,8680.14
505005,2024-08-14,SKU1022,WH_NORTH,5,278.9,20.0,No,1115.6
505011,2024-08-14,SKU1038,WH_SOUTH,13,1639.79,20.0,No,17053.82
504999,2024-08-14,SKU1004,WH_NORTH,7,661.52,0.0,Yes,4630.64
505036,2024-08-15,SKU1029,WH_SOUTH,6,716.7,5.0,No,4085.19
505041,2024-08-15,SKU1035,WH_WEST,12,1749.54,10.0,No,18895.03
505029,2024-08-15,SKU1022,WH_SOUTH,6,278.9,10.0,No,1506.06
505019,2024-08-15,SKU1010,WH_WEST,13,1240.02,0.0,No,16120.26
505017,2024-08-15,SKU1007,WH_NORTH,1,13190.2,15.0,No,11211.67
505015,2024-08-15,SKU1003,WH_SOUTH,3,21674.48,0.0,No,65023.44
505027,2024-08-15,SKU1019,WH_WEST,8,1767.95,10.0,No,12729.24
505035,2024-08-15,SKU1028,WH_WEST,8,716.34,20.0,No,4584.58
505032,2024-08-15,SKU1025,WH_WEST,5,1880.05,0.0,No,9400.25
505034,2024-08-15,SKU1027,WH_NORTH,7,194.56,20.0,No,1089.54
505025,2024-08-15,SKU1016,WH_WEST,16,497.81,0.0,Yes,7964.96
505037,2024-08-15,SKU1030,WH_SOUTH,20,2402.0,15.0,No,40834.0
505023,2024-08-15,SKU1014,WH_WEST,10,1248.44,0.0,No,12484.4
505031,2024-08-15,SKU1024,WH_WEST,16,1822.24,0.0,No,29155.84
505028,2024-08-15,SKU1020,WH_NORTH,6,2359.13,0.0,No,14154.78
505038,2024-08-15,SKU1031,WH_NORTH,16,2789.96,0.0,No,44639.36
505020,2024-08-15,SKU1011,WH_WEST,9,282.38,0.0,No,2541.42
505026,2024-08-15,SKU1018,WH_SOUTH,12,2038.19,0.0,No,24458.28
505013,2024-08-15,SKU1000,WH_NORTH,7,9457.32,0.0,Yes,66201.24
505022,2024-08-15,SKU1013,WH_WEST,11,2835.28,0.0,No,31188.08
505024,2024-08-15,SKU1015,WH_NORTH,9,808.05,0.0,No,7272.45
505018,2024-08-15,SKU1008,WH_WEST,5,7387.04,15.0,No,31394.92
505039,2024-08-15,SKU1033,WH_SOUTH,25,1093.06,5.0,No,25960.18
505014,2024-08-15,SKU1001,WH_WEST,6,19525.32,0.0,No,117151.92
505021,2024-08-15,SKU1012,WH_WEST,13,1433.92,10.0,No,16776.86
505016,2024-08-15,SKU1006,WH_WEST,2,4707.6,20.0,No,7532.16
505030,2024-08-15,SKU1023,WH_NORTH,10,1257.73,10.0,No,11319.57
505040,2024-08-15,SKU1034,WH_WEST,18,2229.38,0.0,No,40128.84
505033,2024-08-15,SKU1026,WH_WEST,9,994.38,0.0,No,8949.42
505059,2024-08-16,SKU1034,WH_NORTH,14,2229.38,0.0,No,31211.32
505055,2024-08-16,SKU1022,WH_NORTH,4,278.9,0.0,No,1115.6
505051,2024-08-16,SKU1015,WH_NORTH,9,808.05,0.0,No,7272.45
505042,2024-08-16,SKU1002,WH_WEST,3,4026.46,10.0,No,10871.44
505048,2024-08-16,SKU1012,WH_WEST,11,1433.92,0.0,No,15773.12
505044,2024-08-16,SKU1004,WH_SOUTH,3,661.52,0.0,No,1984.56
505052,2024-08-16,SKU1016,WH_SOUTH,13,497.81,5.0,No,6147.95
505054,2024-08-16,SKU1021,WH_SOUTH,7,2700.26,0.0,No,18901.82
505046,2024-08-16,SKU1007,WH_SOUTH,4,13190.2,15.0,No,44846.68
505060,2024-08-16,SKU1035,WH_WEST,19,1749.54,10.0,No,29917.13
505049,2024-08-16,SKU1013,WH_NORTH,6,2835.28,10.0,No,15310.51
505056,2024-08-16,SKU1028,WH_SOUTH,5,716.34,0.0,No,3581.7
505047,2024-08-16,SKU1009,WH_WEST,2,1309.64,10.0,No,2357.35
505053,2024-08-16,SKU1020,WH_NORTH,12,2359.13,10.0,Yes,25478.6
505045,2024-08-16,SKU1006,WH_WEST,4,4707.6,0.0,Yes,18830.4
505058,2024-08-16,SKU1032,WH_WEST,15,2757.64,0.0,No,41364.6
505057,2024-08-16,SKU1029,WH_NORTH,7,716.7,10.0,No,4515.21
505043,2024-08-16,SKU1003,WH_WEST,9,21674.48,15.0,Yes,165809.77
505050,2024-08-16,SKU1014,WH_WEST,8,1248.44,0.0,No,9987.52
505073,2024-08-17,SKU1023,WH_WEST,6,1257.73,0.0,No,7546.38
505076,2024-08-17,SKU1030,WH_WEST,21,2402.0,0.0,No,50442.0
505061,2024-08-17,SKU1003,WH_SOUTH,4,21674.48,0.0,No,86697.92
505067,2024-08-17,SKU1016,WH_WEST,12,497.81,0.0,No,5973.72
505074,2024-08-17,SKU1024,WH_WEST,8,1822.24,0.0,No,14577.92
505079,2024-08-17,SKU1034,WH_NORTH,21,2229.38,0.0,No,46816.98
505064,2024-08-17,SKU1009,WH_SOUTH,5,1309.64,0.0,No,6548.2
505068,2024-08-17,SKU1018,WH_SOUTH,10,2038.19,10.0,No,18343.71
505069,2024-08-17,SKU1019,WH_WEST,9,1767.95,5.0,No,15115.97
505066,2024-08-17,SKU1015,WH_WEST,9,808.05,0.0,No,7272.45
505078,2024-08-17,SKU1033,WH_SOUTH,19,1093.06,0.0,No,20768.14
505063,2024-08-17,SKU1007,WH_NORTH,6,13190.2,10.0,Yes,71227.08
505075,2024-08-17,SKU1027,WH_WEST,13,194.56,15.0,No,2149.89
505072,2024-08-17,SKU1022,WH_SOUTH,9,278.9,0.0,No,2510.1
505071,2024-08-17,SKU1021,WH_SOUTH,8,2700.26,20.0,No,17281.66
505062,2024-08-17,SKU1006,WH_WEST,6,4707.6,5.0,No,26833.32
505080,2024-08-17,SKU1037,WH_SOUTH,33,2206.93,15.0,No,61904.39
505070,2024-08-17,SKU1020,WH_SOUTH,9,2359.13,5.0,No,20170.56
505065,2024-08-17,SKU1013,WH_NORTH,13,2835.28,0.0,Yes,36858.64
505077,2024-08-17,SKU1031,WH_WEST,23,2789.96,0.0,No,64169.08
505081,2024-08-17,SKU1038,WH_WEST,19,1639.79,0.0,No,31156.01
505084,2024-08-18,SKU1004,WH_NORTH,5,661.52,0.0,No,3307.6
505091,2024-08-18,SKU1015,WH_NORTH,11,808.05,0.0,No,8888.55
505095,2024-08-18,SKU1022,WH_SOUTH,10,278.9,0.0,Yes,2789.0
505086,2024-08-18,SKU1006,WH_WEST,5,4707.6,0.0,No,23538.0
505102,2024-08-18,SKU1036,WH_NORTH,25,2919.38,10.0,No,65686.05
505099,2024-08-18,SKU1030,WH_WEST,27,2402.0,15.0,No,55125.9
505089,2024-08-18,SKU1011,WH_SOUTH,11,282.38,0.0,No,3106.18
505104,2024-08-18,SKU1039,WH_WEST,24,222.44,0.0,No,5338.56
505103,2024-08-18,SKU1037,WH_NORTH,27,2206.93,5.0,No,56607.75
505100,2024-08-18,SKU1033,WH_WEST,21,1093.06,15.0,No,19511.12
505088,2024-08-18,SKU1009,WH_WEST,5,1309.64,0.0,No,6548.2
505087,2024-08-18,SKU1008,WH_NORTH,7,7387.04,0.0,Yes,51709.28
505092,2024-08-18,SKU1018,WH_NORTH,20,2038.19,0.0,Yes,41782.9
505097,2024-08-18,SKU1028,WH_SOUTH,7,716.34,5.0,Yes,4763.66
505101,2024-08-18,SKU1035,WH_WEST,32,1749.54,0.0,No,55985.28
505094,2024-08-18,SKU1020,WH_WEST,7,2359.13,20.0,No,13211.13
505098,2024-08-18,SKU1029,WH_SOUTH,10,716.7,10.0,No,6450.3
505090,2024-08-18,SKU1012,WH_WEST,13,1433.92,0.0,No,18640.96
505093,2024-08-18,SKU1019,WH_NORTH,11,1767.95,5.0,No,18475.08
505085,2024-08-18,SKU1005,WH_SOUTH,7,23473.03,0.0,No,164311.21
505083,2024-08-18,SKU1003,WH_SOUTH,4,21674.48,0.0,No,86697.92
505096,2024-08-18,SKU1027,WH_NORTH,10,194.56,5.0,No,1848.32
505082,2024-08-18,SKU1002,WH_SOUTH,4,4026.46,0.0,No,16105.84
505113,2024-08-19,SKU1013,WH_NORTH,8,2835.28,10.0,No,20414.02
505123,2024-08-19,SKU1029,WH_WEST,7,716.7,0.0,Yes,5016.9
505108,2024-08-19,SKU1005,WH_NORTH,9,23473.03,0.0,No,211257.27
505109,2024-08-19,SKU1006,WH_SOUTH,5,4707.6,0.0,No,23538.0
505112,2024-08-19,SKU1012,WH_NORTH,13,1433.92,10.0,No,16776.86
505116,2024-08-19,SKU1018,WH_WEST,9,2038.19,0.0,No,18343.71
505130,2024-08-19,SKU1037,WH_NORTH,20,2206.93,0.0,No,44138.6
505110,2024-08-19,SKU1008,WH_WEST,5,7387.04,0.0,No,36935.2
505114,2024-08-19,SKU1016,WH_SOUTH,9,497.81,5.0,No,4256.28
505131,2024-08-19,SKU1039,WH_SOUTH,19,222.44,15.0,No,3592.41
505128,2024-08-19,SKU1035,WH_SOUTH,15,1749.54,20.0,No,20994.48
505105,2024-08-19,SKU1000,WH_NORTH,2,9457.32,5.0,No,17968.91
505118,2024-08-19,SKU1020,WH_WEST,10,2359.13,0.0,Yes,23591.3
505111,2024-08-19,SKU1011,WH_NORTH,6,282.38,0.0,No,1694.28
505107,2024-08-19,SKU1004,WH_NORTH,5,661.52,5.0,No,3142.22
505129,2024-08-19,SKU1036,WH_SOUTH,14,2919.38,10.0,No,36784.19
505122,2024-08-19,SKU1027,WH_NORTH,9,194.56,5.0,No,1663.49
505124,2024-08-19,SKU1030,WH_WEST,13,2402.0,0.0,No,31226.0
505127,2024-08-19,SKU1034,WH_SOUTH,17,2229.38,0.0,Yes,37899.46
505115,2024-08-19,SKU1017,WH_NORTH,11,2741.56,0.0,No,30157.16
505121,2024-08-19,SKU1026,WH_NORTH,8,994.38,0.0,No,7955.04
505125,2024-08-19,SKU1031,WH_SOUTH,22,2789.96,0.0,Yes,61379.12
505106,2024-08-19,SKU1001,WH_WEST,4,19525.32,0.0,No,78101.28
505126,2024-08-19,SKU1032,WH_WEST,14,2757.64,0.0,No,38606.96
505117,2024-08-19,SKU1019,WH_NORTH,9,1767.95,0.0,No,15911.55
505119,2024-08-19,SKU1023,WH_NORTH,10,1257.73,0.0,No,12577.3
505120,2024-08-19,SKU1024,WH_WEST,5,1822.24,10.0,No,8200.08
505142,2024-08-20,SKU1016,WH_NORTH,9,497.81,0.0,No,4480.29
505135,2024-08-20,SKU1004,WH_WEST,7,661.52,0.0,No,4630.64
505134,2024-08-20,SKU1003,WH_SOUTH,5,21674.48,0.0,No,108372.4
505136,2024-08-20,SKU1006,WH_NORTH,6,4707.6,5.0,No,26833.32
505133,2024-08-20,SKU1001,WH_SOUTH,5,19525.32,5.0,No,92745.27
505157,2024-08-20,SKU1039,WH_SOUTH,20,222.44,0.0,No,4448.8
505150,2024-08-20,SKU1027,WH_SOUTH,6,194.56,5.0,No,1108.99
505152,2024-08-20,SKU1030,WH_NORTH,17,2402.0,0.0,No,40834.0
505145,2024-08-20,SKU1019,WH_SOUTH,8,1767.95,10.0,No,12729.24
505153,2024-08-20,SKU1031,WH_WEST,18,2789.96,0.0,No,50219.28
505151,2024-08-20,SKU1029,WH_WEST,7,716.7,0.0,No,5016.9
505143,2024-08-20,SKU1017,WH_SOUTH,8,2741.56,0.0,No,21932.48
505146,2024-08-20,SKU1021,WH_NORTH,10,2700.26,10.0,Yes,24302.34
505144,2024-08-20,SKU1018,WH_NORTH,7,2038.19,0.0,No,14267.33
505154,2024-08-20,SKU1032,WH_SOUTH,26,2757.64,0.0,Yes,71698.64
505141,2024-08-20,SKU1014,WH_NORTH,11,1248.44,5.0,No,13046.2
505137,2024-08-20,SKU1007,WH_NORTH,4,13190.2,0.0,No,52760.8
505139,2024-08-20,SKU1009,WH_WEST,5,1309.64,0.0,No,6548.2
505132,2024-08-20,SKU1000,WH_NORTH,4,9457.32,0.0,No,37829.28
505149,2024-08-20,SKU1026,WH_NORTH,5,994.38,10.0,No,4474.71
505156,2024-08-20,SKU1036,WH_WEST,20,2919.38,5.0,No,55468.22
505138,2024-08-20,SKU1008,WH_WEST,5,7387.04,0.0,No,36935.2
505148,2024-08-20,SKU1025,WH_NORTH,5,1880.05,0.0,No,9400.25
505147,2024-08-20,SKU1023,WH_NORTH,8,1257.73,5.0,No,9558.75
505155,2024-08-20,SKU1035,WH_WEST,12,1749.54,5.0,No,19944.76
505140,2024-08-20,SKU1012,WH_SOUTH,14,1433.92,0.0,Yes,20074.88
505167,2024-08-21,SKU1018,WH_WEST,11,2038.19,5.0,No,21299.09
505158,2024-08-21,SKU1000,WH_NORTH,9,9457.32,5.0,Yes,80860.09
505160,2024-08-21,SKU1003,WH_WEST,4,21674.48,5.0,No,82363.02
505172,2024-08-21,SKU1032,WH_NORTH,17,2757.64,10.0,No,42191.89
505164,2024-08-21,SKU1014,WH_WEST,13,1248.44,0.0,No,16229.72
505169,2024-08-21,SKU1021,WH_NORTH,4,2700.26,5.0,No,10260.99
505170,2024-08-21,SKU1024,WH_WEST,9,1822.24,10.0,No,14760.14
505163,2024-08-21,SKU1012,WH_NORTH,8,1433.92,0.0,No,11471.36
505159,2024-08-21,SKU1002,WH_NORTH,4,4026.46,0.0,No,16105.84
505175,2024-08-21,SKU1036,WH_WEST,14,2919.38,0.0,No,40871.32
505173,2024-08-21,SKU1033,WH_SOUTH,12,1093.06,0.0,No,13116.72
505166,2024-08-21,SKU1016,WH_SOUTH,12,497.81,0.0,No,5973.72
505162,2024-08-21,SKU1011,WH_WEST,9,282.38,10.0,No,2287.28
505171,2024-08-21,SKU1026,WH_WEST,7,994.38,15.0,No,5916.56
505161,2024-08-21,SKU1005,WH_SOUTH,5,23473.03,0.0,No,117365.15
505176,2024-08-21,SKU1039,WH_SOUTH,11,222.44,10.0,No,2202.16
505168,2024-08-21,SKU1020,WH_NORTH,10,2359.13,0.0,Yes,23591.3
505174,2024-08-21,SKU1035,WH_SOUTH,12,1749.54,0.0,No,20994.48
505165,2024-08-21,SKU1015,WH_NORTH,6,808.05,5.0,No,4605.88
505196,2024-08-22,SKU1026,WH_NORTH,11,994.38,15.0,Yes,9297.45
505194,2024-08-22,SKU1023,WH_SOUTH,5,1257.73,0.0,No,6288.65
505187,2024-08-22,SKU1014,WH_SOUTH,10,1248.44,15.0,No,10611.74
505182,2024-08-22,SKU1006,WH_SOUTH,4,4707.6,0.0,No,18830.4
505180,2024-08-22,SKU1003,WH_WEST,4,21674.48,0.0,No,86697.92
505185,2024-08-22,SKU1012,WH_NORTH,9,1433.92,0.0,No,12905.28
505177,2024-08-22,SKU1000,WH_WEST,6,9457.32,15.0,No,48232.33
505199,2024-08-22,SKU1031,WH_WEST,13,2789.96,0.0,No,36269.48
505197,2024-08-22,SKU1027,WH_SOUTH,8,194.56,5.0,No,1478.66
505201,2024-08-22,SKU1034,WH_WEST,21,2229.38,0.0,No,46816.98
505178,2024-08-22,SKU1001,WH_NORTH,6,19525.32,0.0,No,117151.92
505192,2024-08-22,SKU1020,WH_NORTH,6,2359.13,0.0,No,14154.78
505188,2024-08-22,SKU1015,WH_NORTH,9,808.05,10.0,No,6545.2
505200,2024-08-22,SKU1033,WH_WEST,13,1093.06,0.0,No,14209.78
505198,2024-08-22,SKU1029,WH_NORTH,6,716.7,0.0,No,4300.2
505179,2024-08-22,SKU1002,WH_WEST,9,4026.46,0.0,Yes,36238.14
505183,2024-08-22,SKU1008,WH_SOUTH,3,7387.04,0.0,No,22161.12
505190,2024-08-22,SKU1017,WH_WEST,15,2741.56,0.0,No,41123.4
505193,2024-08-22,SKU1022,WH_WEST,5,278.9,0.0,No,1394.5
505184,2024-08-22,SKU1009,WH_WEST,5,1309.64,0.0,No,6548.2
505186,2024-08-22,SKU1013,WH_WEST,10,2835.28,0.0,No,28352.8
505203,2024-08-22,SKU1039,WH_WEST,14,222.44,5.0,No,2958.45
505202,2024-08-22,SKU1035,WH_NORTH,17,1749.54,0.0,No,29742.18
505189,2024-08-22,SKU1016,WH_WEST,10,497.81,5.0,No,4729.2
505191,2024-08-22,SKU1019,WH_SOUTH,4,1767.95,0.0,No,7071.8
505181,2024-08-22,SKU1005,WH_SOUTH,4,23473.03,0.0,No,93892.12
505195,2024-08-22,SKU1024,WH_NORTH,7,1822.24,10.0,No,11480.11
505220,2024-08-23,SKU1034,WH_SOUTH,25,2229.38,0.0,Yes,55734.5
505205,2024-08-23,SKU1003,WH_NORTH,3,21674.48,0.0,No,65023.44
505222,2024-08-23,SKU1038,WH_WEST,12,1639.79,0.0,No,19677.48
505211,2024-08-23,SKU1014,WH_WEST,11,1248.44,5.0,No,13046.2
505215,2024-08-23,SKU1022,WH_NORTH,14,278.9,0.0,Yes,3904.6
505207,2024-08-23,SKU1008,WH_WEST,4,7387.04,15.0,No,25115.94
505217,2024-08-23,SKU1026,WH_WEST,5,994.38,5.0,No,4723.3
505218,2024-08-23,SKU1027,WH_NORTH,3,194.56,10.0,No,525.31
505221,2024-08-23,SKU1036,WH_SOUTH,10,2919.38,0.0,No,29193.8
505208,2024-08-23,SKU1010,WH_SOUTH,8,1240.02,5.0,No,9424.15
505213,2024-08-23,SKU1018,WH_SOUTH,9,2038.19,5.0,No,17426.52
505209,2024-08-23,SKU1011,WH_NORTH,13,282.38,5.0,Yes,3487.39
505214,2024-08-23,SKU1020,WH_NORTH,5,2359.13,0.0,No,11795.65
505219,2024-08-23,SKU1029,WH_WEST,5,716.7,10.0,No,3225.15
505216,2024-08-23,SKU1023,WH_NORTH,9,1257.73,10.0,No,10187.61
505212,2024-08-23,SKU1015,WH_NORTH,13,808.05,0.0,No,10504.65
505204,2024-08-23,SKU1002,WH_SOUTH,3,4026.46,0.0,No,12079.38
505206,2024-08-23,SKU1006,WH_NORTH,5,4707.6,0.0,No,23538.0
505210,2024-08-23,SKU1012,WH_SOUTH,10,1433.92,0.0,No,14339.2
505230,2024-08-24,SKU1013,WH_WEST,10,2835.28,10.0,No,25517.52
505229,2024-08-24,SKU1008,WH_SOUTH,4,7387.04,15.0,No,25115.94
505245,2024-08-24,SKU1039,WH_SOUTH,33,222.44,0.0,No,7340.52
505236,2024-08-24,SKU1025,WH_WEST,6,1880.05,0.0,No,11280.3
505244,2024-08-24,SKU1038,WH_NORTH,19,1639.79,15.0,No,26482.61
505237,2024-08-24,SKU1026,WH_SOUTH,10,994.38,0.0,No,9943.8
505227,2024-08-24,SKU1005,WH_WEST,5,23473.03,0.0,No,117365.15
505239,2024-08-24,SKU1032,WH_WEST,30,2757.64,0.0,No,82729.2
505240,2024-08-24,SKU1034,WH_NORTH,25,2229.38,0.0,No,55734.5
505234,2024-08-24,SKU1021,WH_NORTH,7,2700.26,0.0,No,18901.82
505225,2024-08-24,SKU1003,WH_NORTH,3,21674.48,10.0,No,58521.1
505231,2024-08-24,SKU1016,WH_WEST,17,497.81,5.0,No,8039.63
505233,2024-08-24,SKU1020,WH_WEST,7,2359.13,0.0,No,16513.91
505228,2024-08-24,SKU1006,WH_WEST,4,4707.6,0.0,No,18830.4
505241,2024-08-24,SKU1035,WH_SOUTH,26,1749.54,0.0,No,45488.04
505223,2024-08-24,SKU1000,WH_WEST,4,9457.32,10.0,No,34046.35
505235,2024-08-24,SKU1023,WH_SOUTH,11,1257.73,5.0,No,13143.28
505243,2024-08-24,SKU1037,WH_NORTH,13,2206.93,15.0,No,24386.58
505224,2024-08-24,SKU1002,WH_NORTH,4,4026.46,0.0,No,16105.84
505238,2024-08-24,SKU1028,WH_NORTH,6,716.34,0.0,No,4298.04
505226,2024-08-24,SKU1004,WH_WEST,5,661.52,0.0,No,3307.6
505232,2024-08-24,SKU1019,WH_WEST,9,1767.95,0.0,No,15911.55
505242,2024-08-24,SKU1036,WH_NORTH,29,2919.38,0.0,No,84662.02
505256,2024-08-25,SKU1012,WH_NORTH,14,1433.92,0.0,No,20074.88
505261,2024-08-25,SKU1022,WH_SOUTH,10,278.9,0.0,No,2789.0
505248,2024-08-25,SKU1002,WH_NORTH,5,4026.46,0.0,No,20132.3
505254,2024-08-25,SKU1009,WH_SOUTH,8,1309.64,0.0,No,10477.12
505260,2024-08-25,SKU1017,WH_WEST,11,2741.56,0.0,No,30157.16
505250,2024-08-25,SKU1005,WH_WEST,7,23473.03,0.0,No,164311.21
505246,2024-08-25,SKU1000,WH_WEST,6,9457.32,15.0,No,48232.33
505264,2024-08-25,SKU1032,WH_SOUTH,26,2757.64,5.0,No,68113.71
505249,2024-08-25,SKU1004,WH_SOUTH,6,661.52,0.0,No,3969.12
505262,2024-08-25,SKU1030,WH_WEST,26,2402.0,0.0,No,62452.0
505263,2024-08-25,SKU1031,WH_NORTH,38,2789.96,10.0,Yes,96672.11
505253,2024-08-25,SKU1008,WH_NORTH,5,7387.04,0.0,No,36935.2
505259,2024-08-25,SKU1016,WH_WEST,5,497.81,0.0,No,2489.05
505252,2024-08-25,SKU1007,WH_NORTH,6,13190.2,5.0,No,75184.14
505265,2024-08-25,SKU1034,WH_NORTH,22,2229.38,0.0,No,49046.36
505255,2024-08-25,SKU1011,WH_WEST,20,282.38,0.0,Yes,5788.79
505258,2024-08-25,SKU1015,WH_NORTH,11,808.05,0.0,No,8888.55
505247,2024-08-25,SKU1001,WH_NORTH,3,19525.32,10.0,No,52718.36
505257,2024-08-25,SKU1014,WH_SOUTH,15,1248.44,10.0,No,16853.94
505266,2024-08-25,SKU1035,WH_WEST,19,1749.54,0.0,Yes,33241.26
505267,2024-08-25,SKU1036,WH_SOUTH,21,2919.38,5.0,No,58241.63
505251,2024-08-25,SKU1006,WH_SOUTH,4,4707.6,0.0,No,18830.4
505268,2024-08-26,SKU1000,WH_NORTH,2,9457.32,5.0,No,17968.91
505282,2024-08-26,SKU1026,WH_NORTH,15,994.38,0.0,Yes,14915.7
505271,2024-08-26,SKU1005,WH_WEST,6,23473.03,0.0,No,140838.18
505285,2024-08-26,SKU1033,WH_WEST,12,1093.06,5.0,No,12460.88
505275,2024-08-26,SKU1017,WH_NORTH,12,2741.56,0.0,No,32898.72
505287,2024-08-26,SKU1035,WH_SOUTH,18,1749.54,0.0,No,31491.72
505281,2024-08-26,SKU1024,WH_SOUTH,4,1822.24,5.0,No,6924.51
505277,2024-08-26,SKU1019,WH_NORTH,10,1767.95,15.0,No,15027.58
505270,2024-08-26,SKU1003,WH_NORTH,6,21674.48,0.0,No,130046.88
505273,2024-08-26,SKU1010,WH_NORTH,8,1240.02,0.0,No,9920.16
505279,2024-08-26,SKU1021,WH_SOUTH,11,2700.26,10.0,Yes,26732.57
505289,2024-08-26,SKU1039,WH_NORTH,24,222.44,10.0,No,4804.7
505283,2024-08-26,SKU1028,WH_WEST,5,716.34,0.0,No,3581.7
505274,2024-08-26,SKU1016,WH_SOUTH,9,497.81,15.0,No,3808.25
505272,2024-08-26,SKU1007,WH_SOUTH,5,13190.2,5.0,No,62653.45
505284,2024-08-26,SKU1032,WH_WEST,22,2757.64,0.0,Yes,60668.08
505276,2024-08-26,SKU1018,WH_NORTH,9,2038.19,0.0,No,18343.71
505280,2024-08-26,SKU1023,WH_SOUTH,8,1257.73,0.0,No,10061.84
505288,2024-08-26,SKU1038,WH_WEST,13,1639.79,0.0,No,21317.27
505269,2024-08-26,SKU1002,WH_NORTH,3,4026.46,0.0,No,12079.38
505286,2024-08-26,SKU1034,WH_WEST,13,2229.38,0.0,No,28981.94
505278,2024-08-26,SKU1020,WH_SOUTH,6,2359.13,15.0,No,12031.56
505295,2024-08-27,SKU1015,WH_NORTH,7,808.05,0.0,No,5656.35
505297,2024-08-27,SKU1017,WH_SOUTH,11,2741.56,20.0,No,24125.73
505310,2024-08-27,SKU1036,WH_NORTH,16,2919.38,0.0,No,46710.08
505302,2024-08-27,SKU1024,WH_WEST,4,1822.24,0.0,No,7288.96
505306,2024-08-27,SKU1029,WH_WEST,7,716.7,0.0,No,5016.9
505304,2024-08-27,SKU1027,WH_NORTH,6,194.56,0.0,No,1167.36
505301,2024-08-27,SKU1023,WH_WEST,8,1257.73,0.0,No,10061.84
505311,2024-08-27,SKU1038,WH_WEST,38,1639.79,5.0,Yes,59975.32
505308,2024-08-27,SKU1032,WH_NORTH,14,2757.64,0.0,No,38606.96
505290,2024-08-27,SKU1001,WH_SOUTH,3,19525.32,10.0,No,52718.36
505291,2024-08-27,SKU1002,WH_WEST,5,4026.46,10.0,No,18119.07
505303,2024-08-27,SKU1026,WH_NORTH,7,994.38,15.0,No,5916.56
505309,2024-08-27,SKU1033,WH_NORTH,20,1093.06,5.0,No,20768.14
505298,2024-08-27,SKU1018,WH_NORTH,11,2038.19,20.0,Yes,17936.07
505293,2024-08-27,SKU1013,WH_WEST,10,2835.28,10.0,No,25517.52
505292,2024-08-27,SKU1010,WH_WEST,8,1240.02,0.0,No,9920.16
505300,2024-08-27,SKU1022,WH_NORTH,6,278.9,20.0,No,1338.72
505294,2024-08-27,SKU1014,WH_NORTH,15,1248.44,10.0,No,16853.94
505307,2024-08-27,SKU1030,WH_NORTH,22,2402.0,5.0,No,50201.8
505299,2024-08-27,SKU1020,WH_NORTH,7,2359.13,10.0,No,14862.52
505305,2024-08-27,SKU1028,WH_WEST,5,716.34,0.0,No,3581.7
505296,2024-08-27,SKU1016,WH_NORTH,8,497.81,0.0,No,3982.48
505325,2024-08-28,SKU1020,WH_SOUTH,7,2359.13,20.0,No,13211.13
505333,2024-08-28,SKU1035,WH_WEST,11,1749.54,0.0,No,19244.94
505327,2024-08-28,SKU1027,WH_WEST,6,194.56,0.0,No,1167.36
505324,2024-08-28,SKU1017,WH_SOUTH,13,2741.56,0.0,No,35640.28
505335,2024-08-28,SKU1039,WH_SOUTH,18,222.44,0.0,No,4003.92
505320,2024-08-28,SKU1010,WH_SOUTH,9,1240.02,5.0,No,10602.17
505321,2024-08-28,SKU1012,WH_WEST,9,1433.92,0.0,No,12905.28
505334,2024-08-28,SKU1036,WH_WEST,21,2919.38,15.0,No,52110.93
505319,2024-08-28,SKU1009,WH_NORTH,5,1309.64,0.0,No,6548.2
505316,2024-08-28,SKU1006,WH_SOUTH,3,4707.6,10.0,No,12710.52
505328,2024-08-28,SKU1029,WH_SOUTH,5,716.7,0.0,No,3583.5
505331,2024-08-28,SKU1032,WH_WEST,25,2757.64,5.0,Yes,65493.95
505323,2024-08-28,SKU1014,WH_SOUTH,7,1248.44,0.0,No,8739.08
505314,2024-08-28,SKU1003,WH_WEST,5,21674.48,5.0,No,102953.78
505313,2024-08-28,SKU1001,WH_NORTH,4,19525.32,0.0,No,78101.28
505329,2024-08-28,SKU1030,WH_NORTH,10,2402.0,10.0,No,21618.0
505322,2024-08-28,SKU1013,WH_SOUTH,7,2835.28,0.0,No,19846.96
505332,2024-08-28,SKU1034,WH_WEST,21,2229.38,0.0,No,46816.98
505318,2024-08-28,SKU1008,WH_NORTH,4,7387.04,0.0,No,29548.16
505312,2024-08-28,SKU1000,WH_WEST,5,9457.32,0.0,No,47286.6
505317,2024-08-28,SKU1007,WH_WEST,7,13190.2,0.0,Yes,92331.4
505330,2024-08-28,SKU1031,WH_SOUTH,14,2789.96,15.0,No,33200.52
505315,2024-08-28,SKU1005,WH_WEST,6,23473.03,10.0,No,126754.36
505326,2024-08-28,SKU1025,WH_WEST,7,1880.05,0.0,No,13160.35
505339,2024-08-29,SKU1007,WH_SOUTH,4,13190.2,15.0,No,44846.68
505355,2024-08-29,SKU1034,WH_WEST,9,2229.38,0.0,No,20064.42
505349,2024-08-29,SKU1025,WH_WEST,6,1880.05,15.0,No,9588.25
505348,2024-08-29,SKU1023,WH_SOUTH,2,1257.73,0.0,No,2515.46
505352,2024-08-29,SKU1030,WH_SOUTH,15,2402.0,0.0,No,36030.0
505357,2024-08-29,SKU1036,WH_WEST,18,2919.38,5.0,No,49921.4
505353,2024-08-29,SKU1031,WH_SOUTH,18,2789.96,10.0,No,45197.35
505343,2024-08-29,SKU1015,WH_SOUTH,11,808.05,0.0,No,8888.55
505340,2024-08-29,SKU1009,WH_NORTH,4,1309.64,10.0,No,4714.7
505345,2024-08-29,SKU1018,WH_NORTH,7,2038.19,15.0,No,12127.23
505338,2024-08-29,SKU1004,WH_WEST,4,661.52,20.0,No,2116.86
505346,2024-08-29,SKU1019,WH_SOUTH,12,1767.95,10.0,No,19093.86
505356,2024-08-29,SKU1035,WH_WEST,17,1749.54,20.0,No,23793.74
505350,2024-08-29,SKU1027,WH_SOUTH,8,194.56,5.0,No,1478.66
505354,2024-08-29,SKU1033,WH_SOUTH,19,1093.06,0.0,No,20768.14
505337,2024-08-29,SKU1003,WH_WEST,3,21674.48,10.0,No,58521.1
505342,2024-08-29,SKU1014,WH_SOUTH,8,1248.44,0.0,No,9987.52
505351,2024-08-29,SKU1028,WH_WEST,5,716.34,0.0,No,3581.7
505341,2024-08-29,SKU1013,WH_SOUTH,9,2835.28,0.0,No,25517.52
505336,2024-08-29,SKU1000,WH_WEST,6,9457.32,0.0,Yes,56743.92
505347,2024-08-29,SKU1022,WH_SOUTH,7,278.9,0.0,No,1952.3
505344,2024-08-29,SKU1016,WH_WEST,9,497.81,0.0,No,4480.29
505358,2024-08-29,SKU1037,WH_SOUTH,21,2206.93,15.0,No,39393.7
505360,2024-08-30,SKU1001,WH_NORTH,3,19525.32,10.0,No,52718.36
505383,2024-08-30,SKU1039,WH_WEST,31,222.44,5.0,Yes,6550.86
505363,2024-08-30,SKU1007,WH_WEST,4,13190.2,0.0,No,52760.8
505359,2024-08-30,SKU1000,WH_NORTH,5,9457.32,5.0,No,44922.27
505370,2024-08-30,SKU1018,WH_NORTH,11,2038.19,5.0,No,21299.09
505362,2024-08-30,SKU1006,WH_WEST,4,4707.6,0.0,No,18830.4
505378,2024-08-30,SKU1028,WH_SOUTH,4,716.34,10.0,No,2578.82
505369,2024-08-30,SKU1017,WH_SOUTH,10,2741.56,10.0,No,24674.04
505379,2024-08-30,SKU1030,WH_SOUTH,14,2402.0,5.0,No,31946.6
505372,2024-08-30,SKU1020,WH_WEST,9,2359.13,10.0,No,19108.95
505361,2024-08-30,SKU1005,WH_WEST,4,23473.03,0.0,No,93892.12
505375,2024-08-30,SKU1023,WH_NORTH,6,1257.73,0.0,No,7546.38
505366,2024-08-30,SKU1013,WH_NORTH,8,2835.28,5.0,No,21548.13
505368,2024-08-30,SKU1016,WH_WEST,6,497.81,0.0,No,2986.86
505377,2024-08-30,SKU1026,WH_SOUTH,7,994.38,0.0,No,6960.66
505382,2024-08-30,SKU1036,WH_SOUTH,16,2919.38,10.0,No,42039.07
505371,2024-08-30,SKU1019,WH_WEST,10,1767.95,5.0,No,16795.52
505381,2024-08-30,SKU1032,WH_SOUTH,9,2757.64,0.0,No,24818.76
505380,2024-08-30,SKU1031,WH_WEST,19,2789.96,5.0,No,50358.78
505376,2024-08-30,SKU1024,WH_NORTH,8,1822.24,0.0,No,14577.92
505365,2024-08-30,SKU1009,WH_SOUTH,2,1309.64,0.0,No,2619.28
505367,2024-08-30,SKU1015,WH_WEST,6,808.05,10.0,No,4363.47
505374,2024-08-30,SKU1022,WH_NORTH,6,278.9,0.0,No,1673.4
505373,2024-08-30,SKU1021,WH_WEST,7,2700.26,0.0,No,18901.82
505364,2024-08-30,SKU1008,WH_NORTH,4,7387.04,15.0,No,25115.94
505384,2024-08-31,SKU1001,WH_SOUTH,9,19525.32,15.0,No,149368.7
505401,2024-08-31,SKU1023,WH_SOUTH,11,1257.73,0.0,No,13835.03
505394,2024-08-31,SKU1014,WH_NORTH,16,1248.44,0.0,No,19975.04
505385,2024-08-31,SKU1003,WH_SOUTH,6,21674.48,0.0,No,130046.88
505400,2024-08-31,SKU1022,WH_WEST,16,278.9,0.0,Yes,4462.4
505390,2024-08-31,SKU1010,WH_SOUTH,13,1240.02,0.0,No,16120.26
505389,2024-08-31,SKU1008,WH_WEST,8,7387.04,0.0,Yes,59096.32
505404,2024-08-31,SKU1034,WH_WEST,37,2229.38,0.0,No,82487.06
505402,2024-08-31,SKU1024,WH_SOUTH,11,1822.24,10.0,No,18040.18
505396,2024-08-31,SKU1016,WH_NORTH,14,497.81,0.0,No,6969.34
505403,2024-08-31,SKU1025,WH_WEST,8,1880.05,0.0,No,15040.4
505398,2024-08-31,SKU1020,WH_SOUTH,8,2359.13,5.0,No,17929.39
505386,2024-08-31,SKU1004,WH_SOUTH,7,661.52,10.0,No,4167.58
505395,2024-08-31,SKU1015,WH_SOUTH,10,808.05,0.0,No,8080.5
505399,2024-08-31,SKU1021,WH_SOUTH,9,2700.26,10.0,No,21872.11
505392,2024-08-31,SKU1012,WH_SOUTH,11,1433.92,0.0,No,15773.12
505388,2024-08-31,SKU1006,WH_SOUTH,5,4707.6,0.0,No,23538.0
505397,2024-08-31,SKU1019,WH_WEST,11,1767.95,0.0,No,19447.45
505405,2024-08-31,SKU1039,WH_NORTH,20,222.44,0.0,No,4448.8
505391,2024-08-31,SKU1011,WH_WEST,11,282.38,0.0,No,3106.18
505387,2024-08-31,SKU1005,WH_WEST,9,23473.03,0.0,No,211257.27
505393,2024-08-31,SKU1013,WH_SOUTH,20,2835.28,5.0,Yes,55217.08
505415,2024-09-01,SKU1019,WH_SOUTH,14,1767.95,5.0,No,23513.73
505425,2024-09-01,SKU1036,WH_SOUTH,24,2919.38,0.0,No,70065.12
505407,2024-09-01,SKU1001,WH_NORTH,6,19525.32,15.0,No,99579.13
505423,2024-09-01,SKU1033,WH_WEST,38,1093.06,10.0,Yes,37874.53
505406,2024-09-01,SKU1000,WH_SOUTH,8,9457.32,0.0,Yes,75658.56
505409,2024-09-01,SKU1004,WH_WEST,7,661.52,10.0,No,4167.58
505420,2024-09-01,SKU1026,WH_WEST,8,994.38,0.0,No,7955.04
505419,2024-09-01,SKU1025,WH_WEST,7,1880.05,15.0,No,11186.3
505412,2024-09-01,SKU1012,WH_WEST,11,1433.92,0.0,No,15773.12
505414,2024-09-01,SKU1016,WH_SOUTH,20,497.81,0.0,Yes,10205.1
505408,2024-09-01,SKU1003,WH_NORTH,3,21674.48,0.0,No,65023.44
505426,2024-09-01,SKU1038,WH_NORTH,23,1639.79,15.0,No,32057.89
505413,2024-09-01,SKU1013,WH_SOUTH,12,2835.28,10.0,No,30621.02
505410,2024-09-01,SKU1009,WH_WEST,2,1309.64,10.0,No,2357.35
505421,2024-09-01,SKU1027,WH_SOUTH,6,194.56,0.0,No,1167.36
505422,2024-09-01,SKU1028,WH_SOUTH,8,716.34,0.0,No,5730.72
505417,2024-09-01,SKU1023,WH_WEST,8,1257.73,20.0,No,8049.47
505424,2024-09-01,SKU1034,WH_NORTH,8,2229.38,15.0,No,15159.78
505427,2024-09-01,SKU1039,WH_WEST,27,222.44,0.0,No,6005.88
505418,2024-09-01,SKU1024,WH_SOUTH,7,1822.24,0.0,No,12755.68
505411,2024-09-01,SKU1010,WH_WEST,11,1240.02,0.0,No,13640.22
505416,2024-09-01,SKU1021,WH_SOUTH,7,2700.26,10.0,No,17011.64
505444,2024-09-02,SKU1034,WH_NORTH,13,2229.38,0.0,No,28981.94
505437,2024-09-02,SKU1023,WH_SOUTH,5,1257.73,15.0,No,5345.35
505445,2024-09-02,SKU1037,WH_SOUTH,17,2206.93,0.0,Yes,37517.81
505428,2024-09-02,SKU1001,WH_WEST,3,19525.32,0.0,No,58575.96
505442,2024-09-02,SKU1030,WH_NORTH,29,2402.0,0.0,Yes,69658.0
505430,2024-09-02,SKU1003,WH_WEST,4,21674.48,15.0,No,73693.23
505443,2024-09-02,SKU1032,WH_NORTH,17,2757.64,0.0,No,46879.88
505439,2024-09-02,SKU1026,WH_NORTH,9,994.38,5.0,No,8501.95
505431,2024-09-02,SKU1008,WH_NORTH,5,7387.04,0.0,No,36935.2
505432,2024-09-02,SKU1012,WH_WEST,7,1433.92,0.0,No,10037.44
505429,2024-09-02,SKU1002,WH_WEST,4,4026.46,15.0,No,13689.96
505434,2024-09-02,SKU1017,WH_NORTH,7,2741.56,5.0,No,18231.37
505441,2024-09-02,SKU1029,WH_WEST,7,716.7,5.0,No,4766.06
505433,2024-09-02,SKU1013,WH_WEST,9,2835.28,0.0,No,25517.52
505436,2024-09-02,SKU1022,WH_SOUTH,9,278.9,10.0,No,2259.09
505438,2024-09-02,SKU1024,WH_WEST,7,1822.24,0.0,No,12755.68
505435,2024-09-02,SKU1018,WH_SOUTH,16,2038.19,5.0,Yes,30980.49
505440,2024-09-02,SKU1027,WH_NORTH,10,194.56,15.0,No,1653.76
505459,2024-09-03,SKU1022,WH_WEST,8,278.9,0.0,No,2231.2
505462,2024-09-03,SKU1025,WH_NORTH,3,1880.05,0.0,No,5640.15
505454,2024-09-03,SKU1016,WH_WEST,11,497.81,10.0,No,4928.32
505455,2024-09-03,SKU1017,WH_WEST,6,2741.56,0.0,No,16449.36
505470,2024-09-03,SKU1039,WH_WEST,14,222.44,0.0,No,3114.16
505464,2024-09-03,SKU1029,WH_NORTH,6,716.7,0.0,No,4300.2
505467,2024-09-03,SKU1035,WH_NORTH,16,1749.54,0.0,No,27992.64
505469,2024-09-03,SKU1038,WH_SOUTH,24,1639.79,0.0,No,39354.96
505465,2024-09-03,SKU1033,WH_SOUTH,18,1093.06,0.0,No,19675.08
505457,2024-09-03,SKU1020,WH_WEST,5,2359.13,10.0,No,10616.08
505447,2024-09-03,SKU1005,WH_SOUTH,4,23473.03,0.0,No,93892.12
505456,2024-09-03,SKU1018,WH_SOUTH,8,2038.19,0.0,No,16305.52
505452,2024-09-03,SKU1014,WH_SOUTH,4,1248.44,0.0,No,4993.76
505463,2024-09-03,SKU1026,WH_SOUTH,7,994.38,0.0,No,6960.66
505468,2024-09-03,SKU1037,WH_SOUTH,12,2206.93,0.0,No,26483.16
505446,2024-09-03,SKU1000,WH_SOUTH,4,9457.32,0.0,No,37829.28
505449,2024-09-03,SKU1009,WH_SOUTH,5,1309.64,0.0,No,6548.2
505448,2024-09-03,SKU1008,WH_WEST,6,7387.04,0.0,No,44322.24
505466,2024-09-03,SKU1034,WH_SOUTH,29,2229.38,5.0,Yes,61419.42
505461,2024-09-03,SKU1024,WH_WEST,8,1822.24,0.0,No,14577.92
505450,2024-09-03,SKU1011,WH_NORTH,8,282.38,5.0,No,2146.09
505458,2024-09-03,SKU1021,WH_WEST,9,2700.26,15.0,No,20656.99
505460,2024-09-03,SKU1023,WH_SOUTH,6,1257.73,10.0,No,6791.74
505453,2024-09-03,SKU1015,WH_NORTH,9,808.05,0.0,No,7272.45
505451,2024-09-03,SKU1013,WH_SOUTH,9,2835.28,0.0,No,25517.52
505486,2024-09-04,SKU1026,WH_SOUTH,7,994.38,15.0,No,5916.56
505480,2024-09-04,SKU1015,WH_SOUTH,14,808.05,0.0,No,11312.7
505489,2024-09-04,SKU1031,WH_SOUTH,13,2789.96,5.0,No,34456.01
505476,2024-09-04,SKU1011,WH_NORTH,12,282.38,0.0,No,3388.56
505483,2024-09-04,SKU1022,WH_SOUTH,8,278.9,5.0,No,2119.64
505485,2024-09-04,SKU1024,WH_NORTH,4,1822.24,0.0,No,7288.96
505491,2024-09-04,SKU1034,WH_NORTH,13,2229.38,0.0,No,28981.94
505490,2024-09-04,SKU1032,WH_WEST,22,2757.64,0.0,Yes,60668.08
505474,2024-09-04,SKU1008,WH_SOUTH,6,7387.04,10.0,No,39890.02
505473,2024-09-04,SKU1006,WH_NORTH,8,4707.6,0.0,Yes,37660.8
505484,2024-09-04,SKU1023,WH_SOUTH,7,1257.73,0.0,No,8804.11
505478,2024-09-04,SKU1013,WH_WEST,11,2835.28,5.0,No,29628.68
505488,2024-09-04,SKU1029,WH_NORTH,5,716.7,15.0,No,3045.98
505487,2024-09-04,SKU1027,WH_SOUTH,6,194.56,10.0,No,1050.62
505495,2024-09-04,SKU1039,WH_NORTH,10,222.44,0.0,No,2224.4
505471,2024-09-04,SKU1000,WH_WEST,4,9457.32,0.0,No,37829.28
505481,2024-09-04,SKU1018,WH_NORTH,10,2038.19,0.0,No,20381.9
505482,2024-09-04,SKU1020,WH_NORTH,7,2359.13,0.0,No,16513.91
505472,2024-09-04,SKU1003,WH_WEST,7,21674.48,0.0,Yes,151721.36
505475,2024-09-04,SKU1009,WH_NORTH,3,1309.64,0.0,No,3928.92
505493,2024-09-04,SKU1037,WH_SOUTH,20,2206.93,10.0,No,39724.74
505492,2024-09-04,SKU1035,WH_WEST,12,1749.54,5.0,No,19944.76
505494,2024-09-04,SKU1038,WH_NORTH,13,1639.79,0.0,No,21317.27
505477,2024-09-04,SKU1012,WH_NORTH,8,1433.92,5.0,No,10897.79
505479,2024-09-04,SKU1014,WH_NORTH,8,1248.44,0.0,No,9987.52
505502,2024-09-05,SKU1006,WH_NORTH,3,4707.6,10.0,No,12710.52
505512,2024-09-05,SKU1029,WH_WEST,8,716.7,0.0,No,5733.6
505497,2024-09-05,SKU1001,WH_WEST,2,19525.32,0.0,No,39050.64
505513,2024-09-05,SKU1031,WH_NORTH,28,2789.96,5.0,Yes,74212.94
505516,2024-09-05,SKU1035,WH_NORTH,11,1749.54,0.0,No,19244.94
505498,2024-09-05,SKU1002,WH_NORTH,3,4026.46,5.0,No,11475.41
505506,2024-09-05,SKU1015,WH_SOUTH,11,808.05,15.0,No,7555.27
505504,2024-09-05,SKU1012,WH_WEST,10,1433.92,5.0,No,13622.24
505501,2024-09-05,SKU1005,WH_WEST,5,23473.03,10.0,No,105628.64
505515,2024-09-05,SKU1034,WH_SOUTH,23,2229.38,0.0,No,51275.74
505508,2024-09-05,SKU1019,WH_NORTH,8,1767.95,0.0,No,14143.6
505507,2024-09-05,SKU1017,WH_NORTH,8,2741.56,20.0,No,17545.98
505509,2024-09-05,SKU1023,WH_SOUTH,8,1257.73,15.0,No,8552.56
505510,2024-09-05,SKU1025,WH_WEST,6,1880.05,0.0,No,11280.3
505500,2024-09-05,SKU1004,WH_NORTH,3,661.52,0.0,No,1984.56
505518,2024-09-05,SKU1037,WH_SOUTH,17,2206.93,5.0,No,35641.92
505503,2024-09-05,SKU1010,WH_WEST,11,1240.02,0.0,No,13640.22
505517,2024-09-05,SKU1036,WH_SOUTH,23,2919.38,0.0,No,67145.74
505496,2024-09-05,SKU1000,WH_NORTH,2,9457.32,15.0,No,16077.44
505514,2024-09-05,SKU1032,WH_NORTH,25,2757.64,10.0,No,62046.9
505505,2024-09-05,SKU1014,WH_NORTH,9,1248.44,5.0,No,10674.16
505511,2024-09-05,SKU1026,WH_NORTH,3,994.38,0.0,No,2983.14
505499,2024-09-05,SKU1003,WH_SOUTH,5,21674.48,0.0,No,108372.4
505523,2024-09-06,SKU1008,WH_WEST,4,7387.04,0.0,No,29548.16
505532,2024-09-06,SKU1026,WH_WEST,8,994.38,20.0,No,6364.03
505521,2024-09-06,SKU1006,WH_SOUTH,3,4707.6,20.0,No,11298.24
505530,2024-09-06,SKU1021,WH_NORTH,4,2700.26,0.0,No,10801.04
505528,2024-09-06,SKU1016,WH_WEST,9,497.81,20.0,No,3584.23
505520,2024-09-06,SKU1003,WH_NORTH,2,21674.48,0.0,No,43348.96
505534,2024-09-06,SKU1029,WH_SOUTH,7,716.7,0.0,No,5016.9
505529,2024-09-06,SKU1017,WH_WEST,12,2741.56,10.0,No,29608.85
505526,2024-09-06,SKU1014,WH_SOUTH,6,1248.44,0.0,No,7490.64
505525,2024-09-06,SKU1011,WH_WEST,9,282.38,15.0,No,2160.21
505533,2024-09-06,SKU1028,WH_SOUTH,7,716.34,10.0,No,4512.94
505531,2024-09-06,SKU1025,WH_WEST,10,1880.05,10.0,No,16920.45
505539,2024-09-06,SKU1038,WH_SOUTH,11,1639.79,10.0,No,16233.92
505527,2024-09-06,SKU1015,WH_WEST,12,808.05,10.0,No,8726.94
505519,2024-09-06,SKU1000,WH_NORTH,4,9457.32,0.0,No,37829.28
505538,2024-09-06,SKU1037,WH_NORTH,25,2206.93,10.0,Yes,49655.92
505537,2024-09-06,SKU1034,WH_WEST,21,2229.38,20.0,No,37453.58
505535,2024-09-06,SKU1030,WH_SOUTH,4,2402.0,20.0,No,7686.4
505536,2024-09-06,SKU1033,WH_NORTH,10,1093.06,0.0,No,10930.6
505522,2024-09-06,SKU1007,WH_SOUTH,3,13190.2,0.0,No,39570.6
505524,2024-09-06,SKU1009,WH_NORTH,5,1309.64,15.0,No,5565.97
505562,2024-09-07,SKU1031,WH_WEST,17,2789.96,5.0,No,45057.85
505557,2024-09-07,SKU1024,WH_WEST,8,1822.24,0.0,No,14577.92
505560,2024-09-07,SKU1028,WH_SOUTH,8,716.34,20.0,No,4584.58
505540,2024-09-07,SKU1001,WH_WEST,3,19525.32,0.0,No,58575.96
505565,2024-09-07,SKU1037,WH_WEST,18,2206.93,10.0,No,35752.27
505544,2024-09-07,SKU1006,WH_NORTH,7,4707.6,0.0,No,32953.2
505555,2024-09-07,SKU1022,WH_SOUTH,10,278.9,15.0,No,2370.65
505564,2024-09-07,SKU1036,WH_SOUTH,33,2919.38,15.0,No,81888.61
505559,2024-09-07,SKU1026,WH_SOUTH,10,994.38,0.0,No,9943.8
505541,2024-09-07,SKU1002,WH_WEST,8,4026.46,10.0,Yes,28990.51
505553,2024-09-07,SKU1019,WH_NORTH,15,1767.95,0.0,No,26519.25
505546,2024-09-07,SKU1009,WH_NORTH,5,1309.64,0.0,No,6548.2
505543,2024-09-07,SKU1005,WH_WEST,4,23473.03,0.0,No,93892.12
505554,2024-09-07,SKU1021,WH_NORTH,9,2700.26,0.0,No,24302.34
505547,2024-09-07,SKU1010,WH_WEST,15,1240.02,0.0,No,18600.3
505551,2024-09-07,SKU1017,WH_NORTH,20,2741.56,0.0,No,56201.98
505561,2024-09-07,SKU1029,WH_SOUTH,4,716.7,0.0,No,2866.8
505542,2024-09-07,SKU1004,WH_WEST,4,661.52,0.0,No,2646.08
505566,2024-09-07,SKU1038,WH_NORTH,19,1639.79,5.0,No,29598.21
505552,2024-09-07,SKU1018,WH_WEST,9,2038.19,5.0,No,17426.52
505545,2024-09-07,SKU1007,WH_WEST,8,13190.2,10.0,No,94969.44
505548,2024-09-07,SKU1012,WH_SOUTH,14,1433.92,0.0,Yes,20074.88
505550,2024-09-07,SKU1016,WH_SOUTH,13,497.81,5.0,No,6147.95
505549,2024-09-07,SKU1014,WH_WEST,15,1248.44,10.0,No,16853.94
505556,2024-09-07,SKU1023,WH_SOUTH,6,1257.73,0.0,No,7546.38
505563,2024-09-07,SKU1035,WH_NORTH,30,1749.54,20.0,Yes,41988.96
505558,2024-09-07,SKU1025,WH_SOUTH,7,1880.05,5.0,No,12502.33
505568,2024-09-08,SKU1001,WH_WEST,5,19525.32,5.0,No,92745.27
505585,2024-09-08,SKU1030,WH_NORTH,19,2402.0,0.0,No,45638.0
505570,2024-09-08,SKU1003,WH_SOUTH,4,21674.48,0.0,No,86697.92
505587,2024-09-08,SKU1032,WH_SOUTH,16,2757.64,0.0,No,44122.24
505578,2024-09-08,SKU1018,WH_WEST,14,2038.19,10.0,No,25681.19
505583,2024-09-08,SKU1027,WH_WEST,4,194.56,15.0,No,661.5
505574,2024-09-08,SKU1011,WH_NORTH,10,282.38,15.0,No,2400.23
505577,2024-09-08,SKU1016,WH_NORTH,15,497.81,0.0,No,7467.15
505581,2024-09-08,SKU1025,WH_SOUTH,7,1880.05,20.0,No,10528.28
505589,2024-09-08,SKU1038,WH_WEST,24,1639.79,0.0,No,39354.96
505588,2024-09-08,SKU1036,WH_NORTH,20,2919.38,0.0,No,58387.6
505569,2024-09-08,SKU1002,WH_SOUTH,4,4026.46,15.0,No,13689.96
505571,2024-09-08,SKU1004,WH_SOUTH,6,661.52,0.0,No,3969.12
505567,2024-09-08,SKU1000,WH_SOUTH,3,9457.32,0.0,No,28371.96
505573,2024-09-08,SKU1010,WH_WEST,10,1240.02,5.0,No,11780.19
505575,2024-09-08,SKU1014,WH_WEST,11,1248.44,10.0,No,12359.56
505584,2024-09-08,SKU1028,WH_NORTH,11,716.34,0.0,Yes,7879.74
505576,2024-09-08,SKU1015,WH_SOUTH,15,808.05,20.0,No,9696.6
505582,2024-09-08,SKU1026,WH_SOUTH,6,994.38,0.0,No,5966.28
505580,2024-09-08,SKU1022,WH_NORTH,9,278.9,15.0,No,2133.58
505572,2024-09-08,SKU1008,WH_WEST,8,7387.04,0.0,Yes,59096.32
505579,2024-09-08,SKU1020,WH_SOUTH,12,2359.13,10.0,No,25478.6
505586,2024-09-08,SKU1031,WH_NORTH,9,2789.96,5.0,No,23854.16
505597,2024-09-09,SKU1012,WH_NORTH,7,1433.92,0.0,No,10037.44
505605,2024-09-09,SKU1028,WH_WEST,9,716.34,0.0,No,6447.06
505612,2024-09-09,SKU1039,WH_WEST,20,222.44,5.0,No,4226.36
505600,2024-09-09,SKU1017,WH_WEST,6,2741.56,0.0,No,16449.36
505606,2024-09-09,SKU1029,WH_SOUTH,8,716.7,10.0,No,5160.24
505602,2024-09-09,SKU1024,WH_SOUTH,7,1822.24,0.0,No,12755.68
505604,2024-09-09,SKU1026,WH_WEST,8,994.38,0.0,No,7955.04
505592,2024-09-09,SKU1005,WH_NORTH,4,23473.03,15.0,No,79808.3
505599,2024-09-09,SKU1016,WH_WEST,7,497.81,10.0,No,3136.2
505593,2024-09-09,SKU1007,WH_NORTH,4,13190.2,0.0,No,52760.8
505594,2024-09-09,SKU1009,WH_NORTH,3,1309.64,0.0,No,3928.92
505607,2024-09-09,SKU1030,WH_WEST,11,2402.0,0.0,No,26422.0
505590,2024-09-09,SKU1000,WH_NORTH,5,9457.32,0.0,No,47286.6
505596,2024-09-09,SKU1011,WH_SOUTH,10,282.38,10.0,No,2541.42
505609,2024-09-09,SKU1033,WH_SOUTH,14,1093.06,0.0,No,15302.84
505598,2024-09-09,SKU1014,WH_NORTH,8,1248.44,5.0,No,9488.14
505603,2024-09-09,SKU1025,WH_SOUTH,7,1880.05,5.0,No,12502.33
505601,2024-09-09,SKU1023,WH_WEST,6,1257.73,0.0,No,7546.38
505591,2024-09-09,SKU1001,WH_NORTH,3,19525.32,0.0,No,58575.96
505608,2024-09-09,SKU1031,WH_SOUTH,19,2789.96,0.0,No,53009.24
505610,2024-09-09,SKU1034,WH_WEST,18,2229.38,5.0,No,38122.4
505611,2024-09-09,SKU1038,WH_NORTH,17,1639.79,0.0,No,27876.43
505595,2024-09-09,SKU1010,WH_WEST,18,1240.02,0.0,Yes,22320.36
505632,2024-09-10,SKU1038,WH_NORTH,17,1639.79,15.0,No,23694.97
505619,2024-09-10,SKU1010,WH_SOUTH,10,1240.02,5.0,No,11780.19
505633,2024-09-10,SKU1039,WH_WEST,36,222.44,0.0,Yes,8007.84
505617,2024-09-10,SKU1005,WH_NORTH,5,23473.03,0.0,No,117365.15
505626,2024-09-10,SKU1025,WH_WEST,5,1880.05,0.0,No,9400.25
505630,2024-09-10,SKU1034,WH_SOUTH,19,2229.38,0.0,No,42358.22
505631,2024-09-10,SKU1037,WH_SOUTH,18,2206.93,0.0,No,39724.74
505616,2024-09-10,SKU1004,WH_NORTH,4,661.52,10.0,No,2381.47
505614,2024-09-10,SKU1001,WH_NORTH,4,19525.32,10.0,No,70291.15
505621,2024-09-10,SKU1014,WH_NORTH,7,1248.44,15.0,No,7428.22
505618,2024-09-10,SKU1009,WH_SOUTH,6,1309.64,5.0,No,7464.95
505620,2024-09-10,SKU1012,WH_SOUTH,5,1433.92,15.0,No,6094.16
505613,2024-09-10,SKU1000,WH_SOUTH,6,9457.32,0.0,Yes,56743.92
505622,2024-09-10,SKU1016,WH_SOUTH,10,497.81,0.0,No,4978.1
505627,2024-09-10,SKU1030,WH_SOUTH,16,2402.0,5.0,No,36510.4
505628,2024-09-10,SKU1032,WH_NORTH,23,2757.64,5.0,No,60254.43
505629,2024-09-10,SKU1033,WH_SOUTH,17,1093.06,5.0,No,17652.92
505624,2024-09-10,SKU1018,WH_SOUTH,7,2038.19,5.0,No,13553.96
505615,2024-09-10,SKU1002,WH_NORTH,4,4026.46,5.0,No,15300.55
505623,2024-09-10,SKU1017,WH_WEST,11,2741.56,0.0,No,30157.16
505625,2024-09-10,SKU1023,WH_WEST,6,1257.73,0.0,No,7546.38
505643,2024-09-11,SKU1020,WH_NORTH,4,2359.13,15.0,No,8021.04
505642,2024-09-11,SKU1018,WH_WEST,9,2038.19,0.0,No,18343.71
505648,2024-09-11,SKU1034,WH_NORTH,17,2229.38,10.0,No,34109.51
505644,2024-09-11,SKU1027,WH_WEST,6,194.56,15.0,No,992.26
505639,2024-09-11,SKU1015,WH_SOUTH,8,808.05,15.0,No,5494.74
505645,2024-09-11,SKU1028,WH_WEST,4,716.34,0.0,No,2865.36
505646,2024-09-11,SKU1029,WH_WEST,8,716.7,0.0,No,5733.6
505647,2024-09-11,SKU1030,WH_NORTH,24,2402.0,0.0,Yes,57648.0
505641,2024-09-11,SKU1017,WH_WEST,8,2741.56,0.0,No,21932.48
505636,2024-09-11,SKU1005,WH_SOUTH,4,23473.03,0.0,No,93892.12
505634,2024-09-11,SKU1002,WH_WEST,5,4026.46,0.0,No,20132.3
505640,2024-09-11,SKU1016,WH_WEST,10,497.81,0.0,No,4978.1
505649,2024-09-11,SKU1038,WH_NORTH,13,1639.79,0.0,No,21317.27
505635,2024-09-11,SKU1003,WH_NORTH,6,21674.48,5.0,No,123544.54
505637,2024-09-11,SKU1009,WH_WEST,4,1309.64,10.0,Yes,4714.7
505638,2024-09-11,SKU1013,WH_WEST,15,2835.28,10.0,Yes,38276.28
505661,2024-09-12,SKU1022,WH_NORTH,10,278.9,0.0,No,2789.0
505658,2024-09-12,SKU1016,WH_SOUTH,9,497.81,0.0,No,4480.29
505650,2024-09-12,SKU1001,WH_WEST,4,19525.32,20.0,No,62481.02
505656,2024-09-12,SKU1011,WH_NORTH,14,282.38,10.0,No,3557.99
505654,2024-09-12,SKU1008,WH_SOUTH,1,7387.04,10.0,No,6648.34
505665,2024-09-12,SKU1039,WH_NORTH,20,222.44,0.0,No,4448.8
505662,2024-09-12,SKU1026,WH_WEST,10,994.38,0.0,No,9943.8
505653,2024-09-12,SKU1004,WH_WEST,4,661.52,0.0,No,2646.08
505652,2024-09-12,SKU1003,WH_WEST,7,21674.48,10.0,No,136549.22
505657,2024-09-12,SKU1012,WH_SOUTH,6,1433.92,15.0,No,7312.99
505664,2024-09-12,SKU1036,WH_SOUTH,16,2919.38,20.0,No,37368.06
505660,2024-09-12,SKU1020,WH_SOUTH,5,2359.13,0.0,No,11795.65
505655,2024-09-12,SKU1010,WH_NORTH,8,1240.02,0.0,No,9920.16
505663,2024-09-12,SKU1032,WH_NORTH,19,2757.64,0.0,No,52395.16
505651,2024-09-12,SKU1002,WH_WEST,5,4026.46,0.0,No,20132.3
505659,2024-09-12,SKU1019,WH_NORTH,6,1767.95,10.0,No,9546.93
505681,2024-09-13,SKU1030,WH_SOUTH,24,2402.0,15.0,No,49000.8
505675,2024-09-13,SKU1022,WH_WEST,6,278.9,5.0,No,1589.73
505680,2024-09-13,SKU1029,WH_WEST,10,716.7,0.0,Yes,7167.0
505672,2024-09-13,SKU1017,WH_SOUTH,8,2741.56,0.0,No,21932.48
505678,2024-09-13,SKU1025,WH_WEST,5,1880.05,0.0,No,9400.25
505686,2024-09-13,SKU1037,WH_NORTH,16,2206.93,0.0,No,35310.88
505668,2024-09-13,SKU1005,WH_NORTH,3,23473.03,0.0,No,70419.09
505685,2024-09-13,SKU1036,WH_NORTH,20,2919.38,0.0,No,58387.6
505682,2024-09-13,SKU1032,WH_NORTH,6,2757.64,0.0,No,16545.84
505688,2024-09-13,SKU1039,WH_NORTH,17,222.44,20.0,No,3025.18
505673,2024-09-13,SKU1018,WH_WEST,11,2038.19,0.0,No,22420.09
505687,2024-09-13,SKU1038,WH_SOUTH,10,1639.79,0.0,No,16397.9
505674,2024-09-13,SKU1019,WH_SOUTH,7,1767.95,0.0,No,12375.65
505669,2024-09-13,SKU1007,WH_NORTH,5,13190.2,0.0,No,65951.0
505667,2024-09-13,SKU1002,WH_WEST,3,4026.46,0.0,No,12079.38
505676,2024-09-13,SKU1023,WH_NORTH,6,1257.73,10.0,No,6791.74
505677,2024-09-13,SKU1024,WH_SOUTH,11,1822.24,10.0,Yes,18040.18
505684,2024-09-13,SKU1035,WH_SOUTH,17,1749.54,10.0,No,26767.96
505683,2024-09-13,SKU1034,WH_NORTH,24,2229.38,0.0,No,53505.12
505666,2024-09-13,SKU1001,WH_WEST,4,19525.32,10.0,No,70291.15
505670,2024-09-13,SKU1011,WH_WEST,11,282.38,10.0,No,2795.56
505671,2024-09-13,SKU1012,WH_WEST,9,1433.92,0.0,No,12905.28
505679,2024-09-13,SKU1028,WH_WEST,6,716.34,0.0,No,4298.04
505703,2024-09-14,SKU1030,WH_NORTH,18,2402.0,20.0,No,34588.8
505698,2024-09-14,SKU1020,WH_WEST,7,2359.13,10.0,No,14862.52
505694,2024-09-14,SKU1011,WH_WEST,9,282.38,0.0,No,2541.42
505706,2024-09-14,SKU1033,WH_SOUTH,32,1093.06,0.0,No,34977.92
505702,2024-09-14,SKU1027,WH_WEST,12,194.56,15.0,No,1984.51
505701,2024-09-14,SKU1023,WH_WEST,10,1257.73,15.0,No,10690.7
505692,2024-09-14,SKU1009,WH_NORTH,8,1309.64,0.0,Yes,10477.12
505690,2024-09-14,SKU1005,WH_WEST,6,23473.03,0.0,No,140838.18
505707,2024-09-14,SKU1034,WH_SOUTH,21,2229.38,0.0,No,46816.98
505697,2024-09-14,SKU1018,WH_SOUTH,14,2038.19,10.0,No,25681.19
505696,2024-09-14,SKU1014,WH_SOUTH,12,1248.44,0.0,No,14981.28
505695,2024-09-14,SKU1013,WH_SOUTH,13,2835.28,20.0,No,29486.91
505709,2024-09-14,SKU1036,WH_WEST,30,2919.38,0.0,Yes,87581.4
505699,2024-09-14,SKU1021,WH_NORTH,11,2700.26,5.0,Yes,28217.72
505708,2024-09-14,SKU1035,WH_NORTH,19,1749.54,10.0,No,29917.13
505691,2024-09-14,SKU1007,WH_NORTH,5,13190.2,0.0,No,65951.0
505700,2024-09-14,SKU1022,WH_SOUTH,8,278.9,0.0,No,2231.2
505693,2024-09-14,SKU1010,WH_NORTH,12,1240.02,10.0,No,13392.22
505704,2024-09-14,SKU1031,WH_SOUTH,22,2789.96,15.0,No,52172.25
505689,2024-09-14,SKU1001,WH_WEST,7,19525.32,0.0,No,136677.24
505705,2024-09-14,SKU1032,WH_SOUTH,15,2757.64,5.0,No,39296.37
505710,2024-09-14,SKU1038,WH_WEST,19,1639.79,10.0,No,28040.41
505722,2024-09-15,SKU1023,WH_WEST,10,1257.73,0.0,No,12577.3
505711,2024-09-15,SKU1000,WH_NORTH,7,9457.32,0.0,No,66201.24
505715,2024-09-15,SKU1007,WH_SOUTH,4,13190.2,0.0,No,52760.8
505720,2024-09-15,SKU1017,WH_SOUTH,14,2741.56,15.0,No,32624.56
505716,2024-09-15,SKU1008,WH_NORTH,5,7387.04,0.0,No,36935.2
505717,2024-09-15,SKU1009,WH_NORTH,9,1309.64,15.0,No,10018.75
505712,2024-09-15,SKU1001,WH_NORTH,4,19525.32,10.0,No,70291.15
505724,2024-09-15,SKU1025,WH_WEST,7,1880.05,10.0,No,11844.32
505727,2024-09-15,SKU1035,WH_NORTH,24,1749.54,10.0,No,37790.06
505719,2024-09-15,SKU1013,WH_WEST,12,2835.28,0.0,No,34023.36
505725,2024-09-15,SKU1027,WH_WEST,8,194.56,10.0,No,1400.83
505723,2024-09-15,SKU1024,WH_WEST,9,1822.24,0.0,No,16400.16
505721,2024-09-15,SKU1021,WH_SOUTH,8,2700.26,0.0,No,21602.08
505713,2024-09-15,SKU1004,WH_NORTH,9,661.52,0.0,Yes,5953.68
505718,2024-09-15,SKU1011,WH_WEST,14,282.38,0.0,No,3953.32
505726,2024-09-15,SKU1033,WH_SOUTH,18,1093.06,0.0,No,19675.08
505728,2024-09-15,SKU1038,WH_SOUTH,16,1639.79,5.0,No,24924.81
505714,2024-09-15,SKU1006,WH_WEST,6,4707.6,0.0,No,28245.6
505734,2024-09-16,SKU1013,WH_NORTH,12,2835.28,0.0,No,34023.36
505738,2024-09-16,SKU1023,WH_WEST,5,1257.73,0.0,No,6288.65
505731,2024-09-16,SKU1004,WH_WEST,3,661.52,0.0,No,1984.56
505739,2024-09-16,SKU1024,WH_NORTH,7,1822.24,0.0,No,12755.68
505729,2024-09-16,SKU1002,WH_SOUTH,2,4026.46,0.0,No,8052.92
505735,2024-09-16,SKU1018,WH_WEST,10,2038.19,15.0,No,17324.62
505747,2024-09-16,SKU1036,WH_SOUTH,19,2919.38,0.0,No,55468.22
505730,2024-09-16,SKU1003,WH_SOUTH,3,21674.48,5.0,No,61772.27
505744,2024-09-16,SKU1031,WH_WEST,38,2789.96,5.0,Yes,102042.79
505746,2024-09-16,SKU1034,WH_WEST,11,2229.38,0.0,No,24523.18
505737,2024-09-16,SKU1022,WH_SOUTH,4,278.9,0.0,No,1115.6
505741,2024-09-16,SKU1027,WH_SOUTH,5,194.56,20.0,No,778.24
505733,2024-09-16,SKU1006,WH_NORTH,4,4707.6,20.0,No,15064.32
505742,2024-09-16,SKU1028,WH_SOUTH,8,716.34,15.0,No,4871.11
505740,2024-09-16,SKU1025,WH_SOUTH,6,1880.05,5.0,No,10716.28
505743,2024-09-16,SKU1030,WH_WEST,23,2402.0,0.0,No,55246.0
505748,2024-09-16,SKU1037,WH_SOUTH,23,2206.93,0.0,No,50759.39
505736,2024-09-16,SKU1019,WH_WEST,12,1767.95,10.0,Yes,19093.86
505732,2024-09-16,SKU1005,WH_SOUTH,4,23473.03,5.0,No,89197.51
505749,2024-09-16,SKU1039,WH_WEST,18,222.44,5.0,No,3803.72
505745,2024-09-16,SKU1033,WH_WEST,21,1093.06,15.0,No,19511.12
505773,2024-09-17,SKU1039,WH_NORTH,23,222.44,0.0,No,5116.12
505760,2024-09-17,SKU1016,WH_NORTH,10,497.81,0.0,No,4978.1
505768,2024-09-17,SKU1029,WH_NORTH,8,716.7,15.0,No,4873.56
505750,2024-09-17,SKU1001,WH_WEST,2,19525.32,15.0,No,33193.04
505771,2024-09-17,SKU1036,WH_WEST,16,2919.38,0.0,No,46710.08
505759,2024-09-17,SKU1015,WH_SOUTH,6,808.05,0.0,No,4848.3
505754,2024-09-17,SKU1007,WH_NORTH,4,13190.2,10.0,No,47484.72
505752,2024-09-17,SKU1005,WH_NORTH,3,23473.03,15.0,No,59856.23
505769,2024-09-17,SKU1030,WH_SOUTH,23,2402.0,0.0,No,55246.0
505766,2024-09-17,SKU1025,WH_WEST,7,1880.05,0.0,No,13160.35
505751,2024-09-17,SKU1002,WH_WEST,5,4026.46,20.0,No,16105.84
505753,2024-09-17,SKU1006,WH_WEST,3,4707.6,0.0,No,14122.8
505770,2024-09-17,SKU1034,WH_WEST,18,2229.38,15.0,No,34109.51
505757,2024-09-17,SKU1013,WH_NORTH,8,2835.28,20.0,No,18145.79
505762,2024-09-17,SKU1020,WH_WEST,4,2359.13,5.0,No,8964.69
505756,2024-09-17,SKU1011,WH_WEST,4,282.38,0.0,No,1129.52
505755,2024-09-17,SKU1010,WH_NORTH,13,1240.02,0.0,No,16120.26
505763,2024-09-17,SKU1022,WH_WEST,8,278.9,0.0,No,2231.2
505772,2024-09-17,SKU1038,WH_NORTH,16,1639.79,20.0,No,20989.31
505765,2024-09-17,SKU1024,WH_WEST,8,1822.24,0.0,No,14577.92
505767,2024-09-17,SKU1026,WH_NORTH,7,994.38,15.0,No,5916.56
505764,2024-09-17,SKU1023,WH_WEST,9,1257.73,0.0,No,11319.57
505758,2024-09-17,SKU1014,WH_NORTH,12,1248.44,20.0,No,11985.02
505761,2024-09-17,SKU1019,WH_SOUTH,10,1767.95,0.0,No,17679.5
505775,2024-09-18,SKU1001,WH_WEST,4,19525.32,15.0,No,66386.09
505778,2024-09-18,SKU1010,WH_SOUTH,11,1240.02,10.0,No,12276.2
505780,2024-09-18,SKU1016,WH_WEST,8,497.81,20.0,No,3185.98
505776,2024-09-18,SKU1003,WH_SOUTH,1,21674.48,0.0,No,21674.48
505786,2024-09-18,SKU1028,WH_SOUTH,3,716.34,5.0,No,2041.57
505781,2024-09-18,SKU1017,WH_NORTH,6,2741.56,0.0,No,16449.36
505787,2024-09-18,SKU1034,WH_WEST,18,2229.38,20.0,No,32103.07
505788,2024-09-18,SKU1036,WH_NORTH,38,2919.38,5.0,Yes,106776.32
505779,2024-09-18,SKU1013,WH_SOUTH,10,2835.28,0.0,No,28352.8
505784,2024-09-18,SKU1024,WH_NORTH,7,1822.24,0.0,No,12755.68
505774,2024-09-18,SKU1000,WH_WEST,2,9457.32,0.0,No,18914.64
505789,2024-09-18,SKU1037,WH_NORTH,21,2206.93,0.0,No,46345.53
505785,2024-09-18,SKU1027,WH_WEST,13,194.56,10.0,Yes,2276.35
505783,2024-09-18,SKU1019,WH_WEST,6,1767.95,0.0,No,10607.7
505777,2024-09-18,SKU1006,WH_NORTH,4,4707.6,5.0,No,17888.88
505782,2024-09-18,SKU1018,WH_NORTH,9,2038.19,0.0,Yes,18343.71
505806,2024-09-19,SKU1030,WH_NORTH,17,2402.0,15.0,No,34708.9
505795,2024-09-19,SKU1010,WH_WEST,9,1240.02,0.0,No,11160.18
505800,2024-09-19,SKU1023,WH_NORTH,4,1257.73,5.0,Yes,4779.37
505807,2024-09-19,SKU1034,WH_SOUTH,15,2229.38,0.0,No,33440.7
505793,2024-09-19,SKU1007,WH_WEST,3,13190.2,0.0,No,39570.6
505794,2024-09-19,SKU1009,WH_WEST,5,1309.64,5.0,No,6220.79
505803,2024-09-19,SKU1026,WH_NORTH,9,994.38,10.0,No,8054.48
505809,2024-09-19,SKU1037,WH_SOUTH,11,2206.93,20.0,No,19420.98
505791,2024-09-19,SKU1002,WH_WEST,6,4026.46,15.0,No,20534.95
505796,2024-09-19,SKU1013,WH_WEST,7,2835.28,5.0,No,18854.61
505802,2024-09-19,SKU1025,WH_SOUTH,5,1880.05,5.0,No,8930.24
505797,2024-09-19,SKU1017,WH_NORTH,7,2741.56,0.0,No,19190.92
505804,2024-09-19,SKU1028,WH_NORTH,5,716.34,5.0,No,3402.62
505792,2024-09-19,SKU1003,WH_SOUTH,3,21674.48,0.0,Yes,65023.44
505790,2024-09-19,SKU1000,WH_NORTH,5,9457.32,10.0,No,42557.94
505808,2024-09-19,SKU1036,WH_SOUTH,18,2919.38,0.0,No,52548.84
505799,2024-09-19,SKU1022,WH_WEST,6,278.9,20.0,No,1338.72
505810,2024-09-19,SKU1038,WH_SOUTH,17,1639.79,0.0,No,27876.43
505798,2024-09-19,SKU1018,WH_WEST,9,2038.19,0.0,No,18343.71
505801,2024-09-19,SKU1024,WH_SOUTH,7,1822.24,5.0,No,12117.9
505805,2024-09-19,SKU1029,WH_WEST,8,716.7,15.0,No,4873.56
505829,2024-09-20,SKU1034,WH_NORTH,32,2229.38,0.0,No,71340.16
505832,2024-09-20,SKU1038,WH_NORTH,22,1639.79,0.0,No,36075.38
505813,2024-09-20,SKU1002,WH_WEST,4,4026.46,0.0,No,16105.84
505812,2024-09-20,SKU1001,WH_WEST,3,19525.32,0.0,No,58575.96
505817,2024-09-20,SKU1010,WH_NORTH,16,1240.02,0.0,Yes,19840.32
505821,2024-09-20,SKU1022,WH_SOUTH,5,278.9,0.0,No,1394.5
505826,2024-09-20,SKU1029,WH_NORTH,6,716.7,0.0,No,4300.2
505815,2024-09-20,SKU1005,WH_NORTH,4,23473.03,0.0,No,93892.12
505831,2024-09-20,SKU1037,WH_SOUTH,28,2206.93,0.0,Yes,61794.04
505824,2024-09-20,SKU1026,WH_NORTH,6,994.38,0.0,No,5966.28
505811,2024-09-20,SKU1000,WH_SOUTH,9,9457.32,0.0,Yes,85115.88
505823,2024-09-20,SKU1025,WH_WEST,6,1880.05,0.0,No,11280.3
505822,2024-09-20,SKU1023,WH_WEST,8,1257.73,0.0,No,10061.84
505818,2024-09-20,SKU1014,WH_NORTH,14,1248.44,0.0,No,17478.16
505820,2024-09-20,SKU1019,WH_NORTH,12,1767.95,0.0,Yes,21215.4
505814,2024-09-20,SKU1003,WH_SOUTH,5,21674.48,0.0,No,108372.4
505828,2024-09-20,SKU1032,WH_SOUTH,20,2757.64,15.0,No,46879.88
505827,2024-09-20,SKU1031,WH_WEST,13,2789.96,10.0,No,32642.53
505825,2024-09-20,SKU1028,WH_WEST,3,716.34,10.0,No,1934.12
505819,2024-09-20,SKU1018,WH_NORTH,8,2038.19,0.0,No,16305.52
505833,2024-09-20,SKU1039,WH_WEST,23,222.44,5.0,No,4860.31
505816,2024-09-20,SKU1009,WH_WEST,6,1309.64,0.0,No,7857.84
505830,2024-09-20,SKU1035,WH_NORTH,23,1749.54,0.0,No,40239.42
505846,2024-09-21,SKU1021,WH_NORTH,10,2700.26,10.0,Yes,24302.34
505853,2024-09-21,SKU1034,WH_WEST,18,2229.38,15.0,No,34109.51
505836,2024-09-21,SKU1003,WH_NORTH,8,21674.48,20.0,No,138716.67
505857,2024-09-21,SKU1039,WH_WEST,22,222.44,5.0,No,4649.0
505841,2024-09-21,SKU1013,WH_NORTH,8,2835.28,5.0,No,21548.13
505848,2024-09-21,SKU1025,WH_SOUTH,8,1880.05,0.0,No,15040.4
505855,2024-09-21,SKU1037,WH_SOUTH,29,2206.93,20.0,No,51200.78
505851,2024-09-21,SKU1030,WH_NORTH,24,2402.0,0.0,Yes,57648.0
505856,2024-09-21,SKU1038,WH_WEST,17,1639.79,0.0,No,27876.43
505839,2024-09-21,SKU1011,WH_SOUTH,4,282.38,20.0,No,903.62
505845,2024-09-21,SKU1019,WH_NORTH,10,1767.95,5.0,No,16795.52
505849,2024-09-21,SKU1027,WH_WEST,16,194.56,15.0,Yes,2646.02
505854,2024-09-21,SKU1036,WH_WEST,32,2919.38,0.0,Yes,93420.16
505842,2024-09-21,SKU1014,WH_NORTH,12,1248.44,0.0,No,14981.28
505844,2024-09-21,SKU1016,WH_SOUTH,12,497.81,20.0,No,4778.98
505843,2024-09-21,SKU1015,WH_SOUTH,11,808.05,10.0,No,7999.7
505837,2024-09-21,SKU1008,WH_WEST,6,7387.04,5.0,No,42106.13
505847,2024-09-21,SKU1022,WH_SOUTH,7,278.9,0.0,No,1952.3
505838,2024-09-21,SKU1009,WH_WEST,6,1309.64,0.0,No,7857.84
505834,2024-09-21,SKU1000,WH_SOUTH,5,9457.32,20.0,No,37829.28
505835,2024-09-21,SKU1001,WH_SOUTH,3,19525.32,0.0,No,58575.96
505850,2024-09-21,SKU1028,WH_NORTH,12,716.34,0.0,No,8596.08
505852,2024-09-21,SKU1031,WH_WEST,29,2789.96,0.0,No,80908.84
505840,2024-09-21,SKU1012,WH_SOUTH,11,1433.92,0.0,No,15773.12
505858,2024-09-22,SKU1000,WH_WEST,7,9457.32,10.0,No,59581.12
505863,2024-09-22,SKU1011,WH_WEST,12,282.38,15.0,No,2880.28
505870,2024-09-22,SKU1029,WH_NORTH,6,716.7,20.0,Yes,3440.16
505874,2024-09-22,SKU1036,WH_WEST,21,2919.38,5.0,No,58241.63
505865,2024-09-22,SKU1019,WH_SOUTH,11,1767.95,0.0,No,19447.45
505864,2024-09-22,SKU1014,WH_NORTH,12,1248.44,0.0,No,14981.28
505862,2024-09-22,SKU1009,WH_NORTH,7,1309.64,0.0,No,9167.48
505873,2024-09-22,SKU1034,WH_WEST,27,2229.38,0.0,Yes,60193.26
505866,2024-09-22,SKU1021,WH_NORTH,9,2700.26,10.0,No,21872.11
505872,2024-09-22,SKU1032,WH_SOUTH,30,2757.64,0.0,No,82729.2
505869,2024-09-22,SKU1028,WH_SOUTH,6,716.34,15.0,No,3653.33
505876,2024-09-22,SKU1038,WH_WEST,16,1639.79,0.0,No,26236.64
505859,2024-09-22,SKU1001,WH_SOUTH,7,19525.32,0.0,No,136677.24
505861,2024-09-22,SKU1008,WH_WEST,5,7387.04,10.0,No,33241.68
505868,2024-09-22,SKU1025,WH_WEST,10,1880.05,5.0,No,17860.47
505860,2024-09-22,SKU1004,WH_WEST,5,661.52,0.0,No,3307.6
505875,2024-09-22,SKU1037,WH_SOUTH,17,2206.93,5.0,No,35641.92
505871,2024-09-22,SKU1030,WH_WEST,25,2402.0,0.0,No,60050.0
505877,2024-09-22,SKU1039,WH_NORTH,20,222.44,0.0,No,4448.8
505867,2024-09-22,SKU1022,WH_WEST,12,278.9,0.0,Yes,3346.8
505894,2024-09-23,SKU1027,WH_SOUTH,11,194.56,20.0,No,1712.13
505884,2024-09-23,SKU1011,WH_SOUTH,5,282.38,15.0,No,1200.12
505885,2024-09-23,SKU1012,WH_NORTH,9,1433.92,5.0,No,12260.02
505879,2024-09-23,SKU1001,WH_WEST,3,19525.32,0.0,No,58575.96
505882,2024-09-23,SKU1007,WH_SOUTH,5,13190.2,5.0,No,62653.45
505883,2024-09-23,SKU1008,WH_SOUTH,4,7387.04,0.0,No,29548.16
505881,2024-09-23,SKU1006,WH_SOUTH,5,4707.6,5.0,No,22361.1
505902,2024-09-23,SKU1038,WH_SOUTH,19,1639.79,5.0,No,29598.21
505889,2024-09-23,SKU1019,WH_WEST,6,1767.95,10.0,No,9546.93
505880,2024-09-23,SKU1005,WH_SOUTH,5,23473.03,0.0,No,117365.15
505895,2024-09-23,SKU1029,WH_NORTH,6,716.7,0.0,No,4300.2
505898,2024-09-23,SKU1033,WH_SOUTH,21,1093.06,10.0,No,20658.83
505887,2024-09-23,SKU1017,WH_NORTH,9,2741.56,0.0,No,24674.04
505893,2024-09-23,SKU1024,WH_SOUTH,5,1822.24,0.0,No,9111.2
505901,2024-09-23,SKU1036,WH_WEST,12,2919.38,0.0,No,35032.56
505903,2024-09-23,SKU1039,WH_NORTH,23,222.44,0.0,No,5116.12
505892,2024-09-23,SKU1022,WH_SOUTH,8,278.9,0.0,No,2231.2
505891,2024-09-23,SKU1021,WH_WEST,6,2700.26,20.0,No,12961.25
505888,2024-09-23,SKU1018,WH_SOUTH,9,2038.19,0.0,No,18343.71
505899,2024-09-23,SKU1034,WH_WEST,13,2229.38,0.0,No,28981.94
505900,2024-09-23,SKU1035,WH_WEST,22,1749.54,10.0,No,34640.89
505878,2024-09-23,SKU1000,WH_NORTH,6,9457.32,0.0,Yes,56743.92
505886,2024-09-23,SKU1016,WH_SOUTH,9,497.81,15.0,No,3808.25
505890,2024-09-23,SKU1020,WH_SOUTH,16,2359.13,10.0,No,33971.47
505896,2024-09-23,SKU1031,WH_WEST,17,2789.96,0.0,No,47429.32
505897,2024-09-23,SKU1032,WH_SOUTH,17,2757.64,10.0,No,42191.89
505912,2024-09-24,SKU1015,WH_WEST,7,808.05,15.0,No,4807.9
505926,2024-09-24,SKU1031,WH_SOUTH,22,2789.96,15.0,No,52172.25
505911,2024-09-24,SKU1012,WH_WEST,14,1433.92,5.0,Yes,19071.14
505929,2024-09-24,SKU1034,WH_SOUTH,29,2229.38,5.0,No,61419.42
505924,2024-09-24,SKU1029,WH_NORTH,7,716.7,15.0,No,4264.37
505925,2024-09-24,SKU1030,WH_NORTH,16,2402.0,0.0,No,38432.0
505928,2024-09-24,SKU1033,WH_SOUTH,29,1093.06,0.0,Yes,31698.74
505913,2024-09-24,SKU1016,WH_NORTH,9,497.81,0.0,No,4480.29
505904,2024-09-24,SKU1000,WH_SOUTH,4,9457.32,0.0,No,37829.28
505916,2024-09-24,SKU1019,WH_WEST,8,1767.95,20.0,No,11314.88
505922,2024-09-24,SKU1025,WH_NORTH,5,1880.05,5.0,Yes,8930.24
505915,2024-09-24,SKU1018,WH_NORTH,9,2038.19,10.0,No,16509.34
505927,2024-09-24,SKU1032,WH_SOUTH,11,2757.64,0.0,No,30334.04
505910,2024-09-24,SKU1007,WH_WEST,3,13190.2,0.0,No,39570.6
505930,2024-09-24,SKU1037,WH_NORTH,21,2206.93,15.0,No,39393.7
505923,2024-09-24,SKU1028,WH_WEST,8,716.34,0.0,No,5730.72
505906,2024-09-24,SKU1002,WH_WEST,5,4026.46,15.0,No,17112.45
505914,2024-09-24,SKU1017,WH_SOUTH,8,2741.56,20.0,No,17545.98
505917,2024-09-24,SKU1020,WH_NORTH,13,2359.13,15.0,Yes,26068.39
505909,2024-09-24,SKU1006,WH_NORTH,4,4707.6,20.0,No,15064.32
505905,2024-09-24,SKU1001,WH_SOUTH,4,19525.32,10.0,No,70291.15
505920,2024-09-24,SKU1023,WH_SOUTH,8,1257.73,5.0,No,9558.75
505931,2024-09-24,SKU1038,WH_SOUTH,17,1639.79,0.0,No,27876.43
505908,2024-09-24,SKU1004,WH_NORTH,3,661.52,10.0,No,1786.1
505919,2024-09-24,SKU1022,WH_NORTH,5,278.9,10.0,No,1255.05
505918,2024-09-24,SKU1021,WH_NORTH,8,2700.26,5.0,No,20521.98
505907,2024-09-24,SKU1003,WH_SOUTH,3,21674.48,0.0,No,65023.44
505921,2024-09-24,SKU1024,WH_NORTH,6,1822.24,0.0,No,10933.44
505953,2024-09-25,SKU1034,WH_SOUTH,17,2229.38,0.0,No,37899.46
505936,2024-09-25,SKU1006,WH_WEST,8,4707.6,0.0,Yes,37660.8
505957,2024-09-25,SKU1039,WH_NORTH,20,222.44,0.0,No,4448.8
505935,2024-09-25,SKU1005,WH_SOUTH,3,23473.03,15.0,No,59856.23
505938,2024-09-25,SKU1008,WH_WEST,4,7387.04,5.0,No,28070.75
505950,2024-09-25,SKU1027,WH_SOUTH,7,194.56,0.0,No,1361.92
505954,2024-09-25,SKU1036,WH_SOUTH,23,2919.38,0.0,No,67145.74
505942,2024-09-25,SKU1016,WH_SOUTH,9,497.81,0.0,No,4480.29
505949,2024-09-25,SKU1026,WH_SOUTH,1,994.38,0.0,No,994.38
505956,2024-09-25,SKU1038,WH_NORTH,17,1639.79,0.0,No,27876.43
505947,2024-09-25,SKU1022,WH_NORTH,6,278.9,10.0,No,1506.06
505932,2024-09-25,SKU1001,WH_SOUTH,5,19525.32,0.0,No,97626.6
505934,2024-09-25,SKU1003,WH_NORTH,5,21674.48,10.0,No,97535.16
505955,2024-09-25,SKU1037,WH_WEST,18,2206.93,20.0,No,31779.79
505937,2024-09-25,SKU1007,WH_WEST,4,13190.2,15.0,No,44846.68
505945,2024-09-25,SKU1020,WH_SOUTH,6,2359.13,0.0,No,14154.78
505946,2024-09-25,SKU1021,WH_WEST,6,2700.26,10.0,No,14581.4
505951,2024-09-25,SKU1029,WH_WEST,7,716.7,10.0,No,4515.21
505933,2024-09-25,SKU1002,WH_NORTH,3,4026.46,0.0,No,12079.38
505941,2024-09-25,SKU1015,WH_NORTH,8,808.05,15.0,No,5494.74
505944,2024-09-25,SKU1019,WH_NORTH,6,1767.95,20.0,No,8486.16
505952,2024-09-25,SKU1031,WH_SOUTH,16,2789.96,0.0,No,44639.36
505943,2024-09-25,SKU1017,WH_NORTH,4,2741.56,15.0,No,9321.3
505939,2024-09-25,SKU1010,WH_WEST,8,1240.02,10.0,No,8928.14
505940,2024-09-25,SKU1013,WH_WEST,19,2835.28,20.0,Yes,43096.26
505948,2024-09-25,SKU1025,WH_SOUTH,5,1880.05,0.0,No,9400.25
505966,2024-09-26,SKU1018,WH_NORTH,17,2038.19,5.0,Yes,32916.77
505974,2024-09-26,SKU1029,WH_NORTH,6,716.7,0.0,No,4300.2
505969,2024-09-26,SKU1022,WH_WEST,5,278.9,0.0,No,1394.5
505964,2024-09-26,SKU1015,WH_SOUTH,4,808.05,0.0,No,3232.2
505975,2024-09-26,SKU1030,WH_SOUTH,12,2402.0,0.0,No,28824.0
505976,2024-09-26,SKU1032,WH_SOUTH,17,2757.64,0.0,No,46879.88
505977,2024-09-26,SKU1035,WH_NORTH,20,1749.54,0.0,No,34990.8
505958,2024-09-26,SKU1001,WH_NORTH,8,19525.32,10.0,Yes,140582.3
505960,2024-09-26,SKU1003,WH_NORTH,5,21674.48,0.0,No,108372.4
505970,2024-09-26,SKU1024,WH_NORTH,6,1822.24,5.0,No,10386.77
505959,2024-09-26,SKU1002,WH_WEST,4,4026.46,5.0,No,15300.55
505968,2024-09-26,SKU1021,WH_WEST,10,2700.26,0.0,No,27002.6
505965,2024-09-26,SKU1017,WH_NORTH,10,2741.56,15.0,No,23303.26
505967,2024-09-26,SKU1020,WH_NORTH,7,2359.13,0.0,No,16513.91
505978,2024-09-26,SKU1036,WH_NORTH,18,2919.38,10.0,Yes,47293.96
505971,2024-09-26,SKU1025,WH_NORTH,10,1880.05,0.0,Yes,18800.5
505973,2024-09-26,SKU1028,WH_SOUTH,5,716.34,10.0,No,3223.53
505963,2024-09-26,SKU1013,WH_NORTH,5,2835.28,20.0,No,11341.12
505972,2024-09-26,SKU1027,WH_NORTH,8,194.56,0.0,No,1556.48
505962,2024-09-26,SKU1010,WH_WEST,9,1240.02,20.0,No,8928.14
505961,2024-09-26,SKU1007,WH_WEST,4,13190.2,15.0,No,44846.68
505979,2024-09-26,SKU1039,WH_SOUTH,19,222.44,0.0,No,4226.36
505990,2024-09-27,SKU1028,WH_SOUTH,6,716.34,10.0,No,3868.24
505981,2024-09-27,SKU1001,WH_WEST,4,19525.32,0.0,No,78101.28
505994,2024-09-27,SKU1035,WH_SOUTH,15,1749.54,0.0,No,26243.1
505980,2024-09-27,SKU1000,WH_NORTH,5,9457.32,5.0,No,44922.27
505986,2024-09-27,SKU1020,WH_NORTH,5,2359.13,0.0,No,11795.65
505988,2024-09-27,SKU1026,WH_WEST,5,994.38,10.0,No,4474.71
505989,2024-09-27,SKU1027,WH_SOUTH,5,194.56,0.0,No,972.8
505993,2024-09-27,SKU1034,WH_WEST,24,2229.38,0.0,No,53505.12
505995,2024-09-27,SKU1037,WH_WEST,13,2206.93,0.0,No,28690.09
505996,2024-09-27,SKU1039,WH_NORTH,19,222.44,10.0,No,3803.72
505983,2024-09-27,SKU1012,WH_WEST,12,1433.92,0.0,No,17207.04
505992,2024-09-27,SKU1032,WH_WEST,20,2757.64,10.0,No,49637.52
505982,2024-09-27,SKU1006,WH_WEST,4,4707.6,5.0,No,17888.88
505985,2024-09-27,SKU1019,WH_SOUTH,6,1767.95,0.0,No,10607.7
505991,2024-09-27,SKU1029,WH_WEST,9,716.7,0.0,Yes,6450.3
505987,2024-09-27,SKU1025,WH_SOUTH,9,1880.05,5.0,No,16074.43
505984,2024-09-27,SKU1018,WH_WEST,7,2038.19,10.0,No,12840.6
506017,2024-09-28,SKU1039,WH_WEST,22,222.44,20.0,No,3914.94
506010,2024-09-28,SKU1026,WH_SOUTH,6,994.38,10.0,No,5369.65
506011,2024-09-28,SKU1028,WH_WEST,8,716.34,0.0,No,5730.72
506012,2024-09-28,SKU1029,WH_NORTH,11,716.7,0.0,No,7883.7
506004,2024-09-28,SKU1010,WH_NORTH,9,1240.02,0.0,No,11160.18
505997,2024-09-28,SKU1000,WH_NORTH,6,9457.32,10.0,No,51069.53
506008,2024-09-28,SKU1020,WH_SOUTH,5,2359.13,10.0,No,10616.08
506014,2024-09-28,SKU1034,WH_WEST,19,2229.38,10.0,No,38122.4
506007,2024-09-28,SKU1019,WH_WEST,5,1767.95,0.0,No,8839.75
506009,2024-09-28,SKU1022,WH_SOUTH,9,278.9,0.0,No,2510.1
506001,2024-09-28,SKU1005,WH_NORTH,5,23473.03,5.0,No,111496.89
506005,2024-09-28,SKU1015,WH_SOUTH,9,808.05,0.0,No,7272.45
506006,2024-09-28,SKU1016,WH_NORTH,6,497.81,15.0,No,2538.83
506013,2024-09-28,SKU1030,WH_NORTH,26,2402.0,5.0,No,59329.4
505999,2024-09-28,SKU1003,WH_WEST,4,21674.48,0.0,No,86697.92
506002,2024-09-28,SKU1007,WH_WEST,5,13190.2,0.0,No,65951.0
506003,2024-09-28,SKU1009,WH_SOUTH,6,1309.64,20.0,No,6286.27
506000,2024-09-28,SKU1004,WH_NORTH,3,661.52,0.0,No,1984.56
506015,2024-09-28,SKU1035,WH_NORTH,14,1749.54,5.0,No,23268.88
506016,2024-09-28,SKU1038,WH_NORTH,30,1639.79,5.0,No,46734.01
505998,2024-09-28,SKU1002,WH_NORTH,5,4026.46,15.0,No,17112.45
506028,2024-09-29,SKU1017,WH_WEST,11,2741.56,5.0,Yes,28649.3
506037,2024-09-29,SKU1035,WH_WEST,26,1749.54,0.0,No,45488.04
506029,2024-09-29,SKU1023,WH_SOUTH,9,1257.73,0.0,No,11319.57
506030,2024-09-29,SKU1024,WH_SOUTH,9,1822.24,0.0,No,16400.16
506035,2024-09-29,SKU1032,WH_WEST,22,2757.64,15.0,No,51567.87
506021,2024-09-29,SKU1004,WH_NORTH,6,661.52,0.0,No,3969.12
506036,2024-09-29,SKU1033,WH_SOUTH,18,1093.06,10.0,No,17707.57
506024,2024-09-29,SKU1009,WH_WEST,6,1309.64,0.0,No,7857.84
506022,2024-09-29,SKU1007,WH_WEST,8,13190.2,0.0,Yes,105521.6
506019,2024-09-29,SKU1001,WH_WEST,5,19525.32,5.0,No,92745.27
506031,2024-09-29,SKU1025,WH_WEST,16,1880.05,0.0,Yes,30080.8
506023,2024-09-29,SKU1008,WH_SOUTH,7,7387.04,10.0,Yes,46538.35
506026,2024-09-29,SKU1013,WH_SOUTH,5,2835.28,0.0,No,14176.4
506033,2024-09-29,SKU1029,WH_NORTH,10,716.7,15.0,No,6091.95
506020,2024-09-29,SKU1002,WH_WEST,6,4026.46,0.0,No,24158.76
506034,2024-09-29,SKU1031,WH_WEST,15,2789.96,0.0,No,41849.4
506038,2024-09-29,SKU1036,WH_SOUTH,25,2919.38,0.0,No,72984.5
506027,2024-09-29,SKU1016,WH_SOUTH,12,497.81,20.0,No,4778.98
506025,2024-09-29,SKU1011,WH_SOUTH,17,282.38,0.0,Yes,4800.46
506018,2024-09-29,SKU1000,WH_SOUTH,7,9457.32,0.0,No,66201.24
506040,2024-09-29,SKU1038,WH_NORTH,19,1639.79,5.0,Yes,29598.21
506032,2024-09-29,SKU1028,WH_WEST,10,716.34,15.0,No,6088.89
506039,2024-09-29,SKU1037,WH_WEST,20,2206.93,5.0,No,41931.67
506052,2024-09-30,SKU1014,WH_SOUTH,9,1248.44,5.0,No,10674.16
506046,2024-09-30,SKU1007,WH_SOUTH,2,13190.2,0.0,No,26380.4
506050,2024-09-30,SKU1011,WH_SOUTH,9,282.38,0.0,No,2541.42
506064,2024-09-30,SKU1029,WH_SOUTH,10,716.7,5.0,No,6808.65
506051,2024-09-30,SKU1012,WH_WEST,11,1433.92,0.0,No,15773.12
506060,2024-09-30,SKU1023,WH_WEST,16,1257.73,0.0,Yes,20123.68
506049,2024-09-30,SKU1010,WH_SOUTH,14,1240.02,0.0,Yes,17360.28
506068,2024-09-30,SKU1035,WH_WEST,31,1749.54,0.0,Yes,54235.74
506048,2024-09-30,SKU1009,WH_NORTH,4,1309.64,5.0,No,4976.63
506045,2024-09-30,SKU1006,WH_WEST,9,4707.6,0.0,Yes,42368.4
506069,2024-09-30,SKU1037,WH_NORTH,16,2206.93,5.0,No,33545.34
506070,2024-09-30,SKU1039,WH_NORTH,18,222.44,0.0,No,4003.92
506066,2024-09-30,SKU1033,WH_WEST,20,1093.06,0.0,No,21861.2
506054,2024-09-30,SKU1016,WH_NORTH,20,497.81,15.0,Yes,8462.77
506058,2024-09-30,SKU1021,WH_SOUTH,9,2700.26,5.0,No,23087.22
506055,2024-09-30,SKU1017,WH_SOUTH,13,2741.56,15.0,Yes,30294.24
506041,2024-09-30,SKU1000,WH_NORTH,5,9457.32,10.0,No,42557.94
506067,2024-09-30,SKU1034,WH_SOUTH,20,2229.38,5.0,No,42358.22
506061,2024-09-30,SKU1026,WH_WEST,5,994.38,0.0,No,4971.9
506063,2024-09-30,SKU1028,WH_SOUTH,7,716.34,5.0,No,4763.66
506059,2024-09-30,SKU1022,WH_WEST,8,278.9,0.0,No,2231.2
506065,2024-09-30,SKU1032,WH_NORTH,20,2757.64,0.0,No,55152.8
506056,2024-09-30,SKU1018,WH_SOUTH,9,2038.19,0.0,No,18343.71
506057,2024-09-30,SKU1020,WH_WEST,8,2359.13,0.0,No,18873.04
506043,2024-09-30,SKU1004,WH_SOUTH,5,661.52,15.0,No,2811.46
506042,2024-09-30,SKU1001,WH_SOUTH,4,19525.32,0.0,No,78101.28
506053,2024-09-30,SKU1015,WH_SOUTH,8,808.05,0.0,No,6464.4
506062,2024-09-30,SKU1027,WH_SOUTH,8,194.56,0.0,No,1556.48
506047,2024-09-30,SKU1008,WH_NORTH,6,7387.04,0.0,Yes,44322.24
506044,2024-09-30,SKU1005,WH_NORTH,4,23473.03,5.0,No,89197.51
506077,2024-10-01,SKU1016,WH_WEST,11,497.81,0.0,No,5475.91
506081,2024-10-01,SKU1025,WH_SOUTH,11,1880.05,0.0,No,20680.55
506076,2024-10-01,SKU1012,WH_NORTH,20,1433.92,20.0,Yes,22942.72
506087,2024-10-01,SKU1038,WH_NORTH,19,1639.79,0.0,No,31156.01
506084,2024-10-01,SKU1033,WH_NORTH,31,1093.06,0.0,No,33884.86
506086,2024-10-01,SKU1036,WH_WEST,17,2919.38,0.0,No,49629.46
506075,2024-10-01,SKU1011,WH_NORTH,14,282.38,5.0,No,3755.65
506073,2024-10-01,SKU1007,WH_WEST,8,13190.2,0.0,No,105521.6
506080,2024-10-01,SKU1023,WH_NORTH,13,1257.73,5.0,No,15532.97
506085,2024-10-01,SKU1035,WH_SOUTH,33,1749.54,5.0,Yes,54848.08
506071,2024-10-01,SKU1000,WH_NORTH,6,9457.32,0.0,No,56743.92
506083,2024-10-01,SKU1032,WH_SOUTH,28,2757.64,0.0,No,77213.92
506088,2024-10-01,SKU1039,WH_WEST,33,222.44,10.0,No,6606.47
506074,2024-10-01,SKU1010,WH_SOUTH,20,1240.02,5.0,No,24149.39
506082,2024-10-01,SKU1031,WH_WEST,31,2789.96,0.0,No,86488.76
506079,2024-10-01,SKU1019,WH_NORTH,16,1767.95,0.0,No,28287.2
506078,2024-10-01,SKU1018,WH_NORTH,20,2038.19,5.0,Yes,39693.75
506072,2024-10-01,SKU1006,WH_NORTH,6,4707.6,0.0,No,28245.6
506089,2024-10-02,SKU1000,WH_NORTH,9,9457.32,0.0,Yes,85115.88
506095,2024-10-02,SKU1019,WH_NORTH,8,1767.95,0.0,No,14143.6
506101,2024-10-02,SKU1029,WH_WEST,16,716.7,0.0,Yes,11467.2
506094,2024-10-02,SKU1016,WH_WEST,18,497.81,0.0,No,8960.58
506091,2024-10-02,SKU1004,WH_SOUTH,4,661.52,5.0,No,2513.78
506102,2024-10-02,SKU1031,WH_NORTH,21,2789.96,0.0,Yes,58589.16
506090,2024-10-02,SKU1002,WH_SOUTH,5,4026.46,0.0,No,20132.3
506103,2024-10-02,SKU1032,WH_SOUTH,38,2757.64,5.0,Yes,100860.68
506097,2024-10-02,SKU1021,WH_WEST,13,2700.26,5.0,No,33348.21
506104,2024-10-02,SKU1033,WH_WEST,23,1093.06,10.0,No,22626.34
506098,2024-10-02,SKU1023,WH_NORTH,11,1257.73,0.0,No,13835.03
506099,2024-10-02,SKU1025,WH_SOUTH,12,1880.05,10.0,No,20304.54
506096,2024-10-02,SKU1020,WH_NORTH,15,2359.13,5.0,No,33617.6
506100,2024-10-02,SKU1028,WH_WEST,11,716.34,5.0,No,7485.75
506106,2024-10-02,SKU1039,WH_SOUTH,25,222.44,0.0,No,5561.0
506105,2024-10-02,SKU1038,WH_WEST,23,1639.79,5.0,No,35829.41
506092,2024-10-02,SKU1009,WH_NORTH,6,1309.64,0.0,No,7857.84
506093,2024-10-02,SKU1010,WH_WEST,16,1240.02,0.0,No,19840.32
506111,2024-10-03,SKU1007,WH_NORTH,4,13190.2,0.0,No,52760.8
506117,2024-10-03,SKU1022,WH_WEST,10,278.9,15.0,No,2370.65
506108,2024-10-03,SKU1001,WH_NORTH,3,19525.32,0.0,No,58575.96
506127,2024-10-03,SKU1037,WH_WEST,33,2206.93,0.0,Yes,72828.69
506119,2024-10-03,SKU1026,WH_NORTH,15,994.38,5.0,No,14169.92
506107,2024-10-03,SKU1000,WH_NORTH,6,9457.32,0.0,No,56743.92
506114,2024-10-03,SKU1016,WH_SOUTH,16,497.81,0.0,No,7964.96
506121,2024-10-03,SKU1028,WH_WEST,13,716.34,0.0,No,9312.42
506110,2024-10-03,SKU1003,WH_SOUTH,6,21674.48,0.0,No,130046.88
506109,2024-10-03,SKU1002,WH_WEST,6,4026.46,0.0,No,24158.76
506126,2024-10-03,SKU1036,WH_SOUTH,19,2919.38,20.0,No,44374.58
506115,2024-10-03,SKU1018,WH_WEST,12,2038.19,5.0,No,23235.37
506128,2024-10-03,SKU1038,WH_SOUTH,28,1639.79,0.0,No,45914.12
506116,2024-10-03,SKU1019,WH_NORTH,20,1767.95,10.0,Yes,31823.1
506120,2024-10-03,SKU1027,WH_NORTH,8,194.56,0.0,No,1556.48
506112,2024-10-03,SKU1011,WH_WEST,10,282.38,10.0,No,2541.42
506125,2024-10-03,SKU1034,WH_SOUTH,23,2229.38,10.0,No,46148.17
506113,2024-10-03,SKU1014,WH_NORTH,11,1248.44,15.0,No,11672.91
506118,2024-10-03,SKU1024,WH_SOUTH,9,1822.24,20.0,No,13120.13
506122,2024-10-03,SKU1029,WH_NORTH,10,716.7,0.0,No,7167.0
506124,2024-10-03,SKU1031,WH_WEST,15,2789.96,0.0,No,41849.4
506123,2024-10-03,SKU1030,WH_NORTH,26,2402.0,10.0,No,56206.8
506144,2024-10-04,SKU1022,WH_NORTH,10,278.9,10.0,No,2510.1
506131,2024-10-04,SKU1002,WH_NORTH,7,4026.46,5.0,No,26775.96
506154,2024-10-04,SKU1038,WH_WEST,23,1639.79,0.0,No,37715.17
506129,2024-10-04,SKU1000,WH_WEST,7,9457.32,0.0,No,66201.24
506136,2024-10-04,SKU1009,WH_NORTH,6,1309.64,0.0,No,7857.84
506130,2024-10-04,SKU1001,WH_NORTH,5,19525.32,0.0,No,97626.6
506137,2024-10-04,SKU1010,WH_WEST,13,1240.02,5.0,No,15314.25
506150,2024-10-04,SKU1031,WH_SOUTH,29,2789.96,0.0,Yes,80908.84
506151,2024-10-04,SKU1033,WH_WEST,25,1093.06,20.0,No,21861.2
506138,2024-10-04,SKU1011,WH_NORTH,19,282.38,5.0,No,5096.96
506146,2024-10-04,SKU1025,WH_SOUTH,11,1880.05,5.0,No,19646.52
506133,2024-10-04,SKU1005,WH_SOUTH,4,23473.03,10.0,No,84502.91
506143,2024-10-04,SKU1021,WH_SOUTH,11,2700.26,20.0,No,23762.29
506147,2024-10-04,SKU1027,WH_SOUTH,9,194.56,0.0,No,1751.04
506149,2024-10-04,SKU1030,WH_SOUTH,25,2402.0,20.0,No,48040.0
506140,2024-10-04,SKU1014,WH_SOUTH,13,1248.44,0.0,No,16229.72
506145,2024-10-04,SKU1023,WH_SOUTH,10,1257.73,10.0,No,11319.57
506142,2024-10-04,SKU1016,WH_WEST,20,497.81,0.0,No,10205.1
506132,2024-10-04,SKU1004,WH_WEST,3,661.52,0.0,No,1984.56
506148,2024-10-04,SKU1028,WH_SOUTH,7,716.34,0.0,No,5014.38
506152,2024-10-04,SKU1034,WH_NORTH,35,2229.38,0.0,Yes,78028.3
506155,2024-10-04,SKU1039,WH_SOUTH,22,222.44,0.0,No,4893.68
506141,2024-10-04,SKU1015,WH_SOUTH,14,808.05,10.0,No,10181.43
506135,2024-10-04,SKU1008,WH_NORTH,8,7387.04,5.0,No,56141.5
506139,2024-10-04,SKU1012,WH_SOUTH,7,1433.92,0.0,No,10037.44
506134,2024-10-04,SKU1006,WH_SOUTH,9,4707.6,10.0,No,38131.56
506153,2024-10-04,SKU1035,WH_WEST,38,1749.54,10.0,Yes,60621.56
506159,2024-10-05,SKU1004,WH_WEST,6,661.52,0.0,No,3969.12
506156,2024-10-05,SKU1001,WH_WEST,9,19525.32,0.0,No,175727.88
506162,2024-10-05,SKU1007,WH_NORTH,7,13190.2,5.0,No,87714.83
506171,2024-10-05,SKU1024,WH_NORTH,16,1822.24,0.0,No,29155.84
506157,2024-10-05,SKU1002,WH_SOUTH,9,4026.46,0.0,No,36238.14
506164,2024-10-05,SKU1011,WH_WEST,16,282.38,15.0,No,3840.37
506177,2024-10-05,SKU1037,WH_SOUTH,31,2206.93,10.0,No,61573.35
506167,2024-10-05,SKU1015,WH_NORTH,15,808.05,0.0,No,12120.75
506168,2024-10-05,SKU1016,WH_WEST,19,497.81,0.0,No,9458.39
506174,2024-10-05,SKU1031,WH_WEST,36,2789.96,5.0,No,95416.63
506158,2024-10-05,SKU1003,WH_WEST,9,21674.48,5.0,No,185316.8
506179,2024-10-05,SKU1039,WH_SOUTH,15,222.44,15.0,No,2836.11
506176,2024-10-05,SKU1035,WH_NORTH,38,1749.54,0.0,No,67357.29
506173,2024-10-05,SKU1030,WH_WEST,38,2402.0,0.0,Yes,92477.0
506163,2024-10-05,SKU1009,WH_WEST,9,1309.64,5.0,No,11197.42
506178,2024-10-05,SKU1038,WH_SOUTH,35,1639.79,0.0,No,57392.65
506161,2024-10-05,SKU1006,WH_NORTH,9,4707.6,0.0,Yes,42368.4
506160,2024-10-05,SKU1005,WH_WEST,7,23473.03,0.0,No,164311.21
506172,2024-10-05,SKU1027,WH_WEST,11,194.56,5.0,No,2033.15
506165,2024-10-05,SKU1012,WH_WEST,13,1433.92,15.0,No,15844.82
506170,2024-10-05,SKU1021,WH_SOUTH,8,2700.26,0.0,No,21602.08
506166,2024-10-05,SKU1013,WH_SOUTH,20,2835.28,0.0,No,58123.24
506169,2024-10-05,SKU1017,WH_WEST,20,2741.56,5.0,Yes,53391.88
506175,2024-10-05,SKU1033,WH_NORTH,22,1093.06,15.0,No,20440.22
506197,2024-10-06,SKU1033,WH_SOUTH,36,1093.06,0.0,No,39350.16
506195,2024-10-06,SKU1028,WH_WEST,15,716.34,0.0,No,10745.1
506196,2024-10-06,SKU1029,WH_WEST,16,716.7,0.0,No,11467.2
506186,2024-10-06,SKU1010,WH_NORTH,12,1240.02,0.0,No,14880.24
506191,2024-10-06,SKU1017,WH_WEST,12,2741.56,0.0,No,32898.72
506192,2024-10-06,SKU1019,WH_SOUTH,15,1767.95,20.0,No,21215.4
506189,2024-10-06,SKU1015,WH_NORTH,20,808.05,0.0,Yes,16565.02
506199,2024-10-06,SKU1037,WH_WEST,38,2206.93,0.0,No,84966.8
506185,2024-10-06,SKU1008,WH_NORTH,9,7387.04,0.0,No,66483.36
506183,2024-10-06,SKU1005,WH_SOUTH,9,23473.03,20.0,No,169005.82
506188,2024-10-06,SKU1014,WH_SOUTH,20,1248.44,15.0,No,21754.07
506194,2024-10-06,SKU1022,WH_NORTH,9,278.9,5.0,No,2384.59
506182,2024-10-06,SKU1003,WH_NORTH,9,21674.48,0.0,No,195070.32
506184,2024-10-06,SKU1007,WH_NORTH,7,13190.2,20.0,No,73865.12
506180,2024-10-06,SKU1000,WH_SOUTH,6,9457.32,0.0,No,56743.92
506198,2024-10-06,SKU1035,WH_SOUTH,36,1749.54,0.0,No,62983.44
506190,2024-10-06,SKU1016,WH_WEST,13,497.81,10.0,No,5824.38
506181,2024-10-06,SKU1001,WH_WEST,3,19525.32,10.0,No,52718.36
506193,2024-10-06,SKU1020,WH_NORTH,8,2359.13,0.0,No,18873.04
506187,2024-10-06,SKU1012,WH_NORTH,17,1433.92,0.0,No,24376.64
506220,2024-10-07,SKU1026,WH_NORTH,7,994.38,20.0,No,5568.53
506207,2024-10-07,SKU1009,WH_NORTH,9,1309.64,15.0,Yes,10018.75
506226,2024-10-07,SKU1038,WH_SOUTH,28,1639.79,0.0,No,45914.12
506217,2024-10-07,SKU1020,WH_WEST,11,2359.13,0.0,No,25950.43
506215,2024-10-07,SKU1018,WH_NORTH,17,2038.19,0.0,No,34649.23
506201,2024-10-07,SKU1001,WH_NORTH,6,19525.32,0.0,No,117151.92
506206,2024-10-07,SKU1008,WH_WEST,9,7387.04,0.0,No,66483.36
506210,2024-10-07,SKU1013,WH_WEST,13,2835.28,0.0,No,36858.64
506219,2024-10-07,SKU1025,WH_SOUTH,7,1880.05,0.0,No,13160.35
506224,2024-10-07,SKU1036,WH_SOUTH,21,2919.38,0.0,No,61306.98
506225,2024-10-07,SKU1037,WH_SOUTH,17,2206.93,0.0,No,37517.81
506212,2024-10-07,SKU1015,WH_SOUTH,8,808.05,15.0,No,5494.74
506223,2024-10-07,SKU1034,WH_NORTH,24,2229.38,5.0,Yes,50829.86
506211,2024-10-07,SKU1014,WH_WEST,14,1248.44,0.0,No,17478.16
506216,2024-10-07,SKU1019,WH_WEST,10,1767.95,0.0,No,17679.5
506218,2024-10-07,SKU1024,WH_NORTH,12,1822.24,0.0,No,21866.88
506203,2024-10-07,SKU1005,WH_SOUTH,4,23473.03,0.0,No,93892.12
506209,2024-10-07,SKU1012,WH_NORTH,12,1433.92,10.0,No,15486.34
506214,2024-10-07,SKU1017,WH_NORTH,12,2741.56,5.0,No,31253.78
506213,2024-10-07,SKU1016,WH_NORTH,14,497.81,0.0,No,6969.34
506222,2024-10-07,SKU1032,WH_WEST,19,2757.64,15.0,No,44535.89
506221,2024-10-07,SKU1028,WH_SOUTH,7,716.34,0.0,No,5014.38
506202,2024-10-07,SKU1003,WH_WEST,9,21674.48,0.0,Yes,195070.32
506205,2024-10-07,SKU1007,WH_SOUTH,5,13190.2,0.0,No,65951.0
506208,2024-10-07,SKU1010,WH_SOUTH,14,1240.02,20.0,No,13888.22
506200,2024-10-07,SKU1000,WH_WEST,9,9457.32,10.0,No,76604.29
506204,2024-10-07,SKU1006,WH_WEST,2,4707.6,15.0,No,8002.92
506236,2024-10-08,SKU1018,WH_SOUTH,10,2038.19,10.0,Yes,18343.71
506243,2024-10-08,SKU1029,WH_WEST,11,716.7,0.0,No,7883.7
506231,2024-10-08,SKU1006,WH_WEST,9,4707.6,0.0,No,42368.4
506237,2024-10-08,SKU1019,WH_NORTH,12,1767.95,0.0,No,21215.4
506229,2024-10-08,SKU1003,WH_WEST,9,21674.48,10.0,No,175563.29
506238,2024-10-08,SKU1020,WH_NORTH,10,2359.13,0.0,No,23591.3
506248,2024-10-08,SKU1039,WH_NORTH,24,222.44,0.0,No,5338.56
506245,2024-10-08,SKU1033,WH_WEST,38,1093.06,0.0,Yes,42082.81
506241,2024-10-08,SKU1023,WH_WEST,10,1257.73,0.0,No,12577.3
506239,2024-10-08,SKU1021,WH_WEST,7,2700.26,0.0,No,18901.82
506228,2024-10-08,SKU1002,WH_SOUTH,6,4026.46,5.0,No,22950.82
506247,2024-10-08,SKU1036,WH_WEST,33,2919.38,20.0,No,77071.63
506246,2024-10-08,SKU1035,WH_NORTH,23,1749.54,10.0,Yes,36215.48
506242,2024-10-08,SKU1025,WH_WEST,9,1880.05,0.0,No,16920.45
506232,2024-10-08,SKU1008,WH_SOUTH,6,7387.04,0.0,No,44322.24
506244,2024-10-08,SKU1032,WH_WEST,21,2757.64,0.0,No,57910.44
506227,2024-10-08,SKU1001,WH_NORTH,9,19525.32,20.0,No,140582.3
506240,2024-10-08,SKU1022,WH_SOUTH,8,278.9,5.0,No,2119.64
506230,2024-10-08,SKU1004,WH_SOUTH,9,661.52,5.0,Yes,5656.0
506235,2024-10-08,SKU1012,WH_WEST,12,1433.92,0.0,No,17207.04
506233,2024-10-08,SKU1009,WH_WEST,6,1309.64,0.0,No,7857.84
506234,2024-10-08,SKU1010,WH_WEST,11,1240.02,0.0,No,13640.22
506251,2024-10-09,SKU1006,WH_NORTH,7,4707.6,5.0,No,31305.54
506263,2024-10-09,SKU1024,WH_NORTH,8,1822.24,0.0,No,14577.92
506253,2024-10-09,SKU1008,WH_WEST,6,7387.04,0.0,No,44322.24
506264,2024-10-09,SKU1025,WH_NORTH,14,1880.05,0.0,No,26320.7
506257,2024-10-09,SKU1014,WH_SOUTH,20,1248.44,15.0,Yes,21754.07
506272,2024-10-09,SKU1037,WH_SOUTH,26,2206.93,10.0,No,51642.16
506268,2024-10-09,SKU1031,WH_SOUTH,33,2789.96,10.0,No,82861.81
506265,2024-10-09,SKU1028,WH_SOUTH,8,716.34,10.0,No,5157.65
506254,2024-10-09,SKU1009,WH_SOUTH,6,1309.64,0.0,No,7857.84
506261,2024-10-09,SKU1021,WH_SOUTH,7,2700.26,0.0,No,18901.82
506267,2024-10-09,SKU1030,WH_SOUTH,34,2402.0,0.0,No,81668.0
506271,2024-10-09,SKU1036,WH_SOUTH,20,2919.38,0.0,No,58387.6
506255,2024-10-09,SKU1010,WH_WEST,12,1240.02,5.0,No,14136.23
506250,2024-10-09,SKU1004,WH_WEST,6,661.52,0.0,No,3969.12
506256,2024-10-09,SKU1012,WH_NORTH,13,1433.92,10.0,No,16776.86
506273,2024-10-09,SKU1038,WH_WEST,21,1639.79,10.0,No,30992.03
506260,2024-10-09,SKU1020,WH_WEST,4,2359.13,0.0,No,9436.52
506249,2024-10-09,SKU1001,WH_NORTH,9,19525.32,0.0,Yes,175727.88
506252,2024-10-09,SKU1007,WH_SOUTH,6,13190.2,15.0,No,67270.02
506266,2024-10-09,SKU1029,WH_SOUTH,12,716.7,5.0,No,8170.38
506258,2024-10-09,SKU1016,WH_SOUTH,19,497.81,5.0,No,8985.47
506269,2024-10-09,SKU1032,WH_SOUTH,20,2757.64,5.0,No,52395.16
506270,2024-10-09,SKU1034,WH_NORTH,24,2229.38,0.0,No,53505.12
506259,2024-10-09,SKU1019,WH_SOUTH,10,1767.95,10.0,No,15911.55
506262,2024-10-09,SKU1023,WH_WEST,12,1257.73,5.0,No,14338.12
506295,2024-10-10,SKU1039,WH_WEST,24,222.44,0.0,No,5338.56
506275,2024-10-10,SKU1005,WH_SOUTH,9,23473.03,0.0,No,211257.27
506284,2024-10-10,SKU1017,WH_NORTH,14,2741.56,20.0,No,30705.47
506274,2024-10-10,SKU1001,WH_NORTH,8,19525.32,0.0,Yes,156202.56
506290,2024-10-10,SKU1028,WH_SOUTH,6,716.34,10.0,No,3868.24
506280,2024-10-10,SKU1011,WH_NORTH,20,282.38,10.0,No,5209.91
506294,2024-10-10,SKU1038,WH_NORTH,22,1639.79,0.0,No,36075.38
506282,2024-10-10,SKU1015,WH_SOUTH,13,808.05,0.0,No,10504.65
506276,2024-10-10,SKU1006,WH_NORTH,6,4707.6,0.0,No,28245.6
506288,2024-10-10,SKU1022,WH_SOUTH,12,278.9,10.0,No,3012.12
506279,2024-10-10,SKU1010,WH_SOUTH,9,1240.02,0.0,No,11160.18
506285,2024-10-10,SKU1018,WH_WEST,14,2038.19,0.0,No,28534.66
506291,2024-10-10,SKU1032,WH_WEST,19,2757.64,10.0,No,47155.64
506286,2024-10-10,SKU1020,WH_NORTH,4,2359.13,0.0,No,9436.52
506278,2024-10-10,SKU1009,WH_WEST,4,1309.64,20.0,No,4190.85
506283,2024-10-10,SKU1016,WH_SOUTH,20,497.81,10.0,No,8960.58
506292,2024-10-10,SKU1033,WH_WEST,14,1093.06,5.0,No,14537.7
506293,2024-10-10,SKU1034,WH_SOUTH,27,2229.38,10.0,No,54173.93
506277,2024-10-10,SKU1007,WH_WEST,8,13190.2,15.0,No,89693.36
506289,2024-10-10,SKU1026,WH_WEST,5,994.38,0.0,No,4971.9
506281,2024-10-10,SKU1012,WH_NORTH,20,1433.92,0.0,Yes,29395.36
506287,2024-10-10,SKU1021,WH_SOUTH,16,2700.26,20.0,Yes,34563.33
506302,2024-10-11,SKU1008,WH_SOUTH,5,7387.04,0.0,No,36935.2
506311,2024-10-11,SKU1025,WH_SOUTH,16,1880.05,15.0,Yes,25568.68
506307,2024-10-11,SKU1013,WH_NORTH,8,2835.28,0.0,No,22682.24
506309,2024-10-11,SKU1020,WH_SOUTH,10,2359.13,5.0,No,22411.74
506299,2024-10-11,SKU1003,WH_SOUTH,4,21674.48,0.0,No,86697.92
506308,2024-10-11,SKU1017,WH_WEST,20,2741.56,10.0,Yes,49348.08
506316,2024-10-11,SKU1038,WH_WEST,28,1639.79,0.0,No,45914.12
506312,2024-10-11,SKU1029,WH_SOUTH,8,716.7,10.0,No,5160.24
506305,2024-10-11,SKU1011,WH_SOUTH,14,282.38,10.0,No,3557.99
506296,2024-10-11,SKU1000,WH_WEST,9,9457.32,5.0,No,80860.09
506298,2024-10-11,SKU1002,WH_SOUTH,7,4026.46,0.0,No,28185.22
506314,2024-10-11,SKU1033,WH_SOUTH,27,1093.06,10.0,No,26561.36
506310,2024-10-11,SKU1021,WH_NORTH,13,2700.26,0.0,No,35103.38
506304,2024-10-11,SKU1010,WH_WEST,7,1240.02,5.0,No,8246.13
506301,2024-10-11,SKU1007,WH_NORTH,7,13190.2,15.0,No,78481.69
506300,2024-10-11,SKU1004,WH_SOUTH,9,661.52,10.0,No,5358.31
506315,2024-10-11,SKU1037,WH_WEST,38,2206.93,0.0,Yes,84966.8
506317,2024-10-11,SKU1039,WH_SOUTH,21,222.44,0.0,No,4671.24
506313,2024-10-11,SKU1031,WH_SOUTH,14,2789.96,5.0,No,37106.47
506297,2024-10-11,SKU1001,WH_NORTH,4,19525.32,5.0,No,74196.22
506303,2024-10-11,SKU1009,WH_NORTH,7,1309.64,0.0,No,9167.48
506306,2024-10-11,SKU1012,WH_NORTH,14,1433.92,5.0,No,19071.14
506335,2024-10-12,SKU1025,WH_WEST,16,1880.05,0.0,No,30080.8
506319,2024-10-12,SKU1003,WH_WEST,4,21674.48,0.0,No,86697.92
506338,2024-10-12,SKU1032,WH_WEST,24,2757.64,0.0,No,66183.36
506331,2024-10-12,SKU1019,WH_SOUTH,16,1767.95,0.0,No,28287.2
506340,2024-10-12,SKU1036,WH_NORTH,31,2919.38,0.0,No,90500.78
506337,2024-10-12,SKU1031,WH_SOUTH,21,2789.96,0.0,No,58589.16
506322,2024-10-12,SKU1008,WH_NORTH,6,7387.04,0.0,No,44322.24
506332,2024-10-12,SKU1020,WH_WEST,15,2359.13,0.0,No,35386.95
506318,2024-10-12,SKU1001,WH_SOUTH,7,19525.32,0.0,No,136677.24
506327,2024-10-12,SKU1015,WH_SOUTH,20,808.05,0.0,Yes,16565.02
506326,2024-10-12,SKU1013,WH_WEST,12,2835.28,15.0,No,28919.86
506320,2024-10-12,SKU1004,WH_WEST,8,661.52,0.0,No,5292.16
506324,2024-10-12,SKU1011,WH_WEST,20,282.38,0.0,Yes,5647.6
506334,2024-10-12,SKU1023,WH_SOUTH,7,1257.73,0.0,No,8804.11
506339,2024-10-12,SKU1034,WH_WEST,38,2229.38,15.0,Yes,72956.46
506333,2024-10-12,SKU1022,WH_NORTH,8,278.9,5.0,No,2119.64
506325,2024-10-12,SKU1012,WH_WEST,20,1433.92,20.0,No,23516.29
506328,2024-10-12,SKU1016,WH_SOUTH,14,497.81,10.0,No,6272.41
506323,2024-10-12,SKU1009,WH_WEST,9,1309.64,0.0,No,11786.76
506336,2024-10-12,SKU1029,WH_SOUTH,6,716.7,20.0,No,3440.16
506329,2024-10-12,SKU1017,WH_WEST,7,2741.56,5.0,No,18231.37
506321,2024-10-12,SKU1007,WH_NORTH,6,13190.2,10.0,No,71227.08
506330,2024-10-12,SKU1018,WH_WEST,17,2038.19,0.0,No,34649.23
506352,2024-10-13,SKU1022,WH_WEST,10,278.9,0.0,No,2789.0
506357,2024-10-13,SKU1029,WH_NORTH,16,716.7,5.0,No,10893.84
506355,2024-10-13,SKU1026,WH_WEST,12,994.38,0.0,No,11932.56
506360,2024-10-13,SKU1038,WH_SOUTH,22,1639.79,15.0,No,30664.07
506344,2024-10-13,SKU1008,WH_WEST,8,7387.04,0.0,No,59096.32
506342,2024-10-13,SKU1004,WH_NORTH,6,661.52,0.0,No,3969.12
506354,2024-10-13,SKU1025,WH_SOUTH,16,1880.05,0.0,No,30080.8
506356,2024-10-13,SKU1028,WH_NORTH,16,716.34,0.0,Yes,11461.44
506359,2024-10-13,SKU1037,WH_WEST,22,2206.93,10.0,No,43697.21
506343,2024-10-13,SKU1005,WH_SOUTH,7,23473.03,5.0,No,156095.65
506346,2024-10-13,SKU1012,WH_SOUTH,20,1433.92,20.0,Yes,23516.29
506350,2024-10-13,SKU1019,WH_NORTH,19,1767.95,15.0,No,28552.39
506361,2024-10-13,SKU1039,WH_NORTH,35,222.44,0.0,No,7785.4
506341,2024-10-13,SKU1000,WH_SOUTH,7,9457.32,0.0,No,66201.24
506351,2024-10-13,SKU1020,WH_NORTH,16,2359.13,0.0,No,37746.08
506347,2024-10-13,SKU1015,WH_WEST,15,808.05,0.0,Yes,12120.75
506345,2024-10-13,SKU1010,WH_SOUTH,10,1240.02,20.0,No,9920.16
506353,2024-10-13,SKU1024,WH_SOUTH,13,1822.24,0.0,No,23689.12
506358,2024-10-13,SKU1036,WH_NORTH,30,2919.38,0.0,No,87581.4
506348,2024-10-13,SKU1017,WH_SOUTH,20,2741.56,0.0,Yes,56201.98
506349,2024-10-13,SKU1018,WH_NORTH,16,2038.19,0.0,No,32611.04
506378,2024-10-14,SKU1025,WH_WEST,7,1880.05,15.0,No,11186.3
506368,2024-10-14,SKU1008,WH_SOUTH,5,7387.04,0.0,No,36935.2
506386,2024-10-14,SKU1035,WH_WEST,17,1749.54,0.0,No,29742.18
506384,2024-10-14,SKU1033,WH_NORTH,34,1093.06,10.0,No,33447.64
506375,2024-10-14,SKU1021,WH_WEST,9,2700.26,5.0,No,23087.22
506363,2024-10-14,SKU1002,WH_NORTH,8,4026.46,0.0,No,32211.68
506373,2024-10-14,SKU1017,WH_NORTH,18,2741.56,20.0,No,39478.46
506362,2024-10-14,SKU1001,WH_WEST,9,19525.32,0.0,Yes,175727.88
506387,2024-10-14,SKU1038,WH_WEST,33,1639.79,0.0,No,54113.07
506371,2024-10-14,SKU1014,WH_WEST,13,1248.44,0.0,No,16229.72
506366,2024-10-14,SKU1006,WH_SOUTH,8,4707.6,0.0,No,37660.8
506369,2024-10-14,SKU1010,WH_NORTH,15,1240.02,0.0,No,18600.3
506367,2024-10-14,SKU1007,WH_SOUTH,9,13190.2,0.0,Yes,118711.8
506382,2024-10-14,SKU1029,WH_SOUTH,7,716.7,0.0,No,5016.9
506370,2024-10-14,SKU1012,WH_WEST,17,1433.92,15.0,No,20720.14
506381,2024-10-14,SKU1028,WH_SOUTH,9,716.34,20.0,No,5157.65
506379,2024-10-14,SKU1026,WH_NORTH,9,994.38,10.0,No,8054.48
506365,2024-10-14,SKU1004,WH_NORTH,5,661.52,5.0,No,3142.22
506372,2024-10-14,SKU1016,WH_SOUTH,14,497.81,5.0,No,6620.87
506380,2024-10-14,SKU1027,WH_SOUTH,12,194.56,0.0,No,2334.72
506364,2024-10-14,SKU1003,WH_NORTH,9,21674.48,0.0,No,195070.32
506385,2024-10-14,SKU1034,WH_NORTH,26,2229.38,15.0,No,49269.3
506383,2024-10-14,SKU1032,WH_WEST,29,2757.64,0.0,No,79971.56
506374,2024-10-14,SKU1019,WH_WEST,18,1767.95,0.0,No,31823.1
506376,2024-10-14,SKU1022,WH_WEST,9,278.9,5.0,Yes,2384.59
506377,2024-10-14,SKU1024,WH_NORTH,16,1822.24,5.0,Yes,27698.05
506393,2024-10-15,SKU1007,WH_WEST,9,13190.2,0.0,Yes,118711.8
506403,2024-10-15,SKU1020,WH_SOUTH,4,2359.13,5.0,No,8964.69
506400,2024-10-15,SKU1016,WH_SOUTH,18,497.81,0.0,No,8960.58
506398,2024-10-15,SKU1012,WH_WEST,18,1433.92,0.0,No,25810.56
506401,2024-10-15,SKU1017,WH_SOUTH,13,2741.56,0.0,No,35640.28
506388,2024-10-15,SKU1000,WH_WEST,6,9457.32,0.0,No,56743.92
506399,2024-10-15,SKU1015,WH_SOUTH,7,808.05,20.0,No,4525.08
506396,2024-10-15,SKU1010,WH_WEST,9,1240.02,0.0,No,11160.18
506406,2024-10-15,SKU1027,WH_SOUTH,11,194.56,10.0,No,1926.14
506409,2024-10-15,SKU1036,WH_SOUTH,23,2919.38,20.0,No,53716.59
506391,2024-10-15,SKU1003,WH_NORTH,5,21674.48,5.0,No,102953.78
506410,2024-10-15,SKU1037,WH_NORTH,22,2206.93,0.0,No,48552.46
506405,2024-10-15,SKU1025,WH_SOUTH,5,1880.05,0.0,No,9400.25
506411,2024-10-15,SKU1038,WH_SOUTH,26,1639.79,0.0,No,42634.54
506402,2024-10-15,SKU1018,WH_WEST,15,2038.19,10.0,No,27515.56
506397,2024-10-15,SKU1011,WH_NORTH,10,282.38,10.0,No,2541.42
506395,2024-10-15,SKU1009,WH_SOUTH,7,1309.64,20.0,No,7333.98
506404,2024-10-15,SKU1023,WH_SOUTH,8,1257.73,5.0,No,9558.75
506392,2024-10-15,SKU1005,WH_SOUTH,5,23473.03,0.0,No,117365.15
506389,2024-10-15,SKU1001,WH_NORTH,5,19525.32,0.0,No,97626.6
506408,2024-10-15,SKU1035,WH_NORTH,19,1749.54,5.0,No,31579.2
506394,2024-10-15,SKU1008,WH_NORTH,5,7387.04,10.0,No,33241.68
506407,2024-10-15,SKU1028,WH_SOUTH,13,716.34,0.0,Yes,9312.42
506390,2024-10-15,SKU1002,WH_SOUTH,6,4026.46,0.0,No,24158.76
506417,2024-10-16,SKU1011,WH_WEST,10,282.38,20.0,No,2259.04
506426,2024-10-16,SKU1028,WH_NORTH,10,716.34,5.0,No,6805.23
506420,2024-10-16,SKU1016,WH_NORTH,16,497.81,10.0,No,7168.46
506413,2024-10-16,SKU1001,WH_WEST,6,19525.32,10.0,No,105436.73
506419,2024-10-16,SKU1014,WH_WEST,12,1248.44,0.0,No,14981.28
506428,2024-10-16,SKU1033,WH_NORTH,20,1093.06,10.0,No,19675.08
506414,2024-10-16,SKU1005,WH_SOUTH,8,23473.03,20.0,No,150227.39
506415,2024-10-16,SKU1007,WH_NORTH,9,13190.2,5.0,Yes,112776.21
506431,2024-10-16,SKU1039,WH_NORTH,29,222.44,10.0,No,5805.68
506421,2024-10-16,SKU1017,WH_WEST,14,2741.56,0.0,No,38381.84
506423,2024-10-16,SKU1020,WH_SOUTH,11,2359.13,20.0,No,20760.34
506412,2024-10-16,SKU1000,WH_WEST,5,9457.32,15.0,No,40193.61
506416,2024-10-16,SKU1009,WH_WEST,4,1309.64,0.0,No,5238.56
506429,2024-10-16,SKU1036,WH_WEST,38,2919.38,5.0,Yes,106776.32
506424,2024-10-16,SKU1022,WH_SOUTH,9,278.9,5.0,No,2384.59
506425,2024-10-16,SKU1027,WH_SOUTH,16,194.56,0.0,Yes,3112.96
506430,2024-10-16,SKU1037,WH_SOUTH,30,2206.93,0.0,No,66207.9
506418,2024-10-16,SKU1013,WH_NORTH,19,2835.28,0.0,No,53870.32
506422,2024-10-16,SKU1018,WH_WEST,13,2038.19,10.0,No,23846.82
506427,2024-10-16,SKU1029,WH_SOUTH,10,716.7,0.0,No,7167.0
506440,2024-10-17,SKU1023,WH_WEST,14,1257.73,5.0,Yes,16727.81
506435,2024-10-17,SKU1006,WH_WEST,4,4707.6,5.0,No,17888.88
506442,2024-10-17,SKU1025,WH_WEST,7,1880.05,0.0,No,13160.35
506447,2024-10-17,SKU1035,WH_SOUTH,21,1749.54,0.0,No,36740.34
506433,2024-10-17,SKU1003,WH_SOUTH,8,21674.48,5.0,No,164726.05
506439,2024-10-17,SKU1022,WH_NORTH,11,278.9,5.0,No,2914.5
506449,2024-10-17,SKU1037,WH_NORTH,20,2206.93,0.0,No,44138.6
506438,2024-10-17,SKU1021,WH_SOUTH,13,2700.26,0.0,Yes,35103.38
506448,2024-10-17,SKU1036,WH_WEST,19,2919.38,5.0,No,52694.81
506446,2024-10-17,SKU1033,WH_NORTH,23,1093.06,20.0,No,20112.3
506436,2024-10-17,SKU1009,WH_NORTH,4,1309.64,0.0,No,5238.56
506432,2024-10-17,SKU1001,WH_NORTH,5,19525.32,0.0,No,97626.6
506434,2024-10-17,SKU1005,WH_SOUTH,9,23473.03,5.0,No,200694.41
506437,2024-10-17,SKU1013,WH_SOUTH,15,2835.28,0.0,No,42529.2
506441,2024-10-17,SKU1024,WH_NORTH,11,1822.24,0.0,No,20044.64
506444,2024-10-17,SKU1028,WH_SOUTH,9,716.34,0.0,No,6447.06
506443,2024-10-17,SKU1026,WH_NORTH,10,994.38,15.0,No,8452.23
506445,2024-10-17,SKU1029,WH_NORTH,9,716.7,0.0,No,6450.3
506450,2024-10-17,SKU1039,WH_SOUTH,23,222.44,0.0,No,5116.12
506460,2024-10-18,SKU1024,WH_SOUTH,16,1822.24,0.0,Yes,29155.84
506464,2024-10-18,SKU1032,WH_SOUTH,26,2757.64,0.0,No,71698.64
506453,2024-10-18,SKU1003,WH_SOUTH,7,21674.48,20.0,No,121377.09
506465,2024-10-18,SKU1033,WH_WEST,20,1093.06,5.0,No,20768.14
506454,2024-10-18,SKU1010,WH_SOUTH,13,1240.02,5.0,No,15314.25
506461,2024-10-18,SKU1025,WH_NORTH,8,1880.05,0.0,No,15040.4
506456,2024-10-18,SKU1015,WH_SOUTH,16,808.05,0.0,No,12928.8
506459,2024-10-18,SKU1020,WH_WEST,8,2359.13,10.0,No,16985.74
506467,2024-10-18,SKU1036,WH_SOUTH,20,2919.38,20.0,No,46710.08
506466,2024-10-18,SKU1034,WH_NORTH,22,2229.38,15.0,No,41689.41
506463,2024-10-18,SKU1031,WH_WEST,27,2789.96,0.0,No,75328.92
506458,2024-10-18,SKU1017,WH_SOUTH,20,2741.56,0.0,No,56201.98
506455,2024-10-18,SKU1013,WH_NORTH,13,2835.28,5.0,No,35015.71
506462,2024-10-18,SKU1029,WH_NORTH,11,716.7,15.0,No,6701.14
506452,2024-10-18,SKU1001,WH_SOUTH,7,19525.32,0.0,No,136677.24
506457,2024-10-18,SKU1016,WH_SOUTH,12,497.81,0.0,No,5973.72
506468,2024-10-18,SKU1039,WH_NORTH,15,222.44,0.0,No,3336.6
506451,2024-10-18,SKU1000,WH_SOUTH,8,9457.32,0.0,No,75658.56
506481,2024-10-19,SKU1027,WH_SOUTH,13,194.56,0.0,No,2529.28
506488,2024-10-19,SKU1036,WH_SOUTH,31,2919.38,10.0,No,81450.7
506483,2024-10-19,SKU1029,WH_WEST,15,716.7,15.0,Yes,9137.92
506480,2024-10-19,SKU1026,WH_NORTH,16,994.38,0.0,No,15910.08
506476,2024-10-19,SKU1015,WH_WEST,13,808.05,0.0,No,10504.65
506490,2024-10-19,SKU1038,WH_NORTH,16,1639.79,10.0,No,23612.98
506475,2024-10-19,SKU1012,WH_WEST,20,1433.92,0.0,Yes,29395.36
506473,2024-10-19,SKU1009,WH_WEST,8,1309.64,20.0,Yes,8381.7
506478,2024-10-19,SKU1023,WH_NORTH,16,1257.73,10.0,No,18111.31
506484,2024-10-19,SKU1031,WH_NORTH,38,2789.96,0.0,No,107413.46
506479,2024-10-19,SKU1025,WH_NORTH,16,1880.05,0.0,No,30080.8
506477,2024-10-19,SKU1016,WH_SOUTH,13,497.81,0.0,No,6471.53
506487,2024-10-19,SKU1034,WH_SOUTH,33,2229.38,0.0,No,73569.54
506489,2024-10-19,SKU1037,WH_WEST,37,2206.93,5.0,No,77573.59
506470,2024-10-19,SKU1004,WH_NORTH,5,661.52,0.0,No,3307.6
506474,2024-10-19,SKU1011,WH_NORTH,1,282.38,0.0,No,282.38
506491,2024-10-19,SKU1039,WH_NORTH,29,222.44,10.0,No,5805.68
506486,2024-10-19,SKU1033,WH_NORTH,33,1093.06,10.0,No,32463.88
506469,2024-10-19,SKU1001,WH_NORTH,6,19525.32,0.0,No,117151.92
506471,2024-10-19,SKU1005,WH_NORTH,9,23473.03,0.0,No,211257.27
506485,2024-10-19,SKU1032,WH_WEST,23,2757.64,0.0,No,63425.72
506482,2024-10-19,SKU1028,WH_SOUTH,8,716.34,0.0,No,5730.72
506472,2024-10-19,SKU1007,WH_NORTH,9,13190.2,0.0,Yes,118711.8
506513,2024-10-20,SKU1038,WH_NORTH,26,1639.79,0.0,No,42634.54
506504,2024-10-20,SKU1025,WH_WEST,10,1880.05,0.0,No,18800.5
506501,2024-10-20,SKU1020,WH_WEST,16,2359.13,20.0,No,30196.86
506511,2024-10-20,SKU1036,WH_NORTH,38,2919.38,0.0,No,112396.13
506510,2024-10-20,SKU1035,WH_NORTH,25,1749.54,5.0,No,41551.57
506514,2024-10-20,SKU1039,WH_NORTH,29,222.44,0.0,No,6450.76
506498,2024-10-20,SKU1016,WH_NORTH,17,497.81,0.0,No,8462.77
506506,2024-10-20,SKU1028,WH_NORTH,14,716.34,5.0,No,9527.32
506500,2024-10-20,SKU1018,WH_WEST,18,2038.19,0.0,No,36687.42
506502,2024-10-20,SKU1022,WH_SOUTH,16,278.9,5.0,Yes,4239.28
506507,2024-10-20,SKU1029,WH_NORTH,14,716.7,0.0,No,10033.8
506492,2024-10-20,SKU1000,WH_SOUTH,6,9457.32,10.0,No,51069.53
506495,2024-10-20,SKU1010,WH_SOUTH,14,1240.02,15.0,No,14756.24
506497,2024-10-20,SKU1014,WH_SOUTH,16,1248.44,0.0,Yes,19975.04
506508,2024-10-20,SKU1030,WH_NORTH,35,2402.0,0.0,No,84070.0
506493,2024-10-20,SKU1001,WH_WEST,8,19525.32,0.0,No,156202.56
506496,2024-10-20,SKU1013,WH_NORTH,20,2835.28,10.0,Yes,52310.92
506494,2024-10-20,SKU1007,WH_WEST,9,13190.2,0.0,Yes,118711.8
506512,2024-10-20,SKU1037,WH_SOUTH,34,2206.93,15.0,No,63780.28
506505,2024-10-20,SKU1026,WH_NORTH,12,994.38,10.0,No,10739.3
506509,2024-10-20,SKU1032,WH_WEST,38,2757.64,0.0,No,106169.14
506503,2024-10-20,SKU1024,WH_NORTH,11,1822.24,10.0,No,18040.18
506499,2024-10-20,SKU1017,WH_SOUTH,12,2741.56,0.0,No,32898.72
506518,2024-10-21,SKU1004,WH_NORTH,6,661.52,5.0,No,3770.66
506536,2024-10-21,SKU1034,WH_WEST,37,2229.38,10.0,No,74238.35
506526,2024-10-21,SKU1017,WH_NORTH,10,2741.56,0.0,No,27415.6
506517,2024-10-21,SKU1002,WH_WEST,5,4026.46,0.0,No,20132.3
506520,2024-10-21,SKU1007,WH_NORTH,6,13190.2,0.0,No,79141.2
506521,2024-10-21,SKU1010,WH_NORTH,17,1240.02,0.0,No,21080.34
506534,2024-10-21,SKU1031,WH_SOUTH,37,2789.96,10.0,Yes,92905.67
506531,2024-10-21,SKU1027,WH_WEST,7,194.56,0.0,No,1361.92
506515,2024-10-21,SKU1000,WH_WEST,5,9457.32,0.0,No,47286.6
506538,2024-10-21,SKU1036,WH_NORTH,20,2919.38,15.0,No,49629.46
506524,2024-10-21,SKU1015,WH_WEST,17,808.05,0.0,No,13736.85
506533,2024-10-21,SKU1029,WH_WEST,10,716.7,0.0,No,7167.0
506519,2024-10-21,SKU1005,WH_NORTH,6,23473.03,0.0,No,140838.18
506523,2024-10-21,SKU1013,WH_SOUTH,18,2835.28,0.0,No,51035.04
506522,2024-10-21,SKU1011,WH_SOUTH,15,282.38,0.0,No,4235.7
506527,2024-10-21,SKU1019,WH_WEST,15,1767.95,5.0,No,25193.29
506516,2024-10-21,SKU1001,WH_NORTH,4,19525.32,10.0,No,70291.15
506530,2024-10-21,SKU1024,WH_WEST,10,1822.24,0.0,No,18222.4
506537,2024-10-21,SKU1035,WH_SOUTH,25,1749.54,0.0,No,43738.5
506525,2024-10-21,SKU1016,WH_SOUTH,20,497.81,20.0,No,7964.96
506528,2024-10-21,SKU1020,WH_SOUTH,15,2359.13,20.0,No,28309.56
506535,2024-10-21,SKU1033,WH_NORTH,31,1093.06,0.0,No,33884.86
506529,2024-10-21,SKU1023,WH_NORTH,10,1257.73,5.0,No,11948.44
506532,2024-10-21,SKU1028,WH_WEST,11,716.34,0.0,No,7879.74
506539,2024-10-21,SKU1037,WH_NORTH,20,2206.93,5.0,No,41931.67
506557,2024-10-22,SKU1036,WH_NORTH,17,2919.38,5.0,No,47147.99
506554,2024-10-22,SKU1029,WH_WEST,10,716.7,10.0,No,6450.3
506551,2024-10-22,SKU1020,WH_NORTH,8,2359.13,0.0,No,18873.04
506540,2024-10-22,SKU1002,WH_SOUTH,5,4026.46,15.0,Yes,17112.45
506546,2024-10-22,SKU1014,WH_NORTH,11,1248.44,0.0,No,13732.84
506556,2024-10-22,SKU1033,WH_NORTH,15,1093.06,0.0,No,16395.9
506555,2024-10-22,SKU1030,WH_SOUTH,25,2402.0,0.0,No,60050.0
506559,2024-10-22,SKU1038,WH_SOUTH,38,1639.79,0.0,Yes,63131.92
506550,2024-10-22,SKU1019,WH_NORTH,14,1767.95,10.0,No,22276.17
506544,2024-10-22,SKU1009,WH_NORTH,7,1309.64,10.0,Yes,8250.73
506549,2024-10-22,SKU1018,WH_SOUTH,10,2038.19,10.0,No,18343.71
506548,2024-10-22,SKU1017,WH_WEST,11,2741.56,0.0,No,30157.16
506560,2024-10-22,SKU1039,WH_NORTH,26,222.44,0.0,No,5783.44
506545,2024-10-22,SKU1010,WH_SOUTH,8,1240.02,0.0,No,9920.16
506558,2024-10-22,SKU1037,WH_NORTH,23,2206.93,5.0,No,48221.42
506552,2024-10-22,SKU1021,WH_WEST,10,2700.26,0.0,No,27002.6
506542,2024-10-22,SKU1004,WH_WEST,6,661.52,0.0,No,3969.12
506553,2024-10-22,SKU1025,WH_WEST,8,1880.05,0.0,No,15040.4
506541,2024-10-22,SKU1003,WH_WEST,8,21674.48,5.0,No,164726.05
506543,2024-10-22,SKU1007,WH_WEST,5,13190.2,0.0,No,65951.0
506547,2024-10-22,SKU1016,WH_WEST,15,497.81,5.0,No,7093.79
506567,2024-10-23,SKU1013,WH_NORTH,14,2835.28,10.0,No,35724.53
506563,2024-10-23,SKU1005,WH_NORTH,5,23473.03,10.0,No,105628.64
506584,2024-10-23,SKU1038,WH_WEST,27,1639.79,10.0,No,39846.9
506579,2024-10-23,SKU1030,WH_SOUTH,23,2402.0,10.0,No,49721.4
506581,2024-10-23,SKU1033,WH_NORTH,18,1093.06,0.0,No,19675.08
506566,2024-10-23,SKU1010,WH_WEST,3,1240.02,0.0,No,3720.06
506568,2024-10-23,SKU1014,WH_NORTH,9,1248.44,5.0,No,10674.16
506561,2024-10-23,SKU1003,WH_NORTH,6,21674.48,10.0,No,117042.19
506580,2024-10-23,SKU1031,WH_SOUTH,28,2789.96,20.0,No,62495.1
506577,2024-10-23,SKU1027,WH_NORTH,10,194.56,5.0,No,1848.32
506574,2024-10-23,SKU1024,WH_NORTH,13,1822.24,0.0,No,23689.12
506569,2024-10-23,SKU1018,WH_SOUTH,10,2038.19,5.0,No,19362.8
506573,2024-10-23,SKU1023,WH_WEST,12,1257.73,0.0,No,15092.76
506572,2024-10-23,SKU1022,WH_WEST,8,278.9,0.0,No,2231.2
506583,2024-10-23,SKU1036,WH_SOUTH,31,2919.38,0.0,No,90500.78
506575,2024-10-23,SKU1025,WH_SOUTH,10,1880.05,10.0,No,16920.45
506562,2024-10-23,SKU1004,WH_NORTH,4,661.52,0.0,No,2646.08
506570,2024-10-23,SKU1019,WH_SOUTH,10,1767.95,0.0,No,17679.5
506571,2024-10-23,SKU1020,WH_NORTH,12,2359.13,0.0,No,28309.56
506578,2024-10-23,SKU1029,WH_WEST,11,716.7,10.0,Yes,7095.33
506576,2024-10-23,SKU1026,WH_NORTH,16,994.38,20.0,Yes,12728.06
506564,2024-10-23,SKU1006,WH_WEST,5,4707.6,0.0,No,23538.0
506582,2024-10-23,SKU1034,WH_WEST,38,2229.38,0.0,Yes,85831.13
506565,2024-10-23,SKU1009,WH_NORTH,7,1309.64,10.0,No,8250.73
506598,2024-10-24,SKU1034,WH_WEST,26,2229.38,10.0,No,52167.49
506587,2024-10-24,SKU1008,WH_NORTH,7,7387.04,0.0,No,51709.28
506600,2024-10-24,SKU1036,WH_SOUTH,29,2919.38,10.0,No,76195.82
506596,2024-10-24,SKU1030,WH_NORTH,33,2402.0,15.0,No,67376.1
506597,2024-10-24,SKU1033,WH_WEST,25,1093.06,10.0,No,24593.85
506599,2024-10-24,SKU1035,WH_SOUTH,23,1749.54,0.0,No,40239.42
506592,2024-10-24,SKU1016,WH_WEST,16,497.81,0.0,No,7964.96
506594,2024-10-24,SKU1023,WH_WEST,6,1257.73,0.0,No,7546.38
506588,2024-10-24,SKU1009,WH_WEST,5,1309.64,0.0,No,6548.2
506585,2024-10-24,SKU1002,WH_NORTH,4,4026.46,20.0,No,12884.67
506586,2024-10-24,SKU1003,WH_SOUTH,6,21674.48,10.0,No,117042.19
506591,2024-10-24,SKU1014,WH_SOUTH,20,1248.44,15.0,Yes,21754.07
506595,2024-10-24,SKU1028,WH_SOUTH,11,716.34,20.0,No,6303.79
506593,2024-10-24,SKU1020,WH_NORTH,16,2359.13,0.0,Yes,37746.08
506590,2024-10-24,SKU1011,WH_WEST,13,282.38,15.0,No,3120.3
506589,2024-10-24,SKU1010,WH_SOUTH,13,1240.02,0.0,No,16120.26
506606,2024-10-25,SKU1007,WH_WEST,6,13190.2,0.0,No,79141.2
506614,2024-10-25,SKU1021,WH_NORTH,6,2700.26,10.0,No,14581.4
506602,2024-10-25,SKU1001,WH_SOUTH,7,19525.32,10.0,No,123009.52
506605,2024-10-25,SKU1005,WH_SOUTH,7,23473.03,0.0,No,164311.21
506610,2024-10-25,SKU1016,WH_SOUTH,17,497.81,0.0,No,8462.77
506611,2024-10-25,SKU1017,WH_WEST,13,2741.56,0.0,No,35640.28
506612,2024-10-25,SKU1018,WH_SOUTH,14,2038.19,15.0,No,24254.46
506617,2024-10-25,SKU1029,WH_WEST,10,716.7,15.0,No,6091.95
506616,2024-10-25,SKU1028,WH_WEST,10,716.34,5.0,No,6805.23
506619,2024-10-25,SKU1033,WH_NORTH,29,1093.06,5.0,No,30113.8
506622,2024-10-25,SKU1037,WH_NORTH,25,2206.93,0.0,No,55173.25
506608,2024-10-25,SKU1010,WH_NORTH,13,1240.02,0.0,No,16120.26
506621,2024-10-25,SKU1036,WH_NORTH,21,2919.38,5.0,No,58241.63
506623,2024-10-25,SKU1038,WH_WEST,31,1639.79,0.0,No,50833.49
506613,2024-10-25,SKU1020,WH_WEST,6,2359.13,10.0,No,12739.3
506618,2024-10-25,SKU1030,WH_WEST,28,2402.0,0.0,No,67256.0
506607,2024-10-25,SKU1009,WH_NORTH,4,1309.64,0.0,No,5238.56
506603,2024-10-25,SKU1002,WH_SOUTH,4,4026.46,0.0,No,16105.84
506609,2024-10-25,SKU1012,WH_NORTH,10,1433.92,0.0,No,14339.2
506601,2024-10-25,SKU1000,WH_SOUTH,7,9457.32,20.0,No,52960.99
506620,2024-10-25,SKU1034,WH_SOUTH,24,2229.38,0.0,No,53505.12
506604,2024-10-25,SKU1003,WH_WEST,3,21674.48,0.0,No,65023.44
506615,2024-10-25,SKU1025,WH_SOUTH,10,1880.05,10.0,No,16920.45
506631,2024-10-26,SKU1017,WH_NORTH,20,2741.56,0.0,No,54831.2
506627,2024-10-26,SKU1008,WH_WEST,8,7387.04,15.0,No,50231.87
506639,2024-10-26,SKU1039,WH_NORTH,38,222.44,10.0,No,7607.45
506629,2024-10-26,SKU1012,WH_WEST,20,1433.92,0.0,No,29395.36
506624,2024-10-26,SKU1001,WH_SOUTH,6,19525.32,10.0,No,105436.73
506625,2024-10-26,SKU1003,WH_SOUTH,8,21674.48,0.0,No,173395.84
506632,2024-10-26,SKU1018,WH_NORTH,10,2038.19,0.0,No,20381.9
506630,2024-10-26,SKU1014,WH_NORTH,15,1248.44,20.0,No,14981.28
506633,2024-10-26,SKU1019,WH_NORTH,20,1767.95,15.0,Yes,30806.53
506637,2024-10-26,SKU1035,WH_WEST,24,1749.54,10.0,No,37790.06
506628,2024-10-26,SKU1010,WH_SOUTH,16,1240.02,10.0,No,17856.29
506636,2024-10-26,SKU1032,WH_NORTH,29,2757.64,0.0,Yes,79971.56
506635,2024-10-26,SKU1030,WH_WEST,29,2402.0,0.0,No,69658.0
506634,2024-10-26,SKU1020,WH_WEST,16,2359.13,0.0,No,37746.08
506626,2024-10-26,SKU1005,WH_NORTH,9,23473.03,5.0,Yes,200694.41
506638,2024-10-26,SKU1037,WH_NORTH,38,2206.93,0.0,No,83863.34
506652,2024-10-27,SKU1019,WH_WEST,16,1767.95,5.0,No,26872.84
506643,2024-10-27,SKU1004,WH_WEST,6,661.52,0.0,No,3969.12
506651,2024-10-27,SKU1016,WH_SOUTH,18,497.81,10.0,No,8064.52
506646,2024-10-27,SKU1009,WH_WEST,4,1309.64,0.0,No,5238.56
506644,2024-10-27,SKU1005,WH_NORTH,6,23473.03,0.0,No,140838.18
506654,2024-10-27,SKU1025,WH_WEST,10,1880.05,0.0,No,18800.5
506655,2024-10-27,SKU1028,WH_WEST,16,716.34,15.0,Yes,9742.22
506648,2024-10-27,SKU1011,WH_WEST,19,282.38,5.0,No,5096.96
506659,2024-10-27,SKU1035,WH_SOUTH,38,1749.54,0.0,No,67357.29
506642,2024-10-27,SKU1003,WH_SOUTH,9,21674.48,5.0,No,185316.8
506641,2024-10-27,SKU1002,WH_NORTH,7,4026.46,0.0,No,28185.22
506645,2024-10-27,SKU1006,WH_SOUTH,6,4707.6,0.0,No,28245.6
506660,2024-10-27,SKU1036,WH_NORTH,33,2919.38,0.0,No,96339.54
506656,2024-10-27,SKU1030,WH_NORTH,14,2402.0,0.0,No,33628.0
506649,2024-10-27,SKU1013,WH_NORTH,15,2835.28,5.0,No,40402.74
506650,2024-10-27,SKU1014,WH_NORTH,13,1248.44,0.0,No,16229.72
506657,2024-10-27,SKU1032,WH_SOUTH,28,2757.64,15.0,No,65631.83
506647,2024-10-27,SKU1010,WH_WEST,15,1240.02,0.0,No,18600.3
506640,2024-10-27,SKU1001,WH_WEST,8,19525.32,0.0,No,156202.56
506662,2024-10-27,SKU1039,WH_WEST,31,222.44,0.0,No,6895.64
506661,2024-10-27,SKU1037,WH_WEST,23,2206.93,5.0,No,48221.42
506658,2024-10-27,SKU1034,WH_WEST,23,2229.38,10.0,Yes,46148.17
506653,2024-10-27,SKU1021,WH_SOUTH,14,2700.26,0.0,No,37803.64
506667,2024-10-28,SKU1006,WH_SOUTH,7,4707.6,0.0,No,32953.2
506670,2024-10-28,SKU1015,WH_SOUTH,20,808.05,0.0,Yes,16565.02
506677,2024-10-28,SKU1030,WH_SOUTH,25,2402.0,10.0,No,54045.0
506675,2024-10-28,SKU1024,WH_SOUTH,10,1822.24,15.0,No,15489.04
506668,2024-10-28,SKU1008,WH_NORTH,9,7387.04,0.0,Yes,66483.36
506666,2024-10-28,SKU1004,WH_SOUTH,8,661.52,0.0,No,5292.16
506678,2024-10-28,SKU1031,WH_SOUTH,30,2789.96,0.0,No,83698.8
506669,2024-10-28,SKU1009,WH_WEST,8,1309.64,0.0,No,10477.12
506671,2024-10-28,SKU1018,WH_NORTH,11,2038.19,10.0,No,20178.08
506680,2024-10-28,SKU1033,WH_NORTH,29,1093.06,0.0,No,31698.74
506674,2024-10-28,SKU1021,WH_SOUTH,16,2700.26,0.0,Yes,43204.16
506679,2024-10-28,SKU1032,WH_NORTH,23,2757.64,0.0,No,63425.72
506683,2024-10-28,SKU1038,WH_NORTH,15,1639.79,10.0,No,22137.16
506664,2024-10-28,SKU1002,WH_SOUTH,5,4026.46,10.0,No,18119.07
506676,2024-10-28,SKU1029,WH_SOUTH,10,716.7,10.0,No,6450.3
506672,2024-10-28,SKU1019,WH_WEST,10,1767.95,20.0,No,14143.6
506681,2024-10-28,SKU1035,WH_NORTH,11,1749.54,15.0,No,16358.2
506665,2024-10-28,SKU1003,WH_NORTH,9,21674.48,15.0,Yes,165809.77
506663,2024-10-28,SKU1001,WH_NORTH,6,19525.32,5.0,No,111294.32
506682,2024-10-28,SKU1037,WH_NORTH,24,2206.93,5.0,No,50318.0
506673,2024-10-28,SKU1020,WH_NORTH,9,2359.13,0.0,No,21232.17
506685,2024-10-29,SKU1006,WH_SOUTH,9,4707.6,0.0,Yes,42368.4
506687,2024-10-29,SKU1009,WH_SOUTH,9,1309.64,0.0,No,11786.76
506688,2024-10-29,SKU1010,WH_SOUTH,16,1240.02,0.0,No,19840.32
506695,2024-10-29,SKU1027,WH_WEST,12,194.56,0.0,No,2334.72
506698,2024-10-29,SKU1031,WH_SOUTH,28,2789.96,0.0,No,78118.88
506686,2024-10-29,SKU1007,WH_NORTH,9,13190.2,5.0,Yes,112776.21
506702,2024-10-29,SKU1037,WH_NORTH,26,2206.93,0.0,No,57380.18
506693,2024-10-29,SKU1019,WH_WEST,13,1767.95,0.0,No,22983.35
506694,2024-10-29,SKU1023,WH_SOUTH,12,1257.73,10.0,No,13583.48
506697,2024-10-29,SKU1030,WH_SOUTH,35,2402.0,0.0,No,84070.0
506689,2024-10-29,SKU1011,WH_NORTH,10,282.38,0.0,No,2823.8
506703,2024-10-29,SKU1038,WH_WEST,27,1639.79,0.0,No,44274.33
506692,2024-10-29,SKU1018,WH_WEST,12,2038.19,0.0,No,24458.28
506690,2024-10-29,SKU1014,WH_NORTH,14,1248.44,0.0,No,17478.16
506699,2024-10-29,SKU1032,WH_SOUTH,22,2757.64,15.0,No,51567.87
506701,2024-10-29,SKU1035,WH_WEST,33,1749.54,15.0,No,49074.6
506691,2024-10-29,SKU1016,WH_NORTH,11,497.81,15.0,No,4654.52
506700,2024-10-29,SKU1033,WH_SOUTH,31,1093.06,15.0,No,28802.13
506684,2024-10-29,SKU1000,WH_NORTH,6,9457.32,0.0,No,56743.92
506696,2024-10-29,SKU1028,WH_NORTH,12,716.34,0.0,No,8596.08
506706,2024-10-30,SKU1002,WH_SOUTH,6,4026.46,0.0,No,24158.76
506727,2024-10-30,SKU1038,WH_NORTH,29,1639.79,0.0,No,47553.91
506710,2024-10-30,SKU1007,WH_NORTH,7,13190.2,0.0,Yes,92331.4
506726,2024-10-30,SKU1036,WH_SOUTH,23,2919.38,0.0,No,67145.74
506704,2024-10-30,SKU1000,WH_NORTH,5,9457.32,0.0,No,47286.6
506705,2024-10-30,SKU1001,WH_SOUTH,6,19525.32,5.0,No,111294.32
506712,2024-10-30,SKU1011,WH_SOUTH,15,282.38,0.0,No,4235.7
506708,2024-10-30,SKU1004,WH_NORTH,8,661.52,15.0,Yes,4498.34
506716,2024-10-30,SKU1017,WH_NORTH,14,2741.56,15.0,No,32624.56
506724,2024-10-30,SKU1033,WH_WEST,21,1093.06,0.0,No,22954.26
506713,2024-10-30,SKU1014,WH_NORTH,11,1248.44,5.0,Yes,13046.2
506707,2024-10-30,SKU1003,WH_NORTH,5,21674.48,20.0,No,86697.92
506718,2024-10-30,SKU1022,WH_WEST,11,278.9,10.0,No,2761.11
506719,2024-10-30,SKU1024,WH_NORTH,7,1822.24,0.0,No,12755.68
506720,2024-10-30,SKU1027,WH_NORTH,13,194.56,0.0,No,2529.28
506715,2024-10-30,SKU1016,WH_WEST,8,497.81,10.0,No,3584.23
506711,2024-10-30,SKU1010,WH_NORTH,13,1240.02,15.0,No,13702.22
506722,2024-10-30,SKU1030,WH_WEST,19,2402.0,0.0,No,45638.0
506725,2024-10-30,SKU1034,WH_SOUTH,36,2229.38,0.0,Yes,80257.68
506714,2024-10-30,SKU1015,WH_WEST,10,808.05,0.0,No,8080.5
506717,2024-10-30,SKU1018,WH_NORTH,12,2038.19,20.0,No,19566.62
506721,2024-10-30,SKU1029,WH_NORTH,7,716.7,20.0,No,4013.52
506723,2024-10-30,SKU1032,WH_WEST,25,2757.64,0.0,No,68941.0
506709,2024-10-30,SKU1006,WH_WEST,9,4707.6,15.0,Yes,36013.14
506728,2024-10-30,SKU1039,WH_SOUTH,30,222.44,0.0,No,6673.2
506740,2024-10-31,SKU1025,WH_WEST,11,1880.05,0.0,No,20680.55
506738,2024-10-31,SKU1016,WH_SOUTH,11,497.81,0.0,No,5475.91
506732,2024-10-31,SKU1005,WH_NORTH,6,23473.03,0.0,No,140838.18
506744,2024-10-31,SKU1037,WH_SOUTH,26,2206.93,0.0,No,57380.18
506731,2024-10-31,SKU1003,WH_NORTH,6,21674.48,15.0,No,110539.85
506734,2024-10-31,SKU1007,WH_SOUTH,7,13190.2,10.0,No,83098.26
506743,2024-10-31,SKU1036,WH_WEST,12,2919.38,20.0,No,28026.05
506739,2024-10-31,SKU1024,WH_NORTH,9,1822.24,10.0,No,14760.14
506737,2024-10-31,SKU1014,WH_SOUTH,12,1248.44,0.0,No,14981.28
506730,2024-10-31,SKU1002,WH_WEST,7,4026.46,10.0,No,25366.7
506741,2024-10-31,SKU1028,WH_SOUTH,12,716.34,0.0,No,8596.08
506733,2024-10-31,SKU1006,WH_WEST,8,4707.6,5.0,No,35777.76
506742,2024-10-31,SKU1031,WH_NORTH,18,2789.96,10.0,No,45197.35
506729,2024-10-31,SKU1000,WH_WEST,8,9457.32,10.0,No,68092.7
506736,2024-10-31,SKU1011,WH_NORTH,17,282.38,0.0,No,4800.46
506735,2024-10-31,SKU1008,WH_WEST,8,7387.04,5.0,No,56141.5
506746,2024-11-01,SKU1001,WH_NORTH,6,19525.32,10.0,No,105436.73
506758,2024-11-01,SKU1020,WH_NORTH,7,2359.13,0.0,No,16513.91
506751,2024-11-01,SKU1008,WH_NORTH,7,7387.04,0.0,No,51709.28
506764,2024-11-01,SKU1030,WH_WEST,15,2402.0,0.0,No,36030.0
506752,2024-11-01,SKU1011,WH_SOUTH,13,282.38,0.0,No,3670.94
506760,2024-11-01,SKU1022,WH_SOUTH,13,278.9,0.0,Yes,3625.7
506761,2024-11-01,SKU1025,WH_NORTH,11,1880.05,0.0,No,20680.55
506765,2024-11-01,SKU1032,WH_WEST,28,2757.64,20.0,No,61771.14
506753,2024-11-01,SKU1012,WH_NORTH,13,1433.92,0.0,No,18640.96
506766,2024-11-01,SKU1036,WH_SOUTH,28,2919.38,20.0,No,65394.11
506749,2024-11-01,SKU1005,WH_NORTH,6,23473.03,0.0,No,140838.18
506759,2024-11-01,SKU1021,WH_SOUTH,12,2700.26,0.0,Yes,32403.12
506754,2024-11-01,SKU1013,WH_NORTH,7,2835.28,20.0,No,15877.57
506750,2024-11-01,SKU1007,WH_SOUTH,9,13190.2,0.0,No,118711.8
506757,2024-11-01,SKU1019,WH_SOUTH,8,1767.95,15.0,No,12022.06
506747,2024-11-01,SKU1002,WH_NORTH,9,4026.46,0.0,Yes,36238.14
506745,2024-11-01,SKU1000,WH_SOUTH,7,9457.32,0.0,No,66201.24
506756,2024-11-01,SKU1018,WH_NORTH,13,2038.19,0.0,No,26496.47
506762,2024-11-01,SKU1027,WH_SOUTH,13,194.56,0.0,No,2529.28
506755,2024-11-01,SKU1017,WH_NORTH,9,2741.56,0.0,No,24674.04
506763,2024-11-01,SKU1028,WH_NORTH,3,716.34,0.0,No,2149.02
506748,2024-11-01,SKU1004,WH_NORTH,5,661.52,0.0,No,3307.6
506782,2024-11-02,SKU1027,WH_SOUTH,13,194.56,0.0,No,2529.28
506777,2024-11-02,SKU1017,WH_NORTH,16,2741.56,10.0,No,39478.46
506773,2024-11-02,SKU1009,WH_WEST,7,1309.64,0.0,No,9167.48
506769,2024-11-02,SKU1004,WH_SOUTH,9,661.52,0.0,No,5953.68
506786,2024-11-02,SKU1033,WH_SOUTH,32,1093.06,0.0,No,34977.92
506770,2024-11-02,SKU1005,WH_WEST,9,23473.03,15.0,No,179568.68
506785,2024-11-02,SKU1030,WH_NORTH,38,2402.0,0.0,No,92477.0
506787,2024-11-02,SKU1035,WH_NORTH,38,1749.54,0.0,Yes,67357.29
506781,2024-11-02,SKU1026,WH_SOUTH,8,994.38,0.0,No,7955.04
506783,2024-11-02,SKU1028,WH_NORTH,14,716.34,0.0,Yes,10028.76
506779,2024-11-02,SKU1021,WH_SOUTH,16,2700.26,10.0,No,38883.74
506771,2024-11-02,SKU1007,WH_WEST,8,13190.2,0.0,No,105521.6
506775,2024-11-02,SKU1011,WH_WEST,20,282.38,5.0,No,5499.35
506778,2024-11-02,SKU1020,WH_SOUTH,16,2359.13,0.0,Yes,37746.08
506780,2024-11-02,SKU1024,WH_WEST,11,1822.24,5.0,No,19042.41
506784,2024-11-02,SKU1029,WH_NORTH,9,716.7,10.0,No,5805.27
506776,2024-11-02,SKU1012,WH_NORTH,14,1433.92,0.0,No,20074.88
506767,2024-11-02,SKU1000,WH_SOUTH,9,9457.32,0.0,No,85115.88
506768,2024-11-02,SKU1002,WH_WEST,6,4026.46,0.0,No,24158.76
506774,2024-11-02,SKU1010,WH_WEST,20,1240.02,0.0,No,25420.41
506772,2024-11-02,SKU1008,WH_WEST,9,7387.04,0.0,Yes,66483.36
506793,2024-11-03,SKU1010,WH_NORTH,18,1240.02,0.0,No,22320.36
506791,2024-11-03,SKU1004,WH_WEST,8,661.52,0.0,No,5292.16
506794,2024-11-03,SKU1011,WH_SOUTH,18,282.38,10.0,No,4574.56
506806,2024-11-03,SKU1035,WH_NORTH,38,1749.54,15.0,Yes,57253.7
506805,2024-11-03,SKU1033,WH_NORTH,38,1093.06,0.0,No,42082.81
506797,2024-11-03,SKU1014,WH_SOUTH,14,1248.44,15.0,No,14856.44
506788,2024-11-03,SKU1000,WH_WEST,4,9457.32,15.0,No,32154.89
506809,2024-11-03,SKU1039,WH_SOUTH,29,222.44,0.0,No,6450.76
506801,2024-11-03,SKU1024,WH_NORTH,12,1822.24,15.0,No,18586.85
506799,2024-11-03,SKU1020,WH_SOUTH,12,2359.13,0.0,No,28309.56
506808,2024-11-03,SKU1038,WH_SOUTH,23,1639.79,5.0,No,35829.41
506798,2024-11-03,SKU1016,WH_NORTH,12,497.81,10.0,No,5376.35
506790,2024-11-03,SKU1002,WH_WEST,6,4026.46,0.0,No,24158.76
506795,2024-11-03,SKU1012,WH_SOUTH,14,1433.92,0.0,No,20074.88
506792,2024-11-03,SKU1005,WH_SOUTH,9,23473.03,0.0,No,211257.27
506804,2024-11-03,SKU1029,WH_NORTH,14,716.7,5.0,No,9532.11
506807,2024-11-03,SKU1036,WH_WEST,26,2919.38,0.0,No,75903.88
506803,2024-11-03,SKU1028,WH_NORTH,15,716.34,10.0,No,9670.59
506789,2024-11-03,SKU1001,WH_WEST,7,19525.32,20.0,No,109341.79
506802,2024-11-03,SKU1026,WH_SOUTH,13,994.38,0.0,No,12926.94
506796,2024-11-03,SKU1013,WH_NORTH,13,2835.28,10.0,No,33172.78
506800,2024-11-03,SKU1022,WH_WEST,14,278.9,5.0,No,3709.37
506813,2024-11-04,SKU1004,WH_NORTH,5,661.52,0.0,No,3307.6
506827,2024-11-04,SKU1028,WH_SOUTH,9,716.34,10.0,No,5802.35
506814,2024-11-04,SKU1005,WH_SOUTH,6,23473.03,5.0,No,133796.27
506811,2024-11-04,SKU1002,WH_SOUTH,4,4026.46,0.0,No,16105.84
506824,2024-11-04,SKU1025,WH_SOUTH,10,1880.05,0.0,No,18800.5
506823,2024-11-04,SKU1022,WH_WEST,11,278.9,0.0,No,3067.9
506817,2024-11-04,SKU1011,WH_WEST,18,282.38,0.0,No,5082.84
506833,2024-11-04,SKU1035,WH_NORTH,27,1749.54,0.0,No,47237.58
506821,2024-11-04,SKU1019,WH_NORTH,7,1767.95,5.0,No,11756.87
506810,2024-11-04,SKU1000,WH_NORTH,6,9457.32,20.0,No,45395.14
506812,2024-11-04,SKU1003,WH_NORTH,5,21674.48,10.0,No,97535.16
506822,2024-11-04,SKU1020,WH_WEST,10,2359.13,0.0,No,23591.3
506830,2024-11-04,SKU1031,WH_NORTH,22,2789.96,0.0,No,61379.12
506831,2024-11-04,SKU1032,WH_WEST,15,2757.64,0.0,No,41364.6
506820,2024-11-04,SKU1018,WH_NORTH,11,2038.19,5.0,No,21299.09
506826,2024-11-04,SKU1027,WH_SOUTH,14,194.56,0.0,Yes,2723.84
506828,2024-11-04,SKU1029,WH_WEST,11,716.7,0.0,No,7883.7
506816,2024-11-04,SKU1010,WH_WEST,12,1240.02,5.0,No,14136.23
506818,2024-11-04,SKU1014,WH_SOUTH,18,1248.44,0.0,Yes,22471.92
506815,2024-11-04,SKU1008,WH_NORTH,5,7387.04,20.0,No,29548.16
506829,2024-11-04,SKU1030,WH_SOUTH,12,2402.0,10.0,No,25941.6
506832,2024-11-04,SKU1034,WH_WEST,16,2229.38,5.0,No,33886.58
506819,2024-11-04,SKU1015,WH_SOUTH,12,808.05,5.0,No,9211.77
506825,2024-11-04,SKU1026,WH_NORTH,13,994.38,5.0,No,12280.59
506857,2024-11-05,SKU1039,WH_NORTH,28,222.44,5.0,No,5916.9
506839,2024-11-05,SKU1010,WH_SOUTH,15,1240.02,0.0,No,18600.3
506847,2024-11-05,SKU1020,WH_NORTH,10,2359.13,0.0,No,23591.3
506841,2024-11-05,SKU1012,WH_SOUTH,18,1433.92,10.0,No,23229.5
506842,2024-11-05,SKU1013,WH_SOUTH,20,2835.28,0.0,Yes,56705.6
506836,2024-11-05,SKU1004,WH_WEST,6,661.52,5.0,No,3770.66
506852,2024-11-05,SKU1029,WH_SOUTH,11,716.7,10.0,No,7095.33
506846,2024-11-05,SKU1019,WH_NORTH,12,1767.95,5.0,No,20154.63
506837,2024-11-05,SKU1006,WH_SOUTH,9,4707.6,5.0,No,40249.98
506848,2024-11-05,SKU1021,WH_WEST,6,2700.26,0.0,No,16201.56
506835,2024-11-05,SKU1002,WH_SOUTH,7,4026.46,10.0,No,25366.7
506845,2024-11-05,SKU1017,WH_WEST,17,2741.56,0.0,No,46606.52
506840,2024-11-05,SKU1011,WH_WEST,15,282.38,10.0,No,3812.13
506855,2024-11-05,SKU1037,WH_SOUTH,19,2206.93,0.0,No,41931.67
506843,2024-11-05,SKU1014,WH_SOUTH,11,1248.44,15.0,No,11672.91
506838,2024-11-05,SKU1009,WH_NORTH,4,1309.64,10.0,No,4714.7
506851,2024-11-05,SKU1025,WH_NORTH,8,1880.05,5.0,Yes,14288.38
506849,2024-11-05,SKU1022,WH_SOUTH,10,278.9,0.0,No,2789.0
506854,2024-11-05,SKU1035,WH_NORTH,32,1749.54,0.0,No,55985.28
506853,2024-11-05,SKU1031,WH_NORTH,19,2789.96,20.0,No,42407.39
506844,2024-11-05,SKU1016,WH_NORTH,10,497.81,0.0,No,4978.1
506856,2024-11-05,SKU1038,WH_WEST,29,1639.79,0.0,No,47553.91
506850,2024-11-05,SKU1024,WH_NORTH,16,1822.24,5.0,Yes,27698.05
506834,2024-11-05,SKU1000,WH_NORTH,7,9457.32,0.0,Yes,66201.24
506860,2024-11-06,SKU1003,WH_WEST,5,21674.48,15.0,No,92116.54
506862,2024-11-06,SKU1005,WH_SOUTH,4,23473.03,20.0,No,75113.7
506874,2024-11-06,SKU1032,WH_WEST,30,2757.64,0.0,No,82729.2
506858,2024-11-06,SKU1001,WH_WEST,4,19525.32,0.0,No,78101.28
506878,2024-11-06,SKU1038,WH_SOUTH,25,1639.79,0.0,No,40994.75
506872,2024-11-06,SKU1028,WH_NORTH,11,716.34,0.0,No,7879.74
506869,2024-11-06,SKU1020,WH_WEST,9,2359.13,0.0,No,21232.17
506877,2024-11-06,SKU1036,WH_WEST,28,2919.38,15.0,No,69481.24
506864,2024-11-06,SKU1011,WH_WEST,12,282.38,0.0,No,3388.56
506870,2024-11-06,SKU1022,WH_SOUTH,11,278.9,0.0,No,3067.9
506868,2024-11-06,SKU1019,WH_NORTH,9,1767.95,0.0,No,15911.55
506863,2024-11-06,SKU1009,WH_WEST,7,1309.64,0.0,No,9167.48
506876,2024-11-06,SKU1035,WH_SOUTH,31,1749.54,10.0,No,48812.17
506859,2024-11-06,SKU1002,WH_WEST,5,4026.46,0.0,No,20132.3
506867,2024-11-06,SKU1017,WH_SOUTH,14,2741.56,0.0,No,38381.84
506879,2024-11-06,SKU1039,WH_WEST,30,222.44,0.0,No,6673.2
506865,2024-11-06,SKU1012,WH_WEST,20,1433.92,10.0,Yes,26455.82
506873,2024-11-06,SKU1031,WH_SOUTH,21,2789.96,15.0,No,49800.79
506866,2024-11-06,SKU1014,WH_SOUTH,6,1248.44,5.0,No,7116.11
506871,2024-11-06,SKU1027,WH_NORTH,5,194.56,0.0,No,972.8
506875,2024-11-06,SKU1033,WH_NORTH,16,1093.06,0.0,No,17488.96
506861,2024-11-06,SKU1004,WH_WEST,3,661.52,0.0,No,1984.56
506887,2024-11-07,SKU1013,WH_NORTH,11,2835.28,10.0,No,28069.27
506882,2024-11-07,SKU1006,WH_NORTH,9,4707.6,0.0,Yes,42368.4
506894,2024-11-07,SKU1034,WH_NORTH,38,2229.38,5.0,Yes,81539.57
506885,2024-11-07,SKU1010,WH_NORTH,11,1240.02,0.0,No,13640.22
506890,2024-11-07,SKU1021,WH_SOUTH,14,2700.26,0.0,No,37803.64
506881,2024-11-07,SKU1005,WH_WEST,6,23473.03,0.0,No,140838.18
506884,2024-11-07,SKU1009,WH_SOUTH,4,1309.64,0.0,No,5238.56
506892,2024-11-07,SKU1030,WH_SOUTH,35,2402.0,20.0,No,67256.0
506889,2024-11-07,SKU1019,WH_SOUTH,9,1767.95,0.0,No,15911.55
506886,2024-11-07,SKU1011,WH_SOUTH,16,282.38,0.0,No,4518.08
506895,2024-11-07,SKU1035,WH_SOUTH,17,1749.54,0.0,No,29742.18
506891,2024-11-07,SKU1026,WH_WEST,11,994.38,0.0,No,10938.18
506888,2024-11-07,SKU1015,WH_SOUTH,12,808.05,15.0,No,8242.11
506883,2024-11-07,SKU1008,WH_NORTH,7,7387.04,0.0,No,51709.28
506880,2024-11-07,SKU1004,WH_WEST,7,661.52,0.0,No,4630.64
506893,2024-11-07,SKU1032,WH_NORTH,24,2757.64,0.0,No,66183.36
506906,2024-11-08,SKU1020,WH_NORTH,8,2359.13,0.0,No,18873.04
506905,2024-11-08,SKU1016,WH_WEST,20,497.81,5.0,Yes,9458.39
506911,2024-11-08,SKU1028,WH_WEST,16,716.34,0.0,No,11461.44
506916,2024-11-08,SKU1039,WH_NORTH,24,222.44,0.0,No,5338.56
506913,2024-11-08,SKU1035,WH_SOUTH,16,1749.54,15.0,No,23793.74
506915,2024-11-08,SKU1038,WH_WEST,21,1639.79,0.0,No,34435.59
506907,2024-11-08,SKU1021,WH_NORTH,8,2700.26,15.0,No,18361.77
506901,2024-11-08,SKU1007,WH_WEST,6,13190.2,0.0,No,79141.2
506903,2024-11-08,SKU1011,WH_WEST,16,282.38,5.0,No,4292.18
506900,2024-11-08,SKU1006,WH_WEST,7,4707.6,15.0,No,28010.22
506902,2024-11-08,SKU1009,WH_SOUTH,7,1309.64,0.0,No,9167.48
506908,2024-11-08,SKU1024,WH_NORTH,10,1822.24,0.0,No,18222.4
506914,2024-11-08,SKU1037,WH_NORTH,16,2206.93,5.0,No,33545.34
506898,2024-11-08,SKU1004,WH_WEST,8,661.52,0.0,No,5292.16
506899,2024-11-08,SKU1005,WH_SOUTH,5,23473.03,0.0,No,117365.15
506912,2024-11-08,SKU1034,WH_NORTH,38,2229.38,0.0,No,85831.13
506897,2024-11-08,SKU1001,WH_SOUTH,4,19525.32,5.0,No,74196.22
506896,2024-11-08,SKU1000,WH_SOUTH,7,9457.32,0.0,No,66201.24
506904,2024-11-08,SKU1014,WH_SOUTH,7,1248.44,20.0,No,6991.26
506909,2024-11-08,SKU1025,WH_SOUTH,8,1880.05,10.0,No,13536.36
506910,2024-11-08,SKU1027,WH_WEST,10,194.56,10.0,No,1751.04
506926,2024-11-09,SKU1014,WH_WEST,18,1248.44,15.0,No,19101.13
506922,2024-11-09,SKU1007,WH_NORTH,9,13190.2,0.0,No,118711.8
506917,2024-11-09,SKU1000,WH_NORTH,8,9457.32,0.0,No,75658.56
506923,2024-11-09,SKU1010,WH_SOUTH,12,1240.02,15.0,No,12648.2
506936,2024-11-09,SKU1036,WH_NORTH,27,2919.38,5.0,No,74882.1
506928,2024-11-09,SKU1020,WH_NORTH,13,2359.13,15.0,No,26068.39
506937,2024-11-09,SKU1038,WH_NORTH,35,1639.79,0.0,No,57392.65
506931,2024-11-09,SKU1029,WH_NORTH,6,716.7,0.0,No,4300.2
506930,2024-11-09,SKU1026,WH_WEST,8,994.38,20.0,No,6364.03
506920,2024-11-09,SKU1004,WH_WEST,6,661.52,0.0,No,3969.12
506924,2024-11-09,SKU1012,WH_SOUTH,20,1433.92,5.0,No,27925.59
506919,2024-11-09,SKU1003,WH_SOUTH,9,21674.48,0.0,No,195070.32
506925,2024-11-09,SKU1013,WH_NORTH,13,2835.28,15.0,No,31329.84
506934,2024-11-09,SKU1033,WH_NORTH,16,1093.06,10.0,No,15740.06
506933,2024-11-09,SKU1032,WH_SOUTH,37,2757.64,0.0,No,102032.68
506927,2024-11-09,SKU1015,WH_SOUTH,20,808.05,0.0,Yes,16565.02
506932,2024-11-09,SKU1030,WH_NORTH,31,2402.0,5.0,No,70738.9
506918,2024-11-09,SKU1002,WH_WEST,9,4026.46,0.0,No,36238.14
506935,2024-11-09,SKU1034,WH_NORTH,36,2229.38,10.0,No,72231.91
506921,2024-11-09,SKU1005,WH_WEST,9,23473.03,0.0,No,211257.27
506929,2024-11-09,SKU1024,WH_SOUTH,15,1822.24,0.0,No,27333.6
506940,2024-11-10,SKU1003,WH_SOUTH,9,21674.48,20.0,No,156056.26
506942,2024-11-10,SKU1006,WH_SOUTH,9,4707.6,10.0,No,38131.56
506938,2024-11-10,SKU1000,WH_SOUTH,9,9457.32,10.0,Yes,76604.29
506956,2024-11-10,SKU1027,WH_NORTH,11,194.56,10.0,No,1926.14
506948,2024-11-10,SKU1017,WH_WEST,14,2741.56,0.0,No,38381.84
506959,2024-11-10,SKU1030,WH_SOUTH,25,2402.0,10.0,No,54045.0
506943,2024-11-10,SKU1010,WH_SOUTH,6,1240.02,0.0,No,7440.12
506944,2024-11-10,SKU1011,WH_WEST,20,282.38,20.0,Yes,4631.03
506952,2024-11-10,SKU1021,WH_NORTH,11,2700.26,10.0,No,26732.57
506964,2024-11-10,SKU1036,WH_SOUTH,38,2919.38,0.0,No,112396.13
506941,2024-11-10,SKU1005,WH_NORTH,5,23473.03,0.0,No,117365.15
506963,2024-11-10,SKU1035,WH_NORTH,27,1749.54,0.0,No,47237.58
506949,2024-11-10,SKU1018,WH_SOUTH,12,2038.19,20.0,No,19566.62
506962,2024-11-10,SKU1033,WH_WEST,29,1093.06,0.0,No,31698.74
506946,2024-11-10,SKU1014,WH_SOUTH,20,1248.44,10.0,No,23033.72
506945,2024-11-10,SKU1012,WH_SOUTH,17,1433.92,0.0,No,24376.64
506954,2024-11-10,SKU1024,WH_NORTH,11,1822.24,15.0,No,17037.94
506957,2024-11-10,SKU1028,WH_SOUTH,16,716.34,0.0,Yes,11461.44
506958,2024-11-10,SKU1029,WH_NORTH,13,716.7,0.0,No,9317.1
506950,2024-11-10,SKU1019,WH_NORTH,15,1767.95,15.0,No,22541.36
506960,2024-11-10,SKU1031,WH_NORTH,38,2789.96,0.0,No,107413.46
506967,2024-11-10,SKU1039,WH_WEST,33,222.44,0.0,No,7340.52
506965,2024-11-10,SKU1037,WH_NORTH,26,2206.93,0.0,No,57380.18
506961,2024-11-10,SKU1032,WH_NORTH,33,2757.64,5.0,No,86452.01
506955,2024-11-10,SKU1026,WH_WEST,13,994.38,0.0,No,12926.94
506939,2024-11-10,SKU1001,WH_SOUTH,7,19525.32,5.0,No,129843.38
506953,2024-11-10,SKU1023,WH_NORTH,10,1257.73,10.0,No,11319.57
506951,2024-11-10,SKU1020,WH_NORTH,16,2359.13,0.0,Yes,37746.08
506947,2024-11-10,SKU1016,WH_WEST,20,497.81,0.0,No,10205.1
506966,2024-11-10,SKU1038,WH_WEST,26,1639.79,10.0,No,38371.09
506972,2024-11-11,SKU1010,WH_SOUTH,17,1240.02,0.0,No,21080.34
506978,2024-11-11,SKU1021,WH_SOUTH,13,2700.26,20.0,Yes,28082.7
506979,2024-11-11,SKU1023,WH_SOUTH,9,1257.73,15.0,No,9621.63
506971,2024-11-11,SKU1009,WH_NORTH,7,1309.64,15.0,No,7792.36
506983,2024-11-11,SKU1035,WH_NORTH,28,1749.54,5.0,No,46537.76
506968,2024-11-11,SKU1001,WH_SOUTH,4,19525.32,0.0,No,78101.28
506975,2024-11-11,SKU1015,WH_SOUTH,20,808.05,10.0,Yes,14908.52
506970,2024-11-11,SKU1006,WH_SOUTH,4,4707.6,0.0,No,18830.4
506981,2024-11-11,SKU1029,WH_SOUTH,16,716.7,5.0,Yes,10893.84
506980,2024-11-11,SKU1026,WH_SOUTH,13,994.38,0.0,Yes,12926.94
506982,2024-11-11,SKU1032,WH_WEST,22,2757.64,15.0,No,51567.87
506984,2024-11-11,SKU1038,WH_SOUTH,21,1639.79,0.0,No,34435.59
506973,2024-11-11,SKU1012,WH_NORTH,10,1433.92,0.0,No,14339.2
506977,2024-11-11,SKU1018,WH_NORTH,13,2038.19,0.0,No,26496.47
506976,2024-11-11,SKU1016,WH_NORTH,20,497.81,0.0,No,10205.1
506974,2024-11-11,SKU1014,WH_NORTH,20,1248.44,10.0,Yes,22471.92
506969,2024-11-11,SKU1005,WH_NORTH,8,23473.03,20.0,No,150227.39
506989,2024-11-12,SKU1007,WH_NORTH,4,13190.2,0.0,No,52760.8
506997,2024-11-12,SKU1023,WH_WEST,13,1257.73,0.0,No,16350.49
506996,2024-11-12,SKU1019,WH_WEST,20,1767.95,5.0,Yes,34430.83
506992,2024-11-12,SKU1012,WH_NORTH,12,1433.92,10.0,No,15486.34
507000,2024-11-12,SKU1035,WH_SOUTH,23,1749.54,20.0,No,32191.54
506995,2024-11-12,SKU1017,WH_NORTH,9,2741.56,0.0,No,24674.04
507001,2024-11-12,SKU1036,WH_NORTH,14,2919.38,15.0,No,34740.62
506991,2024-11-12,SKU1010,WH_WEST,16,1240.02,15.0,No,16864.27
506999,2024-11-12,SKU1029,WH_WEST,7,716.7,5.0,No,4766.06
506994,2024-11-12,SKU1016,WH_NORTH,19,497.81,0.0,No,9458.39
506993,2024-11-12,SKU1015,WH_SOUTH,11,808.05,15.0,No,7555.27
506998,2024-11-12,SKU1024,WH_WEST,7,1822.24,10.0,No,11480.11
506987,2024-11-12,SKU1003,WH_NORTH,3,21674.48,0.0,No,65023.44
506988,2024-11-12,SKU1004,WH_WEST,6,661.52,15.0,No,3373.75
506990,2024-11-12,SKU1009,WH_WEST,5,1309.64,0.0,No,6548.2
506986,2024-11-12,SKU1001,WH_SOUTH,6,19525.32,0.0,No,117151.92
506985,2024-11-12,SKU1000,WH_NORTH,8,9457.32,0.0,No,75658.56
507002,2024-11-12,SKU1037,WH_SOUTH,22,2206.93,5.0,No,46124.84
507024,2024-11-13,SKU1038,WH_WEST,27,1639.79,0.0,No,44274.33
507007,2024-11-13,SKU1007,WH_SOUTH,9,13190.2,0.0,No,118711.8
507021,2024-11-13,SKU1035,WH_WEST,19,1749.54,0.0,No,33241.26
507009,2024-11-13,SKU1010,WH_NORTH,14,1240.02,0.0,No,17360.28
507013,2024-11-13,SKU1022,WH_NORTH,11,278.9,20.0,No,2454.32
507006,2024-11-13,SKU1005,WH_NORTH,4,23473.03,10.0,No,84502.91
507018,2024-11-13,SKU1030,WH_WEST,12,2402.0,0.0,No,28824.0
507016,2024-11-13,SKU1025,WH_SOUTH,12,1880.05,5.0,No,21432.57
507008,2024-11-13,SKU1009,WH_WEST,8,1309.64,15.0,No,8905.55
507011,2024-11-13,SKU1017,WH_SOUTH,20,2741.56,10.0,No,50581.78
507005,2024-11-13,SKU1003,WH_SOUTH,8,21674.48,0.0,No,173395.84
507003,2024-11-13,SKU1000,WH_WEST,6,9457.32,0.0,No,56743.92
507004,2024-11-13,SKU1002,WH_SOUTH,7,4026.46,5.0,No,26775.96
507015,2024-11-13,SKU1024,WH_WEST,6,1822.24,15.0,No,9293.42
507017,2024-11-13,SKU1026,WH_WEST,9,994.38,20.0,No,7159.54
507023,2024-11-13,SKU1037,WH_NORTH,21,2206.93,0.0,No,46345.53
507014,2024-11-13,SKU1023,WH_WEST,8,1257.73,0.0,No,10061.84
507022,2024-11-13,SKU1036,WH_NORTH,28,2919.38,5.0,No,77655.51
507020,2024-11-13,SKU1034,WH_SOUTH,22,2229.38,15.0,No,41689.41
507010,2024-11-13,SKU1016,WH_NORTH,9,497.81,5.0,No,4256.28
507019,2024-11-13,SKU1033,WH_WEST,28,1093.06,20.0,No,24484.54
507012,2024-11-13,SKU1019,WH_WEST,9,1767.95,5.0,No,15115.97
507041,2024-11-14,SKU1034,WH_SOUTH,35,2229.38,5.0,No,74126.88
507030,2024-11-14,SKU1010,WH_WEST,13,1240.02,0.0,No,16120.26
507025,2024-11-14,SKU1001,WH_WEST,8,19525.32,0.0,No,156202.56
507042,2024-11-14,SKU1035,WH_SOUTH,28,1749.54,0.0,No,48987.12
507044,2024-11-14,SKU1038,WH_SOUTH,21,1639.79,0.0,No,34435.59
507035,2024-11-14,SKU1024,WH_WEST,15,1822.24,0.0,No,27333.6
507043,2024-11-14,SKU1036,WH_WEST,26,2919.38,15.0,Yes,64518.3
507039,2024-11-14,SKU1031,WH_NORTH,24,2789.96,15.0,No,56915.18
507040,2024-11-14,SKU1032,WH_WEST,22,2757.64,15.0,No,51567.87
507038,2024-11-14,SKU1030,WH_SOUTH,24,2402.0,10.0,No,51883.2
507029,2024-11-14,SKU1009,WH_SOUTH,9,1309.64,15.0,Yes,10018.75
507036,2024-11-14,SKU1027,WH_NORTH,10,194.56,5.0,No,1848.32
507027,2024-11-14,SKU1005,WH_NORTH,5,23473.03,0.0,No,117365.15
507031,2024-11-14,SKU1012,WH_SOUTH,13,1433.92,0.0,No,18640.96
507032,2024-11-14,SKU1015,WH_WEST,2,808.05,0.0,No,1616.1
507034,2024-11-14,SKU1021,WH_WEST,11,2700.26,20.0,No,23762.29
507037,2024-11-14,SKU1029,WH_WEST,7,716.7,5.0,No,4766.06
507028,2024-11-14,SKU1008,WH_NORTH,7,7387.04,15.0,No,43952.89
507033,2024-11-14,SKU1019,WH_NORTH,17,1767.95,0.0,No,30055.15
507026,2024-11-14,SKU1002,WH_WEST,7,4026.46,10.0,No,25366.7
507057,2024-11-15,SKU1019,WH_NORTH,10,1767.95,0.0,No,17679.5
507048,2024-11-15,SKU1004,WH_NORTH,3,661.52,15.0,No,1686.88
507063,2024-11-15,SKU1030,WH_SOUTH,17,2402.0,0.0,No,40834.0
507054,2024-11-15,SKU1014,WH_SOUTH,12,1248.44,20.0,No,11985.02
507064,2024-11-15,SKU1031,WH_NORTH,22,2789.96,0.0,No,61379.12
507066,2024-11-15,SKU1034,WH_WEST,24,2229.38,0.0,No,53505.12
507045,2024-11-15,SKU1000,WH_NORTH,6,9457.32,0.0,No,56743.92
507065,2024-11-15,SKU1033,WH_NORTH,29,1093.06,0.0,No,31698.74
507060,2024-11-15,SKU1026,WH_NORTH,11,994.38,10.0,No,9844.36
507052,2024-11-15,SKU1009,WH_NORTH,8,1309.64,0.0,No,10477.12
507062,2024-11-15,SKU1028,WH_WEST,7,716.34,5.0,No,4763.66
507053,2024-11-15,SKU1011,WH_SOUTH,12,282.38,0.0,No,3388.56
507047,2024-11-15,SKU1002,WH_SOUTH,6,4026.46,10.0,No,21742.88
507056,2024-11-15,SKU1016,WH_WEST,13,497.81,0.0,No,6471.53
507067,2024-11-15,SKU1035,WH_SOUTH,24,1749.54,0.0,No,41988.96
507049,2024-11-15,SKU1005,WH_WEST,8,23473.03,0.0,No,187784.24
507055,2024-11-15,SKU1015,WH_SOUTH,9,808.05,10.0,No,6545.2
507059,2024-11-15,SKU1022,WH_WEST,10,278.9,0.0,No,2789.0
507046,2024-11-15,SKU1001,WH_NORTH,5,19525.32,0.0,No,97626.6
507058,2024-11-15,SKU1020,WH_SOUTH,16,2359.13,10.0,Yes,33971.47
507051,2024-11-15,SKU1008,WH_SOUTH,7,7387.04,0.0,No,51709.28
507061,2024-11-15,SKU1027,WH_NORTH,10,194.56,0.0,No,1945.6
507068,2024-11-15,SKU1036,WH_WEST,19,2919.38,0.0,No,55468.22
507050,2024-11-15,SKU1006,WH_NORTH,4,4707.6,20.0,No,15064.32
507071,2024-11-16,SKU1003,WH_SOUTH,8,21674.48,0.0,No,173395.84
507069,2024-11-16,SKU1001,WH_NORTH,7,19525.32,0.0,No,136677.24
507070,2024-11-16,SKU1002,WH_WEST,9,4026.46,10.0,Yes,32614.33
507073,2024-11-16,SKU1006,WH_SOUTH,9,4707.6,0.0,No,42368.4
507086,2024-11-16,SKU1035,WH_WEST,26,1749.54,0.0,No,45488.04
507079,2024-11-16,SKU1020,WH_WEST,8,2359.13,0.0,No,18873.04
507082,2024-11-16,SKU1027,WH_SOUTH,16,194.56,0.0,No,3112.96
507084,2024-11-16,SKU1033,WH_SOUTH,38,1093.06,0.0,No,42082.81
507076,2024-11-16,SKU1012,WH_NORTH,20,1433.92,0.0,No,29395.36
507085,2024-11-16,SKU1034,WH_NORTH,37,2229.38,0.0,No,82487.06
507075,2024-11-16,SKU1010,WH_NORTH,19,1240.02,15.0,No,20026.32
507078,2024-11-16,SKU1019,WH_SOUTH,19,1767.95,5.0,No,31911.5
507087,2024-11-16,SKU1036,WH_NORTH,28,2919.38,0.0,No,81742.64
507074,2024-11-16,SKU1007,WH_WEST,6,13190.2,0.0,No,79141.2
507080,2024-11-16,SKU1023,WH_WEST,11,1257.73,0.0,No,13835.03
507083,2024-11-16,SKU1029,WH_WEST,16,716.7,0.0,No,11467.2
507077,2024-11-16,SKU1018,WH_NORTH,8,2038.19,0.0,No,16305.52
507072,2024-11-16,SKU1004,WH_WEST,7,661.52,10.0,No,4167.58
507081,2024-11-16,SKU1026,WH_NORTH,10,994.38,0.0,No,9943.8
507095,2024-11-17,SKU1012,WH_WEST,7,1433.92,0.0,No,10037.44
507111,2024-11-17,SKU1039,WH_NORTH,31,222.44,0.0,No,6895.64
507096,2024-11-17,SKU1014,WH_WEST,20,1248.44,0.0,No,25593.02
507104,2024-11-17,SKU1024,WH_NORTH,11,1822.24,10.0,No,18040.18
507092,2024-11-17,SKU1005,WH_SOUTH,9,23473.03,10.0,No,190131.54
507089,2024-11-17,SKU1001,WH_WEST,8,19525.32,5.0,No,148392.43
507108,2024-11-17,SKU1033,WH_WEST,31,1093.06,0.0,No,33884.86
507098,2024-11-17,SKU1017,WH_WEST,20,2741.56,15.0,No,46606.52
507109,2024-11-17,SKU1037,WH_NORTH,38,2206.93,0.0,No,84966.8
507105,2024-11-17,SKU1028,WH_NORTH,15,716.34,0.0,No,10745.1
507090,2024-11-17,SKU1002,WH_WEST,6,4026.46,0.0,No,24158.76
507100,2024-11-17,SKU1020,WH_WEST,12,2359.13,0.0,No,28309.56
507099,2024-11-17,SKU1019,WH_SOUTH,15,1767.95,0.0,No,26519.25
507101,2024-11-17,SKU1021,WH_NORTH,12,2700.26,0.0,No,32403.12
507097,2024-11-17,SKU1015,WH_SOUTH,20,808.05,5.0,Yes,15352.95
507088,2024-11-17,SKU1000,WH_SOUTH,5,9457.32,0.0,No,47286.6
507106,2024-11-17,SKU1029,WH_WEST,15,716.7,0.0,No,10750.5
507110,2024-11-17,SKU1038,WH_SOUTH,33,1639.79,0.0,No,54113.07
507107,2024-11-17,SKU1032,WH_NORTH,28,2757.64,10.0,No,69492.53
507094,2024-11-17,SKU1010,WH_NORTH,17,1240.02,0.0,No,21080.34
507102,2024-11-17,SKU1022,WH_NORTH,16,278.9,0.0,Yes,4462.4
507091,2024-11-17,SKU1003,WH_NORTH,7,21674.48,10.0,No,136549.22
507103,2024-11-17,SKU1023,WH_NORTH,16,1257.73,15.0,No,17105.13
507093,2024-11-17,SKU1008,WH_NORTH,8,7387.04,5.0,No,56141.5
507128,2024-11-18,SKU1028,WH_SOUTH,9,716.34,0.0,No,6447.06
507119,2024-11-18,SKU1016,WH_WEST,7,497.81,10.0,No,3136.2
507113,2024-11-18,SKU1002,WH_SOUTH,3,4026.46,5.0,No,11475.41
507121,2024-11-18,SKU1018,WH_NORTH,15,2038.19,5.0,No,29044.21
507116,2024-11-18,SKU1010,WH_WEST,13,1240.02,5.0,No,15314.25
507131,2024-11-18,SKU1036,WH_NORTH,24,2919.38,0.0,No,70065.12
507126,2024-11-18,SKU1025,WH_NORTH,11,1880.05,15.0,No,17578.47
507122,2024-11-18,SKU1020,WH_NORTH,10,2359.13,0.0,No,23591.3
507120,2024-11-18,SKU1017,WH_WEST,13,2741.56,0.0,No,35640.28
507127,2024-11-18,SKU1026,WH_SOUTH,9,994.38,10.0,No,8054.48
507112,2024-11-18,SKU1000,WH_WEST,8,9457.32,5.0,No,71875.63
507118,2024-11-18,SKU1014,WH_WEST,10,1248.44,10.0,No,11235.96
507123,2024-11-18,SKU1022,WH_NORTH,10,278.9,0.0,No,2789.0
507130,2024-11-18,SKU1031,WH_SOUTH,23,2789.96,0.0,No,64169.08
507125,2024-11-18,SKU1024,WH_SOUTH,14,1822.24,15.0,No,21684.66
507114,2024-11-18,SKU1003,WH_NORTH,9,21674.48,0.0,No,195070.32
507129,2024-11-18,SKU1030,WH_WEST,38,2402.0,0.0,Yes,92477.0
507132,2024-11-18,SKU1037,WH_SOUTH,22,2206.93,0.0,No,48552.46
507124,2024-11-18,SKU1023,WH_SOUTH,10,1257.73,0.0,No,12577.3
507117,2024-11-18,SKU1013,WH_NORTH,13,2835.28,0.0,No,36858.64
507115,2024-11-18,SKU1004,WH_WEST,5,661.52,0.0,No,3307.6
507134,2024-11-19,SKU1003,WH_NORTH,7,21674.48,0.0,No,151721.36
507142,2024-11-19,SKU1016,WH_WEST,9,497.81,0.0,No,4480.29
507146,2024-11-19,SKU1026,WH_NORTH,4,994.38,0.0,No,3977.52
507149,2024-11-19,SKU1034,WH_SOUTH,10,2229.38,0.0,No,22293.8
507141,2024-11-19,SKU1015,WH_WEST,17,808.05,10.0,Yes,12363.16
507137,2024-11-19,SKU1007,WH_NORTH,9,13190.2,0.0,No,118711.8
507148,2024-11-19,SKU1033,WH_WEST,27,1093.06,0.0,No,29512.62
507139,2024-11-19,SKU1012,WH_NORTH,12,1433.92,15.0,No,14625.98
507135,2024-11-19,SKU1004,WH_SOUTH,9,661.52,0.0,Yes,5953.68
507133,2024-11-19,SKU1000,WH_WEST,7,9457.32,0.0,No,66201.24
507145,2024-11-19,SKU1023,WH_WEST,16,1257.73,0.0,Yes,20123.68
507143,2024-11-19,SKU1017,WH_SOUTH,16,2741.56,10.0,No,39478.46
507147,2024-11-19,SKU1030,WH_NORTH,25,2402.0,10.0,No,54045.0
507150,2024-11-19,SKU1037,WH_NORTH,29,2206.93,0.0,No,64000.97
507151,2024-11-19,SKU1038,WH_NORTH,33,1639.79,10.0,No,48701.76
507136,2024-11-19,SKU1006,WH_SOUTH,9,4707.6,15.0,Yes,36013.14
507144,2024-11-19,SKU1018,WH_NORTH,10,2038.19,10.0,No,18343.71
507140,2024-11-19,SKU1014,WH_WEST,11,1248.44,0.0,No,13732.84
507138,2024-11-19,SKU1010,WH_NORTH,16,1240.02,0.0,No,19840.32
507165,2024-11-20,SKU1022,WH_SOUTH,14,278.9,15.0,No,3318.91
507154,2024-11-20,SKU1006,WH_WEST,4,4707.6,15.0,No,16005.84
507157,2024-11-20,SKU1010,WH_SOUTH,17,1240.02,0.0,No,21080.34
507153,2024-11-20,SKU1004,WH_WEST,6,661.52,0.0,No,3969.12
507158,2024-11-20,SKU1011,WH_WEST,11,282.38,0.0,No,3106.18
507161,2024-11-20,SKU1017,WH_NORTH,13,2741.56,15.0,No,30294.24
507164,2024-11-20,SKU1021,WH_SOUTH,15,2700.26,5.0,Yes,38478.7
507159,2024-11-20,SKU1012,WH_SOUTH,20,1433.92,0.0,No,28678.4
507173,2024-11-20,SKU1036,WH_SOUTH,12,2919.38,0.0,No,35032.56
507163,2024-11-20,SKU1019,WH_SOUTH,5,1767.95,15.0,No,7513.79
507170,2024-11-20,SKU1032,WH_WEST,31,2757.64,0.0,No,85486.84
507169,2024-11-20,SKU1028,WH_WEST,13,716.34,5.0,No,8846.8
507171,2024-11-20,SKU1033,WH_WEST,36,1093.06,0.0,No,39350.16
507152,2024-11-20,SKU1000,WH_WEST,3,9457.32,0.0,No,28371.96
507156,2024-11-20,SKU1009,WH_SOUTH,5,1309.64,15.0,No,5565.97
507155,2024-11-20,SKU1007,WH_WEST,7,13190.2,10.0,No,83098.26
507168,2024-11-20,SKU1027,WH_SOUTH,9,194.56,0.0,No,1751.04
507174,2024-11-20,SKU1037,WH_SOUTH,23,2206.93,0.0,No,50759.39
507172,2024-11-20,SKU1034,WH_WEST,36,2229.38,0.0,Yes,80257.68
507160,2024-11-20,SKU1015,WH_SOUTH,11,808.05,0.0,No,8888.55
507162,2024-11-20,SKU1018,WH_SOUTH,12,2038.19,0.0,No,24458.28
507167,2024-11-20,SKU1025,WH_SOUTH,16,1880.05,0.0,Yes,30080.8
507166,2024-11-20,SKU1024,WH_WEST,8,1822.24,0.0,No,14577.92
507175,2024-11-20,SKU1038,WH_SOUTH,20,1639.79,0.0,No,32795.8
507180,2024-11-21,SKU1006,WH_WEST,8,4707.6,0.0,No,37660.8
507197,2024-11-21,SKU1031,WH_WEST,30,2789.96,0.0,No,83698.8
507201,2024-11-21,SKU1036,WH_WEST,19,2919.38,0.0,No,55468.22
507181,2024-11-21,SKU1007,WH_WEST,8,13190.2,0.0,No,105521.6
507202,2024-11-21,SKU1038,WH_NORTH,20,1639.79,0.0,No,32795.8
507190,2024-11-21,SKU1021,WH_SOUTH,16,2700.26,0.0,Yes,43204.16
507199,2024-11-21,SKU1034,WH_WEST,28,2229.38,5.0,No,59301.51
507186,2024-11-21,SKU1014,WH_NORTH,13,1248.44,10.0,No,14606.75
507179,2024-11-21,SKU1005,WH_SOUTH,8,23473.03,10.0,No,169005.82
507196,2024-11-21,SKU1030,WH_WEST,38,2402.0,0.0,Yes,92477.0
507178,2024-11-21,SKU1003,WH_NORTH,6,21674.48,20.0,No,104037.5
507183,2024-11-21,SKU1009,WH_SOUTH,8,1309.64,15.0,No,8905.55
507191,2024-11-21,SKU1024,WH_WEST,11,1822.24,10.0,No,18040.18
507187,2024-11-21,SKU1017,WH_SOUTH,14,2741.56,0.0,No,38381.84
507176,2024-11-21,SKU1000,WH_NORTH,6,9457.32,20.0,No,45395.14
507194,2024-11-21,SKU1027,WH_SOUTH,9,194.56,0.0,No,1751.04
507188,2024-11-21,SKU1019,WH_NORTH,12,1767.95,5.0,No,20154.63
507195,2024-11-21,SKU1028,WH_SOUTH,7,716.34,10.0,No,4512.94
507177,2024-11-21,SKU1002,WH_WEST,4,4026.46,0.0,No,16105.84
507198,2024-11-21,SKU1032,WH_WEST,32,2757.64,15.0,No,75007.81
507200,2024-11-21,SKU1035,WH_SOUTH,38,1749.54,15.0,Yes,57253.7
507193,2024-11-21,SKU1026,WH_NORTH,9,994.38,0.0,No,8949.42
507192,2024-11-21,SKU1025,WH_NORTH,10,1880.05,10.0,No,16920.45
507182,2024-11-21,SKU1008,WH_SOUTH,9,7387.04,5.0,Yes,63159.19
507189,2024-11-21,SKU1020,WH_WEST,11,2359.13,0.0,No,25950.43
507185,2024-11-21,SKU1013,WH_WEST,9,2835.28,0.0,No,25517.52
507184,2024-11-21,SKU1010,WH_WEST,14,1240.02,10.0,No,15624.25
507223,2024-11-22,SKU1030,WH_NORTH,14,2402.0,0.0,No,33628.0
507206,2024-11-22,SKU1006,WH_WEST,9,4707.6,0.0,No,42368.4
507228,2024-11-22,SKU1037,WH_NORTH,24,2206.93,0.0,No,52966.32
507226,2024-11-22,SKU1034,WH_WEST,37,2229.38,0.0,No,82487.06
507222,2024-11-22,SKU1028,WH_SOUTH,9,716.34,5.0,No,6124.71
507209,2024-11-22,SKU1011,WH_WEST,16,282.38,0.0,No,4518.08
507204,2024-11-22,SKU1002,WH_WEST,6,4026.46,10.0,No,21742.88
507225,2024-11-22,SKU1032,WH_WEST,36,2757.64,5.0,No,94311.29
507213,2024-11-22,SKU1019,WH_SOUTH,8,1767.95,0.0,No,14143.6
507212,2024-11-22,SKU1018,WH_SOUTH,16,2038.19,20.0,No,26088.83
507216,2024-11-22,SKU1022,WH_NORTH,10,278.9,10.0,No,2510.1
507224,2024-11-22,SKU1031,WH_NORTH,15,2789.96,15.0,No,35571.99
507220,2024-11-22,SKU1026,WH_NORTH,14,994.38,0.0,Yes,13921.32
507210,2024-11-22,SKU1015,WH_NORTH,12,808.05,10.0,No,8726.94
507218,2024-11-22,SKU1024,WH_SOUTH,9,1822.24,10.0,No,14760.14
507205,2024-11-22,SKU1004,WH_SOUTH,8,661.52,0.0,No,5292.16
507227,2024-11-22,SKU1035,WH_NORTH,27,1749.54,0.0,No,47237.58
507207,2024-11-22,SKU1008,WH_NORTH,8,7387.04,0.0,No,59096.32
507214,2024-11-22,SKU1020,WH_NORTH,11,2359.13,0.0,No,25950.43
507215,2024-11-22,SKU1021,WH_SOUTH,10,2700.26,0.0,No,27002.6
507203,2024-11-22,SKU1000,WH_WEST,7,9457.32,5.0,No,62891.18
507229,2024-11-22,SKU1039,WH_NORTH,31,222.44,0.0,No,6895.64
507211,2024-11-22,SKU1016,WH_WEST,12,497.81,5.0,No,5675.03
507221,2024-11-22,SKU1027,WH_NORTH,4,194.56,15.0,No,661.5
507219,2024-11-22,SKU1025,WH_WEST,13,1880.05,5.0,No,23218.62
507208,2024-11-22,SKU1010,WH_WEST,12,1240.02,0.0,No,14880.24
507217,2024-11-22,SKU1023,WH_WEST,14,1257.73,20.0,No,14086.58
507251,2024-11-23,SKU1036,WH_WEST,32,2919.38,10.0,No,84078.14
507250,2024-11-23,SKU1035,WH_SOUTH,35,1749.54,5.0,No,58172.2
507231,2024-11-23,SKU1001,WH_NORTH,9,19525.32,5.0,No,166941.49
507241,2024-11-23,SKU1021,WH_WEST,16,2700.26,5.0,No,41043.95
507243,2024-11-23,SKU1025,WH_SOUTH,16,1880.05,0.0,No,30080.8
507247,2024-11-23,SKU1030,WH_NORTH,38,2402.0,0.0,Yes,91276.0
507235,2024-11-23,SKU1013,WH_NORTH,18,2835.28,0.0,No,51035.04
507248,2024-11-23,SKU1032,WH_SOUTH,35,2757.64,0.0,No,96517.4
507230,2024-11-23,SKU1000,WH_SOUTH,9,9457.32,0.0,No,85115.88
507245,2024-11-23,SKU1027,WH_NORTH,13,194.56,5.0,No,2402.82
507240,2024-11-23,SKU1018,WH_NORTH,20,2038.19,0.0,No,41782.9
507252,2024-11-23,SKU1037,WH_NORTH,38,2206.93,10.0,No,76470.12
507234,2024-11-23,SKU1012,WH_WEST,20,1433.92,0.0,Yes,29395.36
507237,2024-11-23,SKU1015,WH_NORTH,19,808.05,20.0,No,12282.36
507236,2024-11-23,SKU1014,WH_WEST,10,1248.44,0.0,No,12484.4
507233,2024-11-23,SKU1011,WH_WEST,16,282.38,0.0,No,4518.08
507239,2024-11-23,SKU1017,WH_WEST,11,2741.56,15.0,No,25633.59
507232,2024-11-23,SKU1009,WH_SOUTH,9,1309.64,0.0,Yes,11786.76
507238,2024-11-23,SKU1016,WH_SOUTH,20,497.81,10.0,Yes,9184.59
507242,2024-11-23,SKU1024,WH_NORTH,10,1822.24,5.0,No,17311.28
507249,2024-11-23,SKU1034,WH_SOUTH,34,2229.38,0.0,No,75798.92
507253,2024-11-23,SKU1038,WH_WEST,38,1639.79,10.0,No,56818.72
507254,2024-11-23,SKU1039,WH_SOUTH,24,222.44,15.0,No,4537.78
507244,2024-11-23,SKU1026,WH_WEST,16,994.38,0.0,No,15910.08
507246,2024-11-23,SKU1029,WH_WEST,9,716.7,10.0,No,5805.27
507267,2024-11-24,SKU1024,WH_SOUTH,10,1822.24,0.0,No,18222.4
507257,2024-11-24,SKU1003,WH_NORTH,9,21674.48,0.0,Yes,195070.32
507269,2024-11-24,SKU1028,WH_NORTH,13,716.34,0.0,No,9312.42
507264,2024-11-24,SKU1021,WH_WEST,9,2700.26,0.0,No,24302.34
507255,2024-11-24,SKU1000,WH_SOUTH,8,9457.32,0.0,No,75658.56
507262,2024-11-24,SKU1014,WH_WEST,13,1248.44,5.0,No,15418.23
507268,2024-11-24,SKU1026,WH_WEST,16,994.38,0.0,Yes,15910.08
507271,2024-11-24,SKU1030,WH_SOUTH,28,2402.0,0.0,No,67256.0
507275,2024-11-24,SKU1035,WH_WEST,20,1749.54,5.0,No,33241.26
507274,2024-11-24,SKU1034,WH_NORTH,27,2229.38,10.0,No,54173.93
507265,2024-11-24,SKU1022,WH_NORTH,12,278.9,5.0,No,3179.46
507258,2024-11-24,SKU1004,WH_NORTH,5,661.52,0.0,No,3307.6
507273,2024-11-24,SKU1032,WH_NORTH,38,2757.64,0.0,No,106169.14
507266,2024-11-24,SKU1023,WH_SOUTH,14,1257.73,0.0,No,17608.22
507261,2024-11-24,SKU1013,WH_SOUTH,20,2835.28,0.0,Yes,58123.24
507259,2024-11-24,SKU1008,WH_WEST,8,7387.04,0.0,No,59096.32
507260,2024-11-24,SKU1010,WH_WEST,15,1240.02,0.0,No,18600.3
507272,2024-11-24,SKU1031,WH_WEST,25,2789.96,5.0,No,66261.55
507263,2024-11-24,SKU1015,WH_SOUTH,16,808.05,0.0,No,12928.8
507256,2024-11-24,SKU1002,WH_WEST,9,4026.46,0.0,No,36238.14
507270,2024-11-24,SKU1029,WH_SOUTH,13,716.7,0.0,No,9317.1
507286,2024-11-25,SKU1025,WH_SOUTH,13,1880.05,0.0,No,24440.65
507287,2024-11-25,SKU1030,WH_SOUTH,28,2402.0,5.0,No,63893.2
507277,2024-11-25,SKU1004,WH_NORTH,7,661.52,15.0,No,3936.04
507284,2024-11-25,SKU1021,WH_WEST,8,2700.26,15.0,No,18361.77
507276,2024-11-25,SKU1002,WH_SOUTH,9,4026.46,10.0,Yes,32614.33
507281,2024-11-25,SKU1014,WH_SOUTH,17,1248.44,10.0,No,19101.13
507279,2024-11-25,SKU1012,WH_NORTH,10,1433.92,0.0,No,14339.2
507288,2024-11-25,SKU1033,WH_SOUTH,27,1093.06,20.0,No,23610.1
507282,2024-11-25,SKU1016,WH_WEST,13,497.81,0.0,No,6471.53
507278,2024-11-25,SKU1008,WH_NORTH,8,7387.04,5.0,No,56141.5
507283,2024-11-25,SKU1020,WH_SOUTH,10,2359.13,0.0,No,23591.3
507289,2024-11-25,SKU1037,WH_WEST,13,2206.93,0.0,No,28690.09
507280,2024-11-25,SKU1013,WH_SOUTH,10,2835.28,10.0,No,25517.52
507285,2024-11-25,SKU1023,WH_SOUTH,5,1257.73,15.0,No,5345.35
507290,2024-11-25,SKU1039,WH_NORTH,25,222.44,0.0,No,5561.0
507293,2024-11-26,SKU1004,WH_SOUTH,3,661.52,0.0,No,1984.56
507291,2024-11-26,SKU1001,WH_WEST,8,19525.32,0.0,No,156202.56
507304,2024-11-26,SKU1033,WH_WEST,38,1093.06,10.0,Yes,37874.53
507296,2024-11-26,SKU1008,WH_WEST,6,7387.04,0.0,No,44322.24
507302,2024-11-26,SKU1023,WH_SOUTH,16,1257.73,10.0,Yes,18111.31
507299,2024-11-26,SKU1017,WH_SOUTH,20,2741.56,0.0,Yes,56201.98
507307,2024-11-26,SKU1038,WH_WEST,27,1639.79,0.0,No,44274.33
507294,2024-11-26,SKU1005,WH_NORTH,6,23473.03,0.0,No,140838.18
507306,2024-11-26,SKU1035,WH_SOUTH,19,1749.54,0.0,No,33241.26
507298,2024-11-26,SKU1016,WH_NORTH,12,497.81,5.0,No,5675.03
507297,2024-11-26,SKU1013,WH_SOUTH,15,2835.28,5.0,No,40402.74
507308,2024-11-26,SKU1039,WH_SOUTH,30,222.44,10.0,No,6005.88
507300,2024-11-26,SKU1018,WH_WEST,14,2038.19,0.0,No,28534.66
507305,2024-11-26,SKU1034,WH_SOUTH,28,2229.38,15.0,No,53059.24
507301,2024-11-26,SKU1021,WH_SOUTH,6,2700.26,10.0,No,14581.4
507292,2024-11-26,SKU1002,WH_SOUTH,7,4026.46,0.0,No,28185.22
507303,2024-11-26,SKU1026,WH_SOUTH,11,994.38,0.0,Yes,10938.18
507295,2024-11-26,SKU1007,WH_SOUTH,6,13190.2,15.0,No,67270.02
507328,2024-11-27,SKU1035,WH_SOUTH,25,1749.54,10.0,No,39364.65
507324,2024-11-27,SKU1030,WH_WEST,28,2402.0,10.0,No,60530.4
507315,2024-11-27,SKU1013,WH_SOUTH,10,2835.28,0.0,No,28352.8
507318,2024-11-27,SKU1016,WH_SOUTH,13,497.81,15.0,No,5500.8
507309,2024-11-27,SKU1005,WH_NORTH,6,23473.03,5.0,No,133796.27
507319,2024-11-27,SKU1021,WH_NORTH,11,2700.26,0.0,No,29702.86
507323,2024-11-27,SKU1029,WH_WEST,12,716.7,0.0,No,8600.4
507313,2024-11-27,SKU1010,WH_SOUTH,15,1240.02,0.0,No,18600.3
507321,2024-11-27,SKU1027,WH_SOUTH,14,194.56,0.0,No,2723.84
507310,2024-11-27,SKU1006,WH_WEST,7,4707.6,10.0,No,29657.88
507311,2024-11-27,SKU1007,WH_SOUTH,6,13190.2,20.0,No,63312.96
507327,2024-11-27,SKU1034,WH_SOUTH,30,2229.38,0.0,No,66881.4
507322,2024-11-27,SKU1028,WH_SOUTH,9,716.34,0.0,No,6447.06
507325,2024-11-27,SKU1032,WH_WEST,38,2757.64,0.0,Yes,106169.14
507317,2024-11-27,SKU1015,WH_SOUTH,17,808.05,0.0,No,13736.85
507326,2024-11-27,SKU1033,WH_SOUTH,38,1093.06,0.0,Yes,42082.81
507312,2024-11-27,SKU1008,WH_NORTH,4,7387.04,5.0,No,28070.75
507320,2024-11-27,SKU1025,WH_NORTH,12,1880.05,0.0,No,22560.6
507316,2024-11-27,SKU1014,WH_NORTH,10,1248.44,0.0,No,12484.4
507314,2024-11-27,SKU1012,WH_NORTH,16,1433.92,0.0,No,22942.72
507332,2024-11-28,SKU1005,WH_WEST,5,23473.03,15.0,No,99760.38
507342,2024-11-28,SKU1029,WH_NORTH,6,716.7,15.0,No,3655.17
507335,2024-11-28,SKU1012,WH_WEST,11,1433.92,5.0,No,14984.46
507329,2024-11-28,SKU1000,WH_SOUTH,4,9457.32,0.0,No,37829.28
507337,2024-11-28,SKU1019,WH_NORTH,18,1767.95,0.0,No,31823.1
507331,2024-11-28,SKU1003,WH_NORTH,9,21674.48,10.0,Yes,175563.29
507341,2024-11-28,SKU1028,WH_WEST,6,716.34,15.0,No,3653.33
507344,2024-11-28,SKU1033,WH_WEST,27,1093.06,0.0,No,29512.62
507346,2024-11-28,SKU1039,WH_WEST,17,222.44,0.0,No,3781.48
507334,2024-11-28,SKU1011,WH_SOUTH,17,282.38,5.0,No,4560.44
507338,2024-11-28,SKU1022,WH_SOUTH,7,278.9,15.0,No,1659.45
507330,2024-11-28,SKU1002,WH_NORTH,7,4026.46,5.0,No,26775.96
507336,2024-11-28,SKU1016,WH_NORTH,14,497.81,15.0,No,5923.94
507343,2024-11-28,SKU1031,WH_NORTH,21,2789.96,0.0,No,58589.16
507340,2024-11-28,SKU1027,WH_NORTH,8,194.56,0.0,No,1556.48
507339,2024-11-28,SKU1024,WH_NORTH,9,1822.24,10.0,No,14760.14
507333,2024-11-28,SKU1009,WH_SOUTH,8,1309.64,15.0,No,8905.55
507345,2024-11-28,SKU1035,WH_WEST,20,1749.54,10.0,No,31491.72
507347,2024-11-29,SKU1000,WH_NORTH,7,9457.32,5.0,No,62891.18
507355,2024-11-29,SKU1011,WH_SOUTH,15,282.38,0.0,No,4235.7
507372,2024-11-29,SKU1037,WH_NORTH,25,2206.93,0.0,No,55173.25
507368,2024-11-29,SKU1032,WH_WEST,37,2757.64,0.0,No,102032.68
507351,2024-11-29,SKU1006,WH_WEST,6,4707.6,15.0,No,24008.76
507358,2024-11-29,SKU1014,WH_WEST,19,1248.44,0.0,Yes,23720.36
507353,2024-11-29,SKU1009,WH_NORTH,7,1309.64,0.0,No,9167.48
507373,2024-11-29,SKU1038,WH_NORTH,19,1639.79,0.0,No,31156.01
507364,2024-11-29,SKU1023,WH_NORTH,5,1257.73,20.0,No,5030.92
507356,2024-11-29,SKU1012,WH_NORTH,13,1433.92,10.0,No,16776.86
507348,2024-11-29,SKU1001,WH_NORTH,9,19525.32,10.0,Yes,158155.09
507362,2024-11-29,SKU1021,WH_WEST,8,2700.26,0.0,No,21602.08
507359,2024-11-29,SKU1015,WH_NORTH,14,808.05,0.0,No,11312.7
507361,2024-11-29,SKU1019,WH_SOUTH,15,1767.95,5.0,No,25193.29
507360,2024-11-29,SKU1018,WH_SOUTH,17,2038.19,0.0,No,34649.23
507365,2024-11-29,SKU1026,WH_SOUTH,6,994.38,20.0,No,4773.02
507366,2024-11-29,SKU1027,WH_SOUTH,6,194.56,0.0,No,1167.36
507357,2024-11-29,SKU1013,WH_NORTH,17,2835.28,0.0,No,48199.76
507363,2024-11-29,SKU1022,WH_NORTH,11,278.9,15.0,No,2607.71
507354,2024-11-29,SKU1010,WH_SOUTH,8,1240.02,0.0,No,9920.16
507374,2024-11-29,SKU1039,WH_NORTH,38,222.44,0.0,Yes,8563.94
507367,2024-11-29,SKU1028,WH_NORTH,13,716.34,20.0,No,7449.94
507349,2024-11-29,SKU1002,WH_NORTH,6,4026.46,0.0,No,24158.76
507370,2024-11-29,SKU1034,WH_WEST,25,2229.38,10.0,No,50161.05
507371,2024-11-29,SKU1036,WH_NORTH,34,2919.38,0.0,No,99258.92
507352,2024-11-29,SKU1008,WH_WEST,7,7387.04,0.0,No,51709.28
507350,2024-11-29,SKU1005,WH_WEST,8,23473.03,0.0,No,187784.24
507369,2024-11-29,SKU1033,WH_SOUTH,26,1093.06,0.0,No,28419.56
507381,2024-11-30,SKU1009,WH_WEST,9,1309.64,0.0,No,11786.76
507388,2024-11-30,SKU1018,WH_WEST,20,2038.19,20.0,Yes,33426.32
507375,2024-11-30,SKU1000,WH_WEST,7,9457.32,0.0,No,66201.24
507384,2024-11-30,SKU1014,WH_NORTH,14,1248.44,0.0,No,17478.16
507391,2024-11-30,SKU1021,WH_WEST,10,2700.26,10.0,No,24302.34
507378,2024-11-30,SKU1005,WH_WEST,9,23473.03,10.0,No,190131.54
507387,2024-11-30,SKU1017,WH_SOUTH,18,2741.56,5.0,No,46880.68
507396,2024-11-30,SKU1035,WH_SOUTH,31,1749.54,0.0,No,54235.74
507386,2024-11-30,SKU1016,WH_NORTH,16,497.81,0.0,No,7964.96
507376,2024-11-30,SKU1002,WH_NORTH,6,4026.46,5.0,No,22950.82
507393,2024-11-30,SKU1027,WH_NORTH,12,194.56,10.0,No,2101.25
507380,2024-11-30,SKU1007,WH_NORTH,7,13190.2,5.0,No,87714.83
507390,2024-11-30,SKU1020,WH_WEST,8,2359.13,0.0,No,18873.04
507389,2024-11-30,SKU1019,WH_SOUTH,17,1767.95,0.0,No,30055.15
507385,2024-11-30,SKU1015,WH_WEST,20,808.05,5.0,No,15736.77
507397,2024-11-30,SKU1037,WH_SOUTH,38,2206.93,10.0,Yes,76470.12
507383,2024-11-30,SKU1013,WH_SOUTH,20,2835.28,0.0,No,58123.24
507377,2024-11-30,SKU1004,WH_SOUTH,9,661.52,0.0,Yes,5953.68
507382,2024-11-30,SKU1011,WH_WEST,17,282.38,5.0,No,4560.44
507392,2024-11-30,SKU1023,WH_SOUTH,14,1257.73,10.0,No,15847.4
507395,2024-11-30,SKU1034,WH_SOUTH,25,2229.38,5.0,No,52947.77
507394,2024-11-30,SKU1033,WH_WEST,32,1093.06,0.0,No,34977.92
507379,2024-11-30,SKU1006,WH_NORTH,8,4707.6,0.0,No,37660.8
507412,2024-12-01,SKU1028,WH_NORTH,14,716.34,20.0,No,8023.01
507402,2024-12-01,SKU1005,WH_WEST,9,23473.03,0.0,Yes,211257.27
507404,2024-12-01,SKU1008,WH_SOUTH,6,7387.04,0.0,No,44322.24
507409,2024-12-01,SKU1019,WH_SOUTH,17,1767.95,0.0,No,30055.15
507403,2024-12-01,SKU1007,WH_WEST,8,13190.2,0.0,No,105521.6
507408,2024-12-01,SKU1017,WH_NORTH,20,2741.56,15.0,No,46606.52
507411,2024-12-01,SKU1025,WH_WEST,4,1880.05,0.0,No,7520.2
507398,2024-12-01,SKU1000,WH_NORTH,9,9457.32,0.0,No,85115.88
507410,2024-12-01,SKU1021,WH_NORTH,15,2700.26,10.0,No,36453.51
507399,2024-12-01,SKU1002,WH_WEST,8,4026.46,0.0,No,32211.68
507416,2024-12-01,SKU1038,WH_WEST,38,1639.79,10.0,Yes,56818.72
507407,2024-12-01,SKU1015,WH_SOUTH,20,808.05,15.0,Yes,14080.27
507401,2024-12-01,SKU1004,WH_NORTH,8,661.52,0.0,No,5292.16
507405,2024-12-01,SKU1011,WH_WEST,16,282.38,5.0,No,4292.18
507406,2024-12-01,SKU1012,WH_WEST,17,1433.92,15.0,No,20720.14
507413,2024-12-01,SKU1033,WH_WEST,30,1093.06,0.0,No,32791.8
507400,2024-12-01,SKU1003,WH_WEST,6,21674.48,0.0,No,130046.88
507415,2024-12-01,SKU1037,WH_WEST,9,2206.93,20.0,No,15889.9
507414,2024-12-01,SKU1034,WH_NORTH,30,2229.38,0.0,No,66881.4
507417,2024-12-02,SKU1001,WH_WEST,4,19525.32,0.0,No,78101.28
507433,2024-12-02,SKU1033,WH_NORTH,16,1093.06,0.0,No,17488.96
507428,2024-12-02,SKU1025,WH_NORTH,10,1880.05,0.0,No,18800.5
507419,2024-12-02,SKU1004,WH_SOUTH,6,661.52,0.0,No,3969.12
507422,2024-12-02,SKU1011,WH_NORTH,11,282.38,0.0,No,3106.18
507427,2024-12-02,SKU1024,WH_SOUTH,15,1822.24,15.0,Yes,23233.56
507429,2024-12-02,SKU1026,WH_WEST,9,994.38,0.0,No,8949.42
507418,2024-12-02,SKU1003,WH_SOUTH,5,21674.48,0.0,No,108372.4
507434,2024-12-02,SKU1035,WH_SOUTH,22,1749.54,0.0,No,38489.88
507425,2024-12-02,SKU1020,WH_WEST,9,2359.13,0.0,No,21232.17
507431,2024-12-02,SKU1028,WH_WEST,12,716.34,0.0,No,8596.08
507423,2024-12-02,SKU1012,WH_NORTH,17,1433.92,15.0,No,20720.14
507426,2024-12-02,SKU1021,WH_NORTH,9,2700.26,15.0,No,20656.99
507421,2024-12-02,SKU1007,WH_NORTH,4,13190.2,0.0,No,52760.8
507420,2024-12-02,SKU1005,WH_SOUTH,9,23473.03,20.0,No,169005.82
507432,2024-12-02,SKU1032,WH_NORTH,25,2757.64,5.0,No,65493.95
507424,2024-12-02,SKU1014,WH_SOUTH,11,1248.44,0.0,No,13732.84
507430,2024-12-02,SKU1027,WH_WEST,12,194.56,10.0,No,2101.25
507435,2024-12-02,SKU1039,WH_NORTH,29,222.44,0.0,No,6450.76
507441,2024-12-03,SKU1008,WH_SOUTH,7,7387.04,0.0,No,51709.28
507450,2024-12-03,SKU1022,WH_NORTH,11,278.9,0.0,No,3067.9
507449,2024-12-03,SKU1021,WH_WEST,14,2700.26,0.0,No,37803.64
507453,2024-12-03,SKU1030,WH_NORTH,31,2402.0,15.0,No,63292.7
507445,2024-12-03,SKU1014,WH_WEST,6,1248.44,10.0,No,6741.58
507436,2024-12-03,SKU1000,WH_SOUTH,7,9457.32,15.0,No,56271.05
507439,2024-12-03,SKU1006,WH_SOUTH,6,4707.6,15.0,No,24008.76
507438,2024-12-03,SKU1005,WH_SOUTH,8,23473.03,0.0,No,187784.24
507455,2024-12-03,SKU1038,WH_WEST,17,1639.79,15.0,No,23694.97
507446,2024-12-03,SKU1016,WH_NORTH,9,497.81,0.0,No,4480.29
507443,2024-12-03,SKU1010,WH_WEST,19,1240.02,0.0,No,23560.38
507440,2024-12-03,SKU1007,WH_WEST,9,13190.2,10.0,No,106840.62
507454,2024-12-03,SKU1037,WH_NORTH,12,2206.93,15.0,No,22510.69
507442,2024-12-03,SKU1009,WH_WEST,9,1309.64,0.0,No,11786.76
507452,2024-12-03,SKU1026,WH_SOUTH,5,994.38,15.0,No,4226.12
507451,2024-12-03,SKU1023,WH_SOUTH,11,1257.73,20.0,No,11068.02
507447,2024-12-03,SKU1017,WH_SOUTH,13,2741.56,5.0,No,33858.27
507448,2024-12-03,SKU1018,WH_SOUTH,15,2038.19,5.0,No,29044.21
507437,2024-12-03,SKU1003,WH_SOUTH,9,21674.48,0.0,No,195070.32
507444,2024-12-03,SKU1012,WH_NORTH,14,1433.92,5.0,No,19071.14
507456,2024-12-04,SKU1000,WH_WEST,6,9457.32,5.0,No,53906.72
507464,2024-12-04,SKU1018,WH_NORTH,14,2038.19,0.0,No,28534.66
507459,2024-12-04,SKU1005,WH_WEST,6,23473.03,15.0,No,119712.45
507461,2024-12-04,SKU1008,WH_SOUTH,7,7387.04,10.0,No,46538.35
507472,2024-12-04,SKU1028,WH_SOUTH,12,716.34,5.0,No,8166.28
507473,2024-12-04,SKU1030,WH_NORTH,27,2402.0,0.0,No,64854.0
507475,2024-12-04,SKU1032,WH_WEST,19,2757.64,15.0,No,44535.89
507460,2024-12-04,SKU1006,WH_WEST,4,4707.6,0.0,No,18830.4
507469,2024-12-04,SKU1024,WH_SOUTH,16,1822.24,10.0,Yes,26240.26
507467,2024-12-04,SKU1022,WH_SOUTH,13,278.9,0.0,No,3625.7
507476,2024-12-04,SKU1033,WH_SOUTH,23,1093.06,0.0,No,25140.38
507478,2024-12-04,SKU1036,WH_NORTH,24,2919.38,0.0,No,70065.12
507480,2024-12-04,SKU1039,WH_NORTH,13,222.44,0.0,No,2891.72
507468,2024-12-04,SKU1023,WH_NORTH,12,1257.73,0.0,No,15092.76
507479,2024-12-04,SKU1037,WH_WEST,20,2206.93,5.0,No,41931.67
507466,2024-12-04,SKU1020,WH_SOUTH,9,2359.13,10.0,No,19108.95
507471,2024-12-04,SKU1026,WH_NORTH,10,994.38,0.0,No,9943.8
507457,2024-12-04,SKU1001,WH_SOUTH,5,19525.32,0.0,No,97626.6
507477,2024-12-04,SKU1034,WH_WEST,27,2229.38,10.0,No,54173.93
507458,2024-12-04,SKU1002,WH_SOUTH,9,4026.46,0.0,No,36238.14
507463,2024-12-04,SKU1016,WH_WEST,9,497.81,0.0,No,4480.29
507465,2024-12-04,SKU1019,WH_NORTH,18,1767.95,0.0,No,31823.1
507474,2024-12-04,SKU1031,WH_NORTH,31,2789.96,0.0,No,86488.76
507462,2024-12-04,SKU1012,WH_NORTH,13,1433.92,15.0,No,15844.82
507470,2024-12-04,SKU1025,WH_WEST,8,1880.05,0.0,No,15040.4
507489,2024-12-05,SKU1015,WH_SOUTH,11,808.05,10.0,No,7999.7
507485,2024-12-05,SKU1008,WH_WEST,7,7387.04,0.0,No,51709.28
507484,2024-12-05,SKU1007,WH_NORTH,5,13190.2,0.0,No,65951.0
507487,2024-12-05,SKU1011,WH_SOUTH,15,282.38,10.0,No,3812.13
507494,2024-12-05,SKU1022,WH_SOUTH,14,278.9,10.0,Yes,3514.14
507497,2024-12-05,SKU1028,WH_SOUTH,10,716.34,15.0,No,6088.89
507483,2024-12-05,SKU1006,WH_NORTH,3,4707.6,10.0,No,12710.52
507495,2024-12-05,SKU1026,WH_NORTH,10,994.38,15.0,No,8452.23
507503,2024-12-05,SKU1039,WH_NORTH,25,222.44,0.0,No,5561.0
507496,2024-12-05,SKU1027,WH_NORTH,6,194.56,5.0,No,1108.99
507481,2024-12-05,SKU1004,WH_SOUTH,8,661.52,15.0,No,4498.34
507493,2024-12-05,SKU1020,WH_SOUTH,5,2359.13,0.0,No,11795.65
507498,2024-12-05,SKU1031,WH_SOUTH,38,2789.96,10.0,No,95416.63
507499,2024-12-05,SKU1032,WH_SOUTH,38,2757.64,5.0,No,100860.68
507502,2024-12-05,SKU1036,WH_WEST,35,2919.38,10.0,No,91960.47
507492,2024-12-05,SKU1019,WH_WEST,12,1767.95,10.0,No,19093.86
507488,2024-12-05,SKU1013,WH_WEST,11,2835.28,0.0,No,31188.08
507491,2024-12-05,SKU1018,WH_WEST,20,2038.19,0.0,Yes,40763.8
507490,2024-12-05,SKU1016,WH_WEST,12,497.81,0.0,No,5973.72
507501,2024-12-05,SKU1035,WH_NORTH,26,1749.54,10.0,No,40939.24
507486,2024-12-05,SKU1010,WH_NORTH,15,1240.02,0.0,No,18600.3
507482,2024-12-05,SKU1005,WH_WEST,6,23473.03,10.0,No,126754.36
507500,2024-12-05,SKU1033,WH_SOUTH,12,1093.06,0.0,No,13116.72
507529,2024-12-06,SKU1039,WH_NORTH,33,222.44,0.0,No,7340.52
507520,2024-12-06,SKU1023,WH_NORTH,14,1257.73,5.0,Yes,16727.81
507526,2024-12-06,SKU1035,WH_WEST,28,1749.54,0.0,No,48987.12
507523,2024-12-06,SKU1029,WH_NORTH,16,716.7,10.0,No,10320.48
507513,2024-12-06,SKU1014,WH_NORTH,14,1248.44,0.0,No,17478.16
507524,2024-12-06,SKU1032,WH_NORTH,26,2757.64,5.0,No,68113.71
507506,2024-12-06,SKU1004,WH_WEST,8,661.52,10.0,No,4762.94
507519,2024-12-06,SKU1022,WH_SOUTH,10,278.9,10.0,No,2510.1
507522,2024-12-06,SKU1026,WH_NORTH,16,994.38,20.0,Yes,12728.06
507527,2024-12-06,SKU1036,WH_NORTH,33,2919.38,0.0,No,96339.54
507521,2024-12-06,SKU1024,WH_SOUTH,10,1822.24,15.0,No,15489.04
507508,2024-12-06,SKU1006,WH_SOUTH,3,4707.6,5.0,No,13416.66
507512,2024-12-06,SKU1012,WH_NORTH,18,1433.92,0.0,Yes,25810.56
507507,2024-12-06,SKU1005,WH_WEST,8,23473.03,5.0,No,178395.03
507511,2024-12-06,SKU1011,WH_WEST,12,282.38,0.0,No,3388.56
507504,2024-12-06,SKU1000,WH_SOUTH,8,9457.32,0.0,No,75658.56
507514,2024-12-06,SKU1015,WH_WEST,16,808.05,15.0,No,10989.48
507510,2024-12-06,SKU1009,WH_SOUTH,9,1309.64,15.0,Yes,10018.75
507518,2024-12-06,SKU1021,WH_SOUTH,14,2700.26,0.0,No,37803.64
507517,2024-12-06,SKU1019,WH_NORTH,15,1767.95,0.0,No,26519.25
507509,2024-12-06,SKU1008,WH_WEST,9,7387.04,15.0,No,56510.86
507528,2024-12-06,SKU1037,WH_SOUTH,26,2206.93,0.0,Yes,57380.18
507525,2024-12-06,SKU1033,WH_SOUTH,21,1093.06,0.0,No,22954.26
507505,2024-12-06,SKU1001,WH_NORTH,4,19525.32,10.0,No,70291.15
507516,2024-12-06,SKU1018,WH_NORTH,15,2038.19,0.0,Yes,30572.85
507515,2024-12-06,SKU1016,WH_WEST,20,497.81,0.0,Yes,10205.1
507545,2024-12-07,SKU1029,WH_SOUTH,13,716.7,0.0,No,9317.1
507540,2024-12-07,SKU1016,WH_NORTH,20,497.81,0.0,Yes,10205.1
507530,2024-12-07,SKU1000,WH_SOUTH,4,9457.32,0.0,No,37829.28
507532,2024-12-07,SKU1004,WH_NORTH,9,661.52,0.0,No,5953.68
507539,2024-12-07,SKU1015,WH_WEST,13,808.05,5.0,No,9979.42
507544,2024-12-07,SKU1028,WH_WEST,15,716.34,0.0,No,10745.1
507549,2024-12-07,SKU1035,WH_NORTH,38,1749.54,0.0,Yes,67357.29
507538,2024-12-07,SKU1014,WH_WEST,16,1248.44,0.0,No,19975.04
507547,2024-12-07,SKU1032,WH_NORTH,38,2757.64,15.0,Yes,90243.77
507543,2024-12-07,SKU1022,WH_NORTH,11,278.9,10.0,No,2761.11
507546,2024-12-07,SKU1031,WH_SOUTH,28,2789.96,0.0,No,78118.88
507550,2024-12-07,SKU1038,WH_WEST,23,1639.79,10.0,No,33943.65
507542,2024-12-07,SKU1019,WH_NORTH,20,1767.95,0.0,No,36242.98
507531,2024-12-07,SKU1003,WH_WEST,7,21674.48,5.0,No,144135.29
507535,2024-12-07,SKU1009,WH_NORTH,9,1309.64,0.0,No,11786.76
507534,2024-12-07,SKU1008,WH_SOUTH,8,7387.04,10.0,No,53186.69
507537,2024-12-07,SKU1012,WH_SOUTH,20,1433.92,0.0,Yes,29395.36
507541,2024-12-07,SKU1017,WH_NORTH,13,2741.56,0.0,No,35640.28
507548,2024-12-07,SKU1034,WH_NORTH,31,2229.38,20.0,No,55288.62
507533,2024-12-07,SKU1006,WH_SOUTH,9,4707.6,10.0,Yes,38131.56
507536,2024-12-07,SKU1010,WH_WEST,16,1240.02,15.0,No,16864.27
507551,2024-12-08,SKU1001,WH_SOUTH,7,19525.32,10.0,No,123009.52
507563,2024-12-08,SKU1018,WH_SOUTH,18,2038.19,0.0,No,36687.42
507555,2024-12-08,SKU1005,WH_NORTH,9,23473.03,0.0,Yes,211257.27
507570,2024-12-08,SKU1032,WH_SOUTH,23,2757.64,0.0,Yes,63425.72
507554,2024-12-08,SKU1004,WH_SOUTH,8,661.52,10.0,No,4762.94
507566,2024-12-08,SKU1028,WH_WEST,16,716.34,10.0,No,10315.3
507564,2024-12-08,SKU1024,WH_SOUTH,11,1822.24,5.0,No,19042.41
507553,2024-12-08,SKU1003,WH_NORTH,7,21674.48,0.0,No,151721.36
507560,2024-12-08,SKU1015,WH_NORTH,11,808.05,0.0,No,8888.55
507558,2024-12-08,SKU1012,WH_NORTH,20,1433.92,0.0,No,29395.36
507562,2024-12-08,SKU1017,WH_SOUTH,15,2741.56,5.0,No,39067.23
507561,2024-12-08,SKU1016,WH_WEST,19,497.81,5.0,No,8985.47
507552,2024-12-08,SKU1002,WH_SOUTH,6,4026.46,20.0,No,19327.01
507567,2024-12-08,SKU1029,WH_WEST,14,716.7,0.0,No,10033.8
507572,2024-12-08,SKU1037,WH_NORTH,17,2206.93,0.0,No,37517.81
507556,2024-12-08,SKU1007,WH_WEST,7,13190.2,0.0,No,92331.4
507557,2024-12-08,SKU1008,WH_NORTH,7,7387.04,20.0,No,41367.42
507565,2024-12-08,SKU1027,WH_NORTH,12,194.56,5.0,No,2217.98
507568,2024-12-08,SKU1030,WH_SOUTH,38,2402.0,5.0,No,87853.15
507571,2024-12-08,SKU1034,WH_WEST,38,2229.38,0.0,No,85831.13
507569,2024-12-08,SKU1031,WH_WEST,27,2789.96,0.0,No,75328.92
507559,2024-12-08,SKU1014,WH_NORTH,20,1248.44,0.0,No,24968.8
507597,2024-12-09,SKU1033,WH_NORTH,29,1093.06,5.0,No,30113.8
507598,2024-12-09,SKU1035,WH_SOUTH,30,1749.54,15.0,No,44613.27
507582,2024-12-09,SKU1013,WH_WEST,12,2835.28,0.0,No,34023.36
507574,2024-12-09,SKU1001,WH_NORTH,6,19525.32,5.0,No,111294.32
507577,2024-12-09,SKU1004,WH_WEST,6,661.52,0.0,No,3969.12
507596,2024-12-09,SKU1032,WH_WEST,31,2757.64,0.0,No,85486.84
507573,2024-12-09,SKU1000,WH_NORTH,8,9457.32,0.0,No,75658.56
507580,2024-12-09,SKU1007,WH_WEST,7,13190.2,0.0,No,92331.4
507578,2024-12-09,SKU1005,WH_NORTH,9,23473.03,0.0,No,211257.27
507587,2024-12-09,SKU1019,WH_WEST,20,1767.95,5.0,Yes,34430.83
507585,2024-12-09,SKU1016,WH_NORTH,16,497.81,15.0,No,6770.22
507592,2024-12-09,SKU1027,WH_NORTH,11,194.56,15.0,No,1819.14
507588,2024-12-09,SKU1020,WH_NORTH,10,2359.13,0.0,Yes,23591.3
507599,2024-12-09,SKU1038,WH_SOUTH,26,1639.79,10.0,No,38371.09
507586,2024-12-09,SKU1018,WH_NORTH,18,2038.19,0.0,No,36687.42
507595,2024-12-09,SKU1031,WH_WEST,20,2789.96,10.0,No,50219.28
507584,2024-12-09,SKU1015,WH_SOUTH,13,808.05,10.0,No,9454.18
507594,2024-12-09,SKU1030,WH_SOUTH,5,2402.0,0.0,No,12010.0
507576,2024-12-09,SKU1003,WH_WEST,9,21674.48,0.0,No,195070.32
507581,2024-12-09,SKU1010,WH_NORTH,18,1240.02,5.0,Yes,21204.34
507579,2024-12-09,SKU1006,WH_NORTH,7,4707.6,0.0,No,32953.2
507589,2024-12-09,SKU1022,WH_NORTH,16,278.9,5.0,No,4239.28
507593,2024-12-09,SKU1029,WH_SOUTH,10,716.7,10.0,No,6450.3
507591,2024-12-09,SKU1025,WH_SOUTH,8,1880.05,10.0,No,13536.36
507575,2024-12-09,SKU1002,WH_SOUTH,9,4026.46,0.0,Yes,36238.14
507583,2024-12-09,SKU1014,WH_NORTH,16,1248.44,10.0,No,17977.54
507600,2024-12-09,SKU1039,WH_NORTH,17,222.44,0.0,No,3781.48
507590,2024-12-09,SKU1023,WH_NORTH,9,1257.73,0.0,No,11319.57
507617,2024-12-10,SKU1023,WH_WEST,13,1257.73,0.0,No,16350.49
507607,2024-12-10,SKU1009,WH_SOUTH,9,1309.64,5.0,Yes,11197.42
507601,2024-12-10,SKU1000,WH_SOUTH,5,9457.32,10.0,No,42557.94
507621,2024-12-10,SKU1030,WH_NORTH,38,2402.0,15.0,Yes,78605.45
507625,2024-12-10,SKU1036,WH_NORTH,38,2919.38,0.0,Yes,112396.13
507622,2024-12-10,SKU1032,WH_NORTH,37,2757.64,20.0,No,81626.14
507604,2024-12-10,SKU1005,WH_WEST,5,23473.03,0.0,No,117365.15
507619,2024-12-10,SKU1027,WH_WEST,9,194.56,0.0,No,1751.04
507614,2024-12-10,SKU1019,WH_WEST,15,1767.95,0.0,No,26519.25
507610,2024-12-10,SKU1014,WH_WEST,16,1248.44,0.0,No,19975.04
507602,2024-12-10,SKU1003,WH_NORTH,6,21674.48,0.0,No,130046.88
507620,2024-12-10,SKU1029,WH_NORTH,8,716.7,0.0,No,5733.6
507627,2024-12-10,SKU1038,WH_SOUTH,9,1639.79,0.0,No,14758.11
507613,2024-12-10,SKU1018,WH_SOUTH,20,2038.19,5.0,Yes,39693.75
507608,2024-12-10,SKU1011,WH_SOUTH,10,282.38,10.0,No,2541.42
507618,2024-12-10,SKU1025,WH_NORTH,11,1880.05,5.0,No,19646.52
507612,2024-12-10,SKU1017,WH_SOUTH,20,2741.56,0.0,Yes,56201.98
507626,2024-12-10,SKU1037,WH_SOUTH,24,2206.93,15.0,No,45021.37
507609,2024-12-10,SKU1013,WH_WEST,17,2835.28,0.0,No,48199.76
507606,2024-12-10,SKU1008,WH_SOUTH,5,7387.04,0.0,No,36935.2
507615,2024-12-10,SKU1021,WH_SOUTH,10,2700.26,5.0,No,25652.47
507603,2024-12-10,SKU1004,WH_WEST,5,661.52,10.0,No,2976.84
507623,2024-12-10,SKU1034,WH_NORTH,38,2229.38,0.0,No,85831.13
507605,2024-12-10,SKU1007,WH_WEST,9,13190.2,5.0,No,112776.21
507624,2024-12-10,SKU1035,WH_WEST,15,1749.54,0.0,No,26243.1
507616,2024-12-10,SKU1022,WH_SOUTH,12,278.9,5.0,No,3179.46
507611,2024-12-10,SKU1015,WH_SOUTH,16,808.05,0.0,No,12928.8
507632,2024-12-11,SKU1012,WH_SOUTH,9,1433.92,0.0,No,12905.28
507634,2024-12-11,SKU1019,WH_NORTH,12,1767.95,20.0,No,16972.32
507640,2024-12-11,SKU1036,WH_SOUTH,25,2919.38,0.0,Yes,72984.5
507641,2024-12-11,SKU1038,WH_SOUTH,20,1639.79,5.0,No,31156.01
507642,2024-12-11,SKU1039,WH_WEST,21,222.44,0.0,No,4671.24
507638,2024-12-11,SKU1033,WH_WEST,38,1093.06,0.0,Yes,42082.81
507631,2024-12-11,SKU1011,WH_NORTH,20,282.38,15.0,Yes,4920.47
507636,2024-12-11,SKU1025,WH_SOUTH,14,1880.05,15.0,Yes,22372.6
507628,2024-12-11,SKU1000,WH_NORTH,8,9457.32,0.0,No,75658.56
507637,2024-12-11,SKU1027,WH_WEST,10,194.56,0.0,No,1945.6
507629,2024-12-11,SKU1002,WH_NORTH,6,4026.46,15.0,No,20534.95
507630,2024-12-11,SKU1008,WH_NORTH,7,7387.04,0.0,No,51709.28
507633,2024-12-11,SKU1018,WH_SOUTH,9,2038.19,0.0,No,18343.71
507635,2024-12-11,SKU1020,WH_WEST,7,2359.13,0.0,Yes,16513.91
507639,2024-12-11,SKU1034,WH_NORTH,33,2229.38,0.0,No,73569.54
507651,2024-12-12,SKU1018,WH_SOUTH,14,2038.19,15.0,No,24254.46
507646,2024-12-12,SKU1006,WH_NORTH,7,4707.6,0.0,No,32953.2
507655,2024-12-12,SKU1033,WH_SOUTH,36,1093.06,15.0,No,33447.64
507654,2024-12-12,SKU1032,WH_SOUTH,30,2757.64,5.0,No,78592.74
507650,2024-12-12,SKU1014,WH_SOUTH,11,1248.44,0.0,No,13732.84
507647,2024-12-12,SKU1009,WH_WEST,9,1309.64,0.0,Yes,11786.76
507644,2024-12-12,SKU1001,WH_NORTH,7,19525.32,0.0,No,136677.24
507643,2024-12-12,SKU1000,WH_SOUTH,8,9457.32,0.0,No,75658.56
507652,2024-12-12,SKU1024,WH_SOUTH,9,1822.24,0.0,No,16400.16
507645,2024-12-12,SKU1005,WH_WEST,9,23473.03,10.0,No,190131.54
507653,2024-12-12,SKU1028,WH_SOUTH,13,716.34,10.0,No,8381.18
507649,2024-12-12,SKU1013,WH_NORTH,15,2835.28,15.0,No,36149.82
507656,2024-12-12,SKU1036,WH_NORTH,29,2919.38,5.0,Yes,80428.92
507657,2024-12-12,SKU1038,WH_WEST,22,1639.79,20.0,No,28860.3
507648,2024-12-12,SKU1011,WH_NORTH,8,282.38,15.0,No,1920.18
507658,2024-12-13,SKU1000,WH_WEST,9,9457.32,5.0,No,80860.09
507660,2024-12-13,SKU1004,WH_WEST,6,661.52,0.0,No,3969.12
507665,2024-12-13,SKU1018,WH_WEST,10,2038.19,15.0,No,17324.62
507671,2024-12-13,SKU1031,WH_WEST,23,2789.96,0.0,No,64169.08
507672,2024-12-13,SKU1033,WH_SOUTH,29,1093.06,0.0,No,31698.74
507674,2024-12-13,SKU1036,WH_SOUTH,25,2919.38,5.0,Yes,69335.27
507675,2024-12-13,SKU1037,WH_NORTH,24,2206.93,0.0,No,52966.32
507673,2024-12-13,SKU1034,WH_NORTH,29,2229.38,0.0,No,64652.02
507659,2024-12-13,SKU1002,WH_WEST,9,4026.46,0.0,Yes,36238.14
507661,2024-12-13,SKU1005,WH_WEST,5,23473.03,0.0,No,117365.15
507670,2024-12-13,SKU1030,WH_WEST,11,2402.0,5.0,No,25100.9
507669,2024-12-13,SKU1029,WH_SOUTH,11,716.7,0.0,No,7883.7
507668,2024-12-13,SKU1027,WH_SOUTH,14,194.56,0.0,No,2723.84
507662,2024-12-13,SKU1008,WH_NORTH,7,7387.04,0.0,No,51709.28
507664,2024-12-13,SKU1016,WH_SOUTH,10,497.81,5.0,No,4729.2
507663,2024-12-13,SKU1011,WH_SOUTH,14,282.38,10.0,No,3557.99
507666,2024-12-13,SKU1021,WH_SOUTH,12,2700.26,10.0,No,29162.81
507667,2024-12-13,SKU1024,WH_NORTH,9,1822.24,5.0,No,15580.15
507676,2024-12-14,SKU1000,WH_NORTH,8,9457.32,5.0,No,71875.63
507691,2024-12-14,SKU1038,WH_WEST,30,1639.79,10.0,No,44274.33
507685,2024-12-14,SKU1024,WH_SOUTH,6,1822.24,0.0,No,10933.44
507678,2024-12-14,SKU1009,WH_WEST,8,1309.64,0.0,No,10477.12
507688,2024-12-14,SKU1028,WH_SOUTH,16,716.34,0.0,No,11461.44
507680,2024-12-14,SKU1016,WH_NORTH,15,497.81,20.0,No,5973.72
507683,2024-12-14,SKU1021,WH_SOUTH,11,2700.26,0.0,No,29702.86
507692,2024-12-14,SKU1039,WH_WEST,38,222.44,10.0,No,7707.55
507677,2024-12-14,SKU1006,WH_SOUTH,9,4707.6,0.0,Yes,42368.4
507682,2024-12-14,SKU1019,WH_NORTH,13,1767.95,0.0,No,22983.35
507686,2024-12-14,SKU1026,WH_WEST,11,994.38,0.0,No,10938.18
507690,2024-12-14,SKU1035,WH_WEST,32,1749.54,10.0,No,50386.75
507681,2024-12-14,SKU1018,WH_NORTH,15,2038.19,0.0,No,30572.85
507679,2024-12-14,SKU1014,WH_NORTH,17,1248.44,20.0,No,16978.78
507687,2024-12-14,SKU1027,WH_NORTH,12,194.56,15.0,Yes,1984.51
507689,2024-12-14,SKU1029,WH_SOUTH,16,716.7,0.0,Yes,11467.2
507684,2024-12-14,SKU1022,WH_SOUTH,7,278.9,0.0,No,1952.3
507705,2024-12-15,SKU1021,WH_SOUTH,12,2700.26,0.0,No,32403.12
507696,2024-12-15,SKU1004,WH_WEST,5,661.52,0.0,No,3307.6
507698,2024-12-15,SKU1007,WH_WEST,8,13190.2,10.0,No,94969.44
507703,2024-12-15,SKU1019,WH_WEST,20,1767.95,10.0,No,32618.68
507694,2024-12-15,SKU1001,WH_NORTH,9,19525.32,0.0,No,175727.88
507716,2024-12-15,SKU1033,WH_NORTH,37,1093.06,0.0,No,40443.22
507704,2024-12-15,SKU1020,WH_WEST,16,2359.13,0.0,No,37746.08
507700,2024-12-15,SKU1010,WH_SOUTH,20,1240.02,0.0,No,25420.41
507707,2024-12-15,SKU1023,WH_WEST,8,1257.73,0.0,No,10061.84
507715,2024-12-15,SKU1032,WH_SOUTH,35,2757.64,0.0,No,96517.4
507702,2024-12-15,SKU1012,WH_WEST,20,1433.92,15.0,Yes,24986.06
507706,2024-12-15,SKU1022,WH_NORTH,14,278.9,0.0,No,3904.6
507717,2024-12-15,SKU1035,WH_SOUTH,38,1749.54,0.0,No,66482.52
507697,2024-12-15,SKU1006,WH_SOUTH,9,4707.6,0.0,No,42368.4
507713,2024-12-15,SKU1030,WH_SOUTH,30,2402.0,15.0,No,61251.0
507718,2024-12-15,SKU1036,WH_NORTH,7,2919.38,0.0,No,20435.66
507710,2024-12-15,SKU1026,WH_NORTH,16,994.38,10.0,Yes,14319.07
507714,2024-12-15,SKU1031,WH_NORTH,29,2789.96,5.0,No,76863.4
507693,2024-12-15,SKU1000,WH_SOUTH,7,9457.32,0.0,No,66201.24
507711,2024-12-15,SKU1027,WH_WEST,7,194.56,0.0,No,1361.92
507695,2024-12-15,SKU1002,WH_WEST,9,4026.46,0.0,No,36238.14
507720,2024-12-15,SKU1038,WH_SOUTH,38,1639.79,0.0,No,63131.92
507712,2024-12-15,SKU1028,WH_NORTH,13,716.34,10.0,No,8381.18
507708,2024-12-15,SKU1024,WH_WEST,6,1822.24,5.0,No,10386.77
507701,2024-12-15,SKU1011,WH_NORTH,13,282.38,0.0,No,3670.94
507719,2024-12-15,SKU1037,WH_NORTH,38,2206.93,0.0,Yes,84966.8
507699,2024-12-15,SKU1008,WH_SOUTH,9,7387.04,0.0,Yes,66483.36
507709,2024-12-15,SKU1025,WH_SOUTH,8,1880.05,20.0,No,12032.32
507722,2024-12-16,SKU1001,WH_NORTH,5,19525.32,0.0,No,97626.6
507726,2024-12-16,SKU1008,WH_WEST,7,7387.04,10.0,No,46538.35
507742,2024-12-16,SKU1038,WH_SOUTH,22,1639.79,0.0,No,36075.38
507728,2024-12-16,SKU1014,WH_WEST,10,1248.44,0.0,No,12484.4
507729,2024-12-16,SKU1015,WH_WEST,20,808.05,15.0,Yes,14080.27
507736,2024-12-16,SKU1030,WH_WEST,35,2402.0,0.0,No,84070.0
507737,2024-12-16,SKU1031,WH_SOUTH,11,2789.96,10.0,No,27620.6
507730,2024-12-16,SKU1016,WH_SOUTH,7,497.81,0.0,No,3484.67
507739,2024-12-16,SKU1034,WH_WEST,34,2229.38,0.0,No,75798.92
507738,2024-12-16,SKU1032,WH_SOUTH,16,2757.64,10.0,No,39710.02
507735,2024-12-16,SKU1024,WH_SOUTH,12,1822.24,5.0,No,20773.54
507727,2024-12-16,SKU1009,WH_SOUTH,5,1309.64,10.0,No,5893.38
507723,2024-12-16,SKU1004,WH_WEST,8,661.52,0.0,Yes,5292.16
507731,2024-12-16,SKU1018,WH_SOUTH,14,2038.19,0.0,No,28534.66
507734,2024-12-16,SKU1021,WH_WEST,12,2700.26,5.0,No,30782.96
507740,2024-12-16,SKU1036,WH_WEST,31,2919.38,0.0,No,90500.78
507721,2024-12-16,SKU1000,WH_SOUTH,9,9457.32,0.0,Yes,85115.88
507724,2024-12-16,SKU1005,WH_NORTH,6,23473.03,0.0,No,140838.18
507725,2024-12-16,SKU1006,WH_SOUTH,5,4707.6,0.0,No,23538.0
507732,2024-12-16,SKU1019,WH_WEST,12,1767.95,0.0,No,21215.4
507741,2024-12-16,SKU1037,WH_NORTH,20,2206.93,0.0,No,44138.6
507733,2024-12-16,SKU1020,WH_NORTH,10,2359.13,0.0,No,23591.3
507749,2024-12-17,SKU1017,WH_WEST,20,2741.56,15.0,Yes,47771.68
507747,2024-12-17,SKU1008,WH_NORTH,4,7387.04,0.0,No,29548.16
507757,2024-12-17,SKU1033,WH_WEST,25,1093.06,10.0,No,24593.85
507754,2024-12-17,SKU1025,WH_WEST,9,1880.05,10.0,No,15228.4
507744,2024-12-17,SKU1002,WH_NORTH,9,4026.46,0.0,No,36238.14
507753,2024-12-17,SKU1024,WH_WEST,9,1822.24,0.0,No,16400.16
507743,2024-12-17,SKU1000,WH_NORTH,9,9457.32,0.0,No,85115.88
507755,2024-12-17,SKU1030,WH_WEST,28,2402.0,0.0,No,67256.0
507748,2024-12-17,SKU1015,WH_NORTH,11,808.05,0.0,No,8888.55
507745,2024-12-17,SKU1003,WH_SOUTH,8,21674.48,0.0,No,173395.84
507750,2024-12-17,SKU1019,WH_SOUTH,16,1767.95,5.0,Yes,26872.84
507752,2024-12-17,SKU1023,WH_NORTH,11,1257.73,0.0,No,13835.03
507746,2024-12-17,SKU1006,WH_SOUTH,6,4707.6,5.0,Yes,26833.32
507758,2024-12-17,SKU1039,WH_NORTH,31,222.44,0.0,No,6895.64
507751,2024-12-17,SKU1020,WH_NORTH,7,2359.13,0.0,No,16513.91
507756,2024-12-17,SKU1031,WH_NORTH,27,2789.96,5.0,No,71562.47
507770,2024-12-18,SKU1027,WH_SOUTH,14,194.56,0.0,No,2723.84
507777,2024-12-18,SKU1038,WH_SOUTH,25,1639.79,0.0,No,40994.75
507762,2024-12-18,SKU1007,WH_NORTH,7,13190.2,5.0,No,87714.83
507774,2024-12-18,SKU1032,WH_WEST,23,2757.64,0.0,No,63425.72
507761,2024-12-18,SKU1006,WH_SOUTH,8,4707.6,0.0,No,37660.8
507767,2024-12-18,SKU1020,WH_NORTH,9,2359.13,10.0,No,19108.95
507776,2024-12-18,SKU1037,WH_WEST,33,2206.93,5.0,No,69187.26
507765,2024-12-18,SKU1013,WH_NORTH,20,2835.28,0.0,No,56705.6
507773,2024-12-18,SKU1031,WH_NORTH,14,2789.96,10.0,No,35153.5
507763,2024-12-18,SKU1010,WH_NORTH,18,1240.02,15.0,No,18972.31
507772,2024-12-18,SKU1029,WH_NORTH,10,716.7,15.0,No,6091.95
507766,2024-12-18,SKU1019,WH_SOUTH,12,1767.95,5.0,No,20154.63
507759,2024-12-18,SKU1000,WH_SOUTH,6,9457.32,5.0,No,53906.72
507764,2024-12-18,SKU1012,WH_NORTH,14,1433.92,0.0,No,20074.88
507778,2024-12-18,SKU1039,WH_SOUTH,38,222.44,0.0,Yes,8563.94
507760,2024-12-18,SKU1001,WH_WEST,8,19525.32,0.0,No,156202.56
507768,2024-12-18,SKU1024,WH_NORTH,12,1822.24,10.0,Yes,19680.19
507771,2024-12-18,SKU1028,WH_SOUTH,11,716.34,0.0,No,7879.74
507775,2024-12-18,SKU1036,WH_SOUTH,19,2919.38,0.0,No,55468.22
507769,2024-12-18,SKU1026,WH_WEST,12,994.38,0.0,No,11932.56
507795,2024-12-19,SKU1031,WH_SOUTH,8,2789.96,0.0,No,22319.68
507787,2024-12-19,SKU1018,WH_NORTH,11,2038.19,5.0,No,21299.09
507783,2024-12-19,SKU1008,WH_WEST,7,7387.04,10.0,No,46538.35
507782,2024-12-19,SKU1007,WH_WEST,8,13190.2,5.0,No,100245.52
507792,2024-12-19,SKU1028,WH_SOUTH,13,716.34,0.0,No,9312.42
507789,2024-12-19,SKU1023,WH_NORTH,8,1257.73,0.0,No,10061.84
507797,2024-12-19,SKU1035,WH_NORTH,22,1749.54,0.0,No,38489.88
507798,2024-12-19,SKU1037,WH_WEST,36,2206.93,0.0,No,79449.48
507799,2024-12-19,SKU1039,WH_NORTH,17,222.44,0.0,No,3781.48
507791,2024-12-19,SKU1027,WH_WEST,7,194.56,0.0,No,1361.92
507784,2024-12-19,SKU1009,WH_NORTH,7,1309.64,5.0,No,8709.11
507793,2024-12-19,SKU1029,WH_WEST,8,716.7,0.0,No,5733.6
507785,2024-12-19,SKU1015,WH_WEST,8,808.05,0.0,No,6464.4
507790,2024-12-19,SKU1024,WH_SOUTH,7,1822.24,10.0,No,11480.11
507779,2024-12-19,SKU1003,WH_NORTH,6,21674.48,5.0,No,123544.54
507786,2024-12-19,SKU1017,WH_WEST,20,2741.56,0.0,Yes,56201.98
507794,2024-12-19,SKU1030,WH_WEST,26,2402.0,0.0,No,62452.0
507781,2024-12-19,SKU1006,WH_SOUTH,7,4707.6,20.0,Yes,26362.56
507780,2024-12-19,SKU1004,WH_WEST,6,661.52,15.0,No,3373.75
507796,2024-12-19,SKU1034,WH_NORTH,25,2229.38,10.0,No,50161.05
507788,2024-12-19,SKU1021,WH_SOUTH,9,2700.26,0.0,No,24302.34
507810,2024-12-20,SKU1018,WH_SOUTH,15,2038.19,0.0,No,30572.85
507814,2024-12-20,SKU1022,WH_NORTH,16,278.9,15.0,Yes,3793.04
507805,2024-12-20,SKU1010,WH_NORTH,14,1240.02,0.0,No,17360.28
507802,2024-12-20,SKU1005,WH_WEST,7,23473.03,5.0,No,156095.65
507813,2024-12-20,SKU1021,WH_SOUTH,16,2700.26,0.0,Yes,43204.16
507811,2024-12-20,SKU1019,WH_WEST,13,1767.95,0.0,No,22983.35
507812,2024-12-20,SKU1020,WH_SOUTH,5,2359.13,5.0,No,11205.87
507816,2024-12-20,SKU1025,WH_NORTH,12,1880.05,0.0,No,22560.6
507819,2024-12-20,SKU1035,WH_NORTH,28,1749.54,0.0,No,48987.12
507804,2024-12-20,SKU1009,WH_SOUTH,6,1309.64,0.0,No,7857.84
507800,2024-12-20,SKU1000,WH_NORTH,4,9457.32,0.0,No,37829.28
507809,2024-12-20,SKU1017,WH_SOUTH,18,2741.56,0.0,No,49348.08
507806,2024-12-20,SKU1012,WH_NORTH,11,1433.92,0.0,No,15773.12
507807,2024-12-20,SKU1014,WH_NORTH,15,1248.44,0.0,No,18726.6
507803,2024-12-20,SKU1008,WH_WEST,7,7387.04,10.0,No,46538.35
507817,2024-12-20,SKU1027,WH_WEST,11,194.56,0.0,No,2140.16
507801,2024-12-20,SKU1004,WH_WEST,8,661.52,0.0,Yes,5292.16
507818,2024-12-20,SKU1032,WH_SOUTH,38,2757.64,0.0,Yes,106169.14
507808,2024-12-20,SKU1015,WH_WEST,20,808.05,10.0,Yes,14908.52
507815,2024-12-20,SKU1023,WH_WEST,13,1257.73,10.0,No,14715.44
507821,2024-12-21,SKU1002,WH_NORTH,7,4026.46,15.0,No,23957.44
507840,2024-12-21,SKU1038,WH_WEST,19,1639.79,0.0,No,31156.01
507827,2024-12-21,SKU1012,WH_NORTH,14,1433.92,5.0,No,19071.14
507841,2024-12-21,SKU1039,WH_NORTH,20,222.44,20.0,No,3559.04
507834,2024-12-21,SKU1026,WH_NORTH,13,994.38,0.0,No,12926.94
507826,2024-12-21,SKU1011,WH_SOUTH,20,282.38,0.0,No,5647.6
507822,2024-12-21,SKU1004,WH_WEST,6,661.52,15.0,No,3373.75
507835,2024-12-21,SKU1027,WH_WEST,14,194.56,10.0,No,2451.46
507823,2024-12-21,SKU1005,WH_WEST,8,23473.03,0.0,No,187784.24
507825,2024-12-21,SKU1009,WH_NORTH,9,1309.64,0.0,No,11786.76
507820,2024-12-21,SKU1000,WH_WEST,9,9457.32,0.0,No,85115.88
507824,2024-12-21,SKU1007,WH_WEST,9,13190.2,0.0,No,118711.8
507833,2024-12-21,SKU1025,WH_WEST,13,1880.05,5.0,No,23218.62
507828,2024-12-21,SKU1015,WH_WEST,15,808.05,10.0,No,10908.68
507836,2024-12-21,SKU1030,WH_WEST,36,2402.0,5.0,No,82148.4
507831,2024-12-21,SKU1021,WH_SOUTH,12,2700.26,15.0,No,27542.65
507832,2024-12-21,SKU1024,WH_SOUTH,10,1822.24,10.0,No,16400.16
507839,2024-12-21,SKU1035,WH_WEST,36,1749.54,5.0,Yes,59834.27
507837,2024-12-21,SKU1032,WH_NORTH,37,2757.64,10.0,No,91829.41
507838,2024-12-21,SKU1034,WH_SOUTH,32,2229.38,0.0,No,71340.16
507829,2024-12-21,SKU1016,WH_NORTH,19,497.81,10.0,No,8512.55
507830,2024-12-21,SKU1017,WH_NORTH,14,2741.56,20.0,Yes,30705.47
507846,2024-12-22,SKU1007,WH_NORTH,8,13190.2,10.0,No,94969.44
507842,2024-12-22,SKU1002,WH_NORTH,7,4026.46,0.0,No,28185.22
507855,2024-12-22,SKU1024,WH_NORTH,16,1822.24,0.0,No,29155.84
507849,2024-12-22,SKU1014,WH_NORTH,14,1248.44,10.0,No,15730.34
507848,2024-12-22,SKU1011,WH_SOUTH,9,282.38,0.0,No,2541.42
507845,2024-12-22,SKU1005,WH_WEST,9,23473.03,0.0,No,211257.27
507856,2024-12-22,SKU1025,WH_SOUTH,10,1880.05,0.0,No,18800.5
507859,2024-12-22,SKU1031,WH_NORTH,25,2789.96,10.0,No,62774.1
507844,2024-12-22,SKU1004,WH_NORTH,9,661.52,0.0,No,5953.68
507843,2024-12-22,SKU1003,WH_WEST,9,21674.48,0.0,No,195070.32
507860,2024-12-22,SKU1032,WH_WEST,29,2757.64,0.0,No,79971.56
507853,2024-12-22,SKU1021,WH_WEST,16,2700.26,0.0,No,43204.16
507852,2024-12-22,SKU1019,WH_SOUTH,17,1767.95,10.0,No,27049.64
507858,2024-12-22,SKU1030,WH_WEST,31,2402.0,0.0,No,74462.0
507864,2024-12-22,SKU1039,WH_NORTH,27,222.44,20.0,Yes,4804.7
507862,2024-12-22,SKU1037,WH_WEST,38,2206.93,0.0,No,84966.8
507861,2024-12-22,SKU1033,WH_NORTH,36,1093.06,0.0,No,39350.16
507863,2024-12-22,SKU1038,WH_WEST,28,1639.79,0.0,No,45914.12
507850,2024-12-22,SKU1015,WH_SOUTH,20,808.05,0.0,No,16565.02
507847,2024-12-22,SKU1008,WH_SOUTH,9,7387.04,0.0,No,66483.36
507854,2024-12-22,SKU1023,WH_SOUTH,13,1257.73,10.0,No,14715.44
507851,2024-12-22,SKU1018,WH_NORTH,11,2038.19,0.0,No,22420.09
507857,2024-12-22,SKU1026,WH_WEST,14,994.38,15.0,No,11833.12
507870,2024-12-23,SKU1007,WH_WEST,6,13190.2,0.0,No,79141.2
507867,2024-12-23,SKU1004,WH_NORTH,4,661.52,0.0,No,2646.08
507879,2024-12-23,SKU1022,WH_SOUTH,6,278.9,20.0,No,1338.72
507872,2024-12-23,SKU1012,WH_SOUTH,15,1433.92,0.0,No,21508.8
507885,2024-12-23,SKU1032,WH_NORTH,34,2757.64,10.0,No,84383.78
507871,2024-12-23,SKU1008,WH_NORTH,6,7387.04,10.0,No,39890.02
507877,2024-12-23,SKU1019,WH_SOUTH,18,1767.95,0.0,No,31823.1
507882,2024-12-23,SKU1028,WH_WEST,9,716.34,0.0,No,6447.06
507865,2024-12-23,SKU1000,WH_SOUTH,5,9457.32,10.0,No,42557.94
507878,2024-12-23,SKU1020,WH_NORTH,12,2359.13,0.0,No,28309.56
507881,2024-12-23,SKU1025,WH_NORTH,14,1880.05,0.0,No,26320.7
507886,2024-12-23,SKU1035,WH_WEST,32,1749.54,0.0,No,55985.28
507880,2024-12-23,SKU1024,WH_SOUTH,8,1822.24,5.0,No,13849.02
507884,2024-12-23,SKU1031,WH_NORTH,12,2789.96,0.0,No,33479.52
507868,2024-12-23,SKU1005,WH_NORTH,7,23473.03,0.0,No,164311.21
507876,2024-12-23,SKU1018,WH_WEST,17,2038.19,0.0,No,34649.23
507873,2024-12-23,SKU1014,WH_WEST,14,1248.44,0.0,No,17478.16
507866,2024-12-23,SKU1002,WH_NORTH,7,4026.46,0.0,No,28185.22
507875,2024-12-23,SKU1017,WH_SOUTH,10,2741.56,0.0,No,27415.6
507887,2024-12-23,SKU1037,WH_WEST,13,2206.93,15.0,No,24386.58
507874,2024-12-23,SKU1015,WH_WEST,10,808.05,0.0,No,8080.5
507883,2024-12-23,SKU1030,WH_SOUTH,29,2402.0,10.0,No,62692.2
507869,2024-12-23,SKU1006,WH_WEST,4,4707.6,10.0,No,16947.36
507894,2024-12-24,SKU1014,WH_SOUTH,14,1248.44,20.0,No,13982.53
507902,2024-12-24,SKU1027,WH_WEST,8,194.56,10.0,No,1400.83
507899,2024-12-24,SKU1023,WH_WEST,6,1257.73,10.0,No,6791.74
507888,2024-12-24,SKU1002,WH_WEST,8,4026.46,5.0,No,30601.1
507890,2024-12-24,SKU1004,WH_SOUTH,6,661.52,5.0,No,3770.66
507904,2024-12-24,SKU1031,WH_WEST,18,2789.96,0.0,No,50219.28
507889,2024-12-24,SKU1003,WH_SOUTH,6,21674.48,20.0,No,104037.5
507892,2024-12-24,SKU1008,WH_SOUTH,9,7387.04,0.0,No,66483.36
507898,2024-12-24,SKU1019,WH_SOUTH,12,1767.95,20.0,No,16972.32
507893,2024-12-24,SKU1012,WH_WEST,20,1433.92,0.0,Yes,29395.36
507897,2024-12-24,SKU1017,WH_WEST,11,2741.56,0.0,No,30157.16
507905,2024-12-24,SKU1032,WH_WEST,27,2757.64,15.0,Yes,63287.84
507896,2024-12-24,SKU1016,WH_WEST,14,497.81,0.0,No,6969.34
507906,2024-12-24,SKU1033,WH_NORTH,38,1093.06,0.0,Yes,42082.81
507891,2024-12-24,SKU1005,WH_SOUTH,7,23473.03,0.0,No,164311.21
507903,2024-12-24,SKU1028,WH_SOUTH,13,716.34,20.0,No,7449.94
507901,2024-12-24,SKU1026,WH_NORTH,13,994.38,0.0,No,12926.94
507900,2024-12-24,SKU1025,WH_NORTH,12,1880.05,10.0,No,20304.54
507895,2024-12-24,SKU1015,WH_SOUTH,11,808.05,5.0,Yes,8444.12
507907,2024-12-24,SKU1037,WH_SOUTH,38,2206.93,0.0,Yes,84966.8
507914,2024-12-25,SKU1013,WH_NORTH,11,2835.28,10.0,No,28069.27
507912,2024-12-25,SKU1010,WH_WEST,8,1240.02,0.0,No,9920.16
507922,2024-12-25,SKU1023,WH_WEST,5,1257.73,5.0,No,5974.22
507930,2024-12-25,SKU1039,WH_NORTH,28,222.44,0.0,No,6228.32
507921,2024-12-25,SKU1022,WH_NORTH,10,278.9,0.0,No,2789.0
507909,2024-12-25,SKU1004,WH_NORTH,6,661.52,10.0,No,3572.21
507924,2024-12-25,SKU1026,WH_NORTH,6,994.38,15.0,No,5071.34
507928,2024-12-25,SKU1036,WH_SOUTH,20,2919.38,0.0,No,58387.6
507916,2024-12-25,SKU1016,WH_WEST,10,497.81,0.0,No,4978.1
507919,2024-12-25,SKU1020,WH_WEST,9,2359.13,5.0,No,20170.56
507917,2024-12-25,SKU1018,WH_WEST,8,2038.19,15.0,Yes,13859.69
507926,2024-12-25,SKU1032,WH_SOUTH,37,2757.64,0.0,No,102032.68
507908,2024-12-25,SKU1003,WH_SOUTH,6,21674.48,0.0,No,130046.88
507923,2024-12-25,SKU1025,WH_NORTH,7,1880.05,5.0,No,12502.33
507915,2024-12-25,SKU1014,WH_NORTH,13,1248.44,0.0,No,16229.72
507910,2024-12-25,SKU1005,WH_SOUTH,3,23473.03,0.0,No,70419.09
507920,2024-12-25,SKU1021,WH_NORTH,8,2700.26,10.0,No,19441.87
507929,2024-12-25,SKU1037,WH_NORTH,16,2206.93,10.0,No,31779.79
507911,2024-12-25,SKU1009,WH_WEST,6,1309.64,0.0,No,7857.84
507925,2024-12-25,SKU1031,WH_WEST,20,2789.96,0.0,No,55799.2
507927,2024-12-25,SKU1033,WH_SOUTH,15,1093.06,0.0,No,16395.9
507913,2024-12-25,SKU1012,WH_WEST,13,1433.92,10.0,No,16776.86
507918,2024-12-25,SKU1019,WH_SOUTH,18,1767.95,0.0,No,31823.1
507940,2024-12-26,SKU1014,WH_NORTH,13,1248.44,0.0,No,16229.72
507942,2024-12-26,SKU1019,WH_SOUTH,13,1767.95,5.0,No,21834.18
507951,2024-12-26,SKU1034,WH_SOUTH,23,2229.38,5.0,No,48711.95
507935,2024-12-26,SKU1008,WH_NORTH,9,7387.04,0.0,No,66483.36
507932,2024-12-26,SKU1003,WH_NORTH,5,21674.48,5.0,No,102953.78
507944,2024-12-26,SKU1023,WH_WEST,13,1257.73,5.0,No,15532.97
507947,2024-12-26,SKU1028,WH_NORTH,11,716.34,0.0,No,7879.74
507934,2024-12-26,SKU1007,WH_SOUTH,5,13190.2,0.0,No,65951.0
507938,2024-12-26,SKU1012,WH_NORTH,12,1433.92,0.0,No,17207.04
507946,2024-12-26,SKU1027,WH_WEST,11,194.56,5.0,No,2033.15
507941,2024-12-26,SKU1017,WH_NORTH,10,2741.56,10.0,No,24674.04
507939,2024-12-26,SKU1013,WH_WEST,14,2835.28,0.0,No,39693.92
507950,2024-12-26,SKU1032,WH_NORTH,18,2757.64,15.0,No,42191.89
507954,2024-12-26,SKU1038,WH_NORTH,24,1639.79,10.0,No,35419.46
507933,2024-12-26,SKU1006,WH_WEST,9,4707.6,0.0,Yes,42368.4
507937,2024-12-26,SKU1011,WH_NORTH,6,282.38,0.0,No,1694.28
507943,2024-12-26,SKU1020,WH_NORTH,11,2359.13,0.0,No,25950.43
507952,2024-12-26,SKU1035,WH_NORTH,22,1749.54,0.0,No,38489.88
507949,2024-12-26,SKU1030,WH_NORTH,17,2402.0,0.0,No,40834.0
507931,2024-12-26,SKU1000,WH_WEST,7,9457.32,10.0,No,59581.12
507953,2024-12-26,SKU1037,WH_WEST,22,2206.93,0.0,No,48552.46
507945,2024-12-26,SKU1024,WH_SOUTH,5,1822.24,0.0,No,9111.2
507948,2024-12-26,SKU1029,WH_NORTH,11,716.7,0.0,No,7883.7
507936,2024-12-26,SKU1010,WH_SOUTH,13,1240.02,0.0,No,16120.26
507968,2024-12-27,SKU1023,WH_SOUTH,11,1257.73,0.0,No,13835.03
507974,2024-12-27,SKU1032,WH_NORTH,27,2757.64,10.0,No,67010.65
507957,2024-12-27,SKU1003,WH_SOUTH,9,21674.48,15.0,Yes,165809.77
507960,2024-12-27,SKU1008,WH_SOUTH,6,7387.04,0.0,No,44322.24
507977,2024-12-27,SKU1035,WH_WEST,37,1749.54,0.0,No,64732.98
507961,2024-12-27,SKU1012,WH_NORTH,18,1433.92,5.0,No,24520.03
507955,2024-12-27,SKU1001,WH_WEST,8,19525.32,0.0,No,156202.56
507963,2024-12-27,SKU1015,WH_NORTH,20,808.05,20.0,Yes,13252.02
507958,2024-12-27,SKU1006,WH_WEST,8,4707.6,0.0,Yes,37660.8
507965,2024-12-27,SKU1019,WH_SOUTH,13,1767.95,5.0,No,21834.18
507959,2024-12-27,SKU1007,WH_WEST,9,13190.2,0.0,No,118711.8
507978,2024-12-27,SKU1037,WH_SOUTH,14,2206.93,0.0,No,30897.02
507971,2024-12-27,SKU1028,WH_NORTH,10,716.34,0.0,No,7163.4
507964,2024-12-27,SKU1018,WH_WEST,8,2038.19,15.0,No,13859.69
507975,2024-12-27,SKU1033,WH_SOUTH,25,1093.06,5.0,No,25960.18
507969,2024-12-27,SKU1026,WH_WEST,15,994.38,0.0,No,14915.7
507970,2024-12-27,SKU1027,WH_WEST,4,194.56,10.0,No,700.42
507979,2024-12-27,SKU1038,WH_SOUTH,29,1639.79,5.0,No,45176.21
507966,2024-12-27,SKU1020,WH_WEST,11,2359.13,0.0,No,25950.43
507973,2024-12-27,SKU1031,WH_WEST,32,2789.96,0.0,No,89278.72
507962,2024-12-27,SKU1013,WH_WEST,17,2835.28,0.0,Yes,48199.76
507976,2024-12-27,SKU1034,WH_NORTH,21,2229.38,0.0,No,46816.98
507956,2024-12-27,SKU1002,WH_SOUTH,8,4026.46,20.0,No,25769.34
507967,2024-12-27,SKU1022,WH_SOUTH,12,278.9,0.0,No,3346.8
507972,2024-12-27,SKU1030,WH_WEST,29,2402.0,0.0,No,69658.0
508003,2024-12-28,SKU1038,WH_SOUTH,27,1639.79,0.0,No,44274.33
507994,2024-12-28,SKU1024,WH_WEST,15,1822.24,0.0,No,27333.6
507989,2024-12-28,SKU1017,WH_NORTH,20,2741.56,0.0,Yes,56201.98
507996,2024-12-28,SKU1027,WH_NORTH,12,194.56,0.0,No,2334.72
508001,2024-12-28,SKU1034,WH_WEST,27,2229.38,0.0,No,60193.26
507986,2024-12-28,SKU1012,WH_NORTH,20,1433.92,5.0,Yes,27925.59
507995,2024-12-28,SKU1026,WH_NORTH,8,994.38,0.0,No,7955.04
507993,2024-12-28,SKU1023,WH_NORTH,14,1257.73,10.0,No,15847.4
507988,2024-12-28,SKU1015,WH_SOUTH,11,808.05,5.0,No,8444.12
507992,2024-12-28,SKU1021,WH_WEST,16,2700.26,10.0,No,38883.74
507981,2024-12-28,SKU1004,WH_NORTH,9,661.52,0.0,No,5953.68
508000,2024-12-28,SKU1033,WH_WEST,38,1093.06,0.0,No,42082.81
507999,2024-12-28,SKU1032,WH_SOUTH,36,2757.64,0.0,No,99275.04
508004,2024-12-28,SKU1039,WH_SOUTH,19,222.44,15.0,No,3592.41
507983,2024-12-28,SKU1006,WH_WEST,9,4707.6,0.0,No,42368.4
507990,2024-12-28,SKU1018,WH_WEST,17,2038.19,0.0,No,34649.23
508002,2024-12-28,SKU1037,WH_NORTH,22,2206.93,0.0,No,48552.46
507980,2024-12-28,SKU1002,WH_WEST,9,4026.46,0.0,Yes,36238.14
507997,2024-12-28,SKU1029,WH_SOUTH,10,716.7,10.0,No,6450.3
507991,2024-12-28,SKU1019,WH_SOUTH,20,1767.95,0.0,No,36242.98
507984,2024-12-28,SKU1007,WH_SOUTH,9,13190.2,15.0,No,100905.03
507998,2024-12-28,SKU1030,WH_SOUTH,21,2402.0,0.0,No,50442.0
507985,2024-12-28,SKU1010,WH_NORTH,20,1240.02,5.0,No,24149.39
507987,2024-12-28,SKU1014,WH_WEST,11,1248.44,5.0,No,13046.2
507982,2024-12-28,SKU1005,WH_NORTH,6,23473.03,0.0,No,140838.18
508010,2024-12-29,SKU1009,WH_WEST,9,1309.64,0.0,No,11786.76
508008,2024-12-29,SKU1004,WH_SOUTH,9,661.52,15.0,No,5060.63
508022,2024-12-29,SKU1030,WH_WEST,38,2402.0,0.0,No,92477.0
508013,2024-12-29,SKU1017,WH_SOUTH,20,2741.56,0.0,Yes,56201.98
508014,2024-12-29,SKU1020,WH_NORTH,16,2359.13,0.0,Yes,37746.08
508015,2024-12-29,SKU1021,WH_SOUTH,14,2700.26,15.0,No,32133.09
508026,2024-12-29,SKU1039,WH_SOUTH,32,222.44,0.0,No,7118.08
508017,2024-12-29,SKU1023,WH_NORTH,8,1257.73,20.0,No,8049.47
508006,2024-12-29,SKU1002,WH_SOUTH,9,4026.46,0.0,No,36238.14
508009,2024-12-29,SKU1007,WH_SOUTH,6,13190.2,10.0,No,71227.08
508016,2024-12-29,SKU1022,WH_WEST,5,278.9,15.0,No,1185.32
508007,2024-12-29,SKU1003,WH_SOUTH,9,21674.48,0.0,No,195070.32
508024,2024-12-29,SKU1035,WH_WEST,38,1749.54,15.0,No,57253.7
508012,2024-12-29,SKU1011,WH_NORTH,10,282.38,0.0,No,2823.8
508020,2024-12-29,SKU1027,WH_SOUTH,16,194.56,0.0,No,3112.96
508011,2024-12-29,SKU1010,WH_WEST,15,1240.02,0.0,No,18600.3
508018,2024-12-29,SKU1024,WH_SOUTH,10,1822.24,0.0,No,18222.4
508019,2024-12-29,SKU1025,WH_NORTH,13,1880.05,15.0,No,20774.55
508005,2024-12-29,SKU1000,WH_WEST,9,9457.32,0.0,Yes,85115.88
508021,2024-12-29,SKU1029,WH_SOUTH,11,716.7,0.0,No,7883.7
508023,2024-12-29,SKU1032,WH_SOUTH,29,2757.64,5.0,No,75972.98
508025,2024-12-29,SKU1037,WH_WEST,38,2206.93,5.0,No,80718.46
508028,2024-12-30,SKU1004,WH_WEST,4,661.52,0.0,No,2646.08
508030,2024-12-30,SKU1008,WH_WEST,5,7387.04,0.0,No,36935.2
508041,2024-12-30,SKU1029,WH_NORTH,9,716.7,10.0,No,5805.27
508043,2024-12-30,SKU1031,WH_NORTH,38,2789.96,15.0,No,91301.44
508034,2024-12-30,SKU1018,WH_SOUTH,20,2038.19,0.0,Yes,40763.8
508046,2024-12-30,SKU1035,WH_WEST,22,1749.54,0.0,No,38489.88
508032,2024-12-30,SKU1016,WH_WEST,11,497.81,0.0,No,5475.91
508042,2024-12-30,SKU1030,WH_NORTH,30,2402.0,10.0,No,64854.0
508036,2024-12-30,SKU1021,WH_WEST,16,2700.26,0.0,Yes,43204.16
508040,2024-12-30,SKU1028,WH_NORTH,15,716.34,0.0,Yes,10745.1
508029,2024-12-30,SKU1005,WH_SOUTH,9,23473.03,0.0,Yes,211257.27
508047,2024-12-30,SKU1038,WH_WEST,29,1639.79,0.0,No,47553.91
508045,2024-12-30,SKU1034,WH_SOUTH,38,2229.38,0.0,Yes,84716.44
508044,2024-12-30,SKU1032,WH_NORTH,31,2757.64,0.0,No,85486.84
508037,2024-12-30,SKU1022,WH_WEST,13,278.9,15.0,No,3081.84
508039,2024-12-30,SKU1027,WH_WEST,10,194.56,0.0,No,1945.6
508033,2024-12-30,SKU1017,WH_SOUTH,11,2741.56,15.0,No,25633.59
508038,2024-12-30,SKU1025,WH_SOUTH,8,1880.05,15.0,No,12784.34
508035,2024-12-30,SKU1019,WH_NORTH,9,1767.95,0.0,No,15911.55
508027,2024-12-30,SKU1002,WH_NORTH,8,4026.46,10.0,Yes,28990.51
508031,2024-12-30,SKU1015,WH_NORTH,4,808.05,0.0,No,3232.2
508054,2024-12-31,SKU1010,WH_NORTH,10,1240.02,0.0,No,12400.2
508065,2024-12-31,SKU1026,WH_NORTH,9,994.38,0.0,No,8949.42
508053,2024-12-31,SKU1009,WH_WEST,9,1309.64,0.0,No,11786.76
508052,2024-12-31,SKU1008,WH_NORTH,9,7387.04,10.0,Yes,59835.02
508051,2024-12-31,SKU1005,WH_NORTH,5,23473.03,0.0,No,117365.15
508070,2024-12-31,SKU1032,WH_SOUTH,29,2757.64,5.0,No,75972.98
508055,2024-12-31,SKU1012,WH_WEST,11,1433.92,0.0,No,15773.12
508066,2024-12-31,SKU1027,WH_WEST,16,194.56,0.0,Yes,3112.96
508059,2024-12-31,SKU1017,WH_SOUTH,18,2741.56,5.0,No,46880.68
508064,2024-12-31,SKU1025,WH_SOUTH,7,1880.05,0.0,No,13160.35
508049,2024-12-31,SKU1002,WH_WEST,7,4026.46,0.0,No,28185.22
508069,2024-12-31,SKU1031,WH_WEST,36,2789.96,0.0,No,100438.56
508063,2024-12-31,SKU1024,WH_NORTH,10,1822.24,0.0,No,18222.4
508062,2024-12-31,SKU1023,WH_WEST,8,1257.73,0.0,No,10061.84
508067,2024-12-31,SKU1028,WH_SOUTH,16,716.34,10.0,Yes,10315.3
508068,2024-12-31,SKU1029,WH_NORTH,13,716.7,0.0,No,9317.1
508058,2024-12-31,SKU1016,WH_NORTH,8,497.81,15.0,No,3385.11
508056,2024-12-31,SKU1014,WH_WEST,20,1248.44,0.0,Yes,25593.02
508071,2024-12-31,SKU1035,WH_NORTH,35,1749.54,15.0,No,52048.82
508050,2024-12-31,SKU1003,WH_SOUTH,4,21674.48,15.0,No,73693.23
508072,2024-12-31,SKU1036,WH_SOUTH,22,2919.38,0.0,No,64226.36
508057,2024-12-31,SKU1015,WH_WEST,12,808.05,0.0,No,9696.6
508060,2024-12-31,SKU1020,WH_SOUTH,15,2359.13,15.0,Yes,30078.91
508061,2024-12-31,SKU1021,WH_SOUTH,16,2700.26,5.0,Yes,41043.95
508048,2024-12-31,SKU1001,WH_NORTH,6,19525.32,15.0,No,99579.13
508073,2024-12-31,SKU1039,WH_SOUTH,15,222.44,0.0,No,3336.6
508077,2025-01-01,SKU1006,WH_WEST,6,4707.6,20.0,No,22596.48
508094,2025-01-01,SKU1034,WH_SOUTH,17,2229.38,0.0,No,37899.46
508092,2025-01-01,SKU1030,WH_NORTH,24,2402.0,15.0,No,49000.8
508075,2025-01-01,SKU1002,WH_NORTH,4,4026.46,0.0,No,16105.84
508089,2025-01-01,SKU1025,WH_SOUTH,12,1880.05,0.0,Yes,22560.6
508078,2025-01-01,SKU1007,WH_SOUTH,9,13190.2,15.0,Yes,100905.03
508096,2025-01-01,SKU1037,WH_NORTH,24,2206.93,0.0,No,52966.32
508082,2025-01-01,SKU1014,WH_WEST,12,1248.44,5.0,No,14232.22
508085,2025-01-01,SKU1020,WH_NORTH,9,2359.13,0.0,No,21232.17
508074,2025-01-01,SKU1001,WH_WEST,5,19525.32,10.0,No,87863.94
508087,2025-01-01,SKU1023,WH_NORTH,7,1257.73,15.0,No,7483.49
508083,2025-01-01,SKU1015,WH_SOUTH,10,808.05,0.0,No,8080.5
508091,2025-01-01,SKU1029,WH_NORTH,6,716.7,5.0,No,4085.19
508095,2025-01-01,SKU1036,WH_NORTH,21,2919.38,0.0,No,61306.98
508084,2025-01-01,SKU1017,WH_WEST,13,2741.56,15.0,No,30294.24
508093,2025-01-01,SKU1033,WH_NORTH,23,1093.06,0.0,No,25140.38
508097,2025-01-01,SKU1038,WH_WEST,18,1639.79,10.0,No,26564.6
508080,2025-01-01,SKU1012,WH_SOUTH,17,1433.92,0.0,Yes,24376.64
508076,2025-01-01,SKU1004,WH_SOUTH,5,661.52,5.0,No,3142.22
508079,2025-01-01,SKU1011,WH_NORTH,7,282.38,5.0,No,1877.83
508081,2025-01-01,SKU1013,WH_SOUTH,6,2835.28,0.0,No,17011.68
508088,2025-01-01,SKU1024,WH_SOUTH,7,1822.24,5.0,No,12117.9
508090,2025-01-01,SKU1028,WH_SOUTH,6,716.34,0.0,No,4298.04
508086,2025-01-01,SKU1021,WH_SOUTH,11,2700.26,5.0,No,28217.72
508099,2025-01-02,SKU1004,WH_SOUTH,4,661.52,0.0,No,2646.08
508110,2025-01-02,SKU1021,WH_SOUTH,6,2700.26,10.0,No,14581.4
508119,2025-01-02,SKU1039,WH_NORTH,18,222.44,0.0,No,4003.92
508108,2025-01-02,SKU1019,WH_SOUTH,9,1767.95,10.0,No,14320.4
508107,2025-01-02,SKU1016,WH_SOUTH,9,497.81,15.0,No,3808.25
508117,2025-01-02,SKU1030,WH_SOUTH,18,2402.0,5.0,No,41074.2
508106,2025-01-02,SKU1013,WH_WEST,13,2835.28,20.0,No,29486.91
508100,2025-01-02,SKU1005,WH_WEST,4,23473.03,0.0,No,93892.12
508109,2025-01-02,SKU1020,WH_NORTH,8,2359.13,0.0,No,18873.04
508104,2025-01-02,SKU1010,WH_SOUTH,8,1240.02,0.0,No,9920.16
508102,2025-01-02,SKU1008,WH_NORTH,5,7387.04,10.0,No,33241.68
508103,2025-01-02,SKU1009,WH_SOUTH,8,1309.64,15.0,Yes,8905.55
508113,2025-01-02,SKU1025,WH_NORTH,4,1880.05,5.0,No,7144.19
508111,2025-01-02,SKU1022,WH_SOUTH,8,278.9,10.0,No,2008.08
508101,2025-01-02,SKU1006,WH_SOUTH,2,4707.6,10.0,No,8473.68
508098,2025-01-02,SKU1000,WH_WEST,4,9457.32,0.0,No,37829.28
508115,2025-01-02,SKU1027,WH_NORTH,5,194.56,0.0,No,972.8
508118,2025-01-02,SKU1038,WH_WEST,22,1639.79,0.0,No,36075.38
508116,2025-01-02,SKU1028,WH_WEST,7,716.34,0.0,No,5014.38
508112,2025-01-02,SKU1023,WH_SOUTH,5,1257.73,10.0,No,5659.78
508105,2025-01-02,SKU1011,WH_WEST,7,282.38,20.0,No,1581.33
508114,2025-01-02,SKU1026,WH_SOUTH,7,994.38,10.0,No,6264.59
508140,2025-01-03,SKU1039,WH_SOUTH,13,222.44,15.0,No,2457.96
508130,2025-01-03,SKU1018,WH_WEST,9,2038.19,0.0,No,18343.71
508137,2025-01-03,SKU1033,WH_SOUTH,23,1093.06,0.0,No,25140.38
508120,2025-01-03,SKU1000,WH_NORTH,2,9457.32,0.0,No,18914.64
508128,2025-01-03,SKU1016,WH_NORTH,10,497.81,10.0,Yes,4480.29
508126,2025-01-03,SKU1013,WH_NORTH,8,2835.28,0.0,No,22682.24
508139,2025-01-03,SKU1038,WH_WEST,19,1639.79,0.0,No,31156.01
508131,2025-01-03,SKU1022,WH_WEST,10,278.9,0.0,No,2789.0
508122,2025-01-03,SKU1003,WH_WEST,4,21674.48,15.0,No,73693.23
508136,2025-01-03,SKU1031,WH_NORTH,17,2789.96,0.0,No,47429.32
508125,2025-01-03,SKU1009,WH_SOUTH,4,1309.64,20.0,No,4190.85
508133,2025-01-03,SKU1025,WH_SOUTH,9,1880.05,0.0,No,16920.45
508127,2025-01-03,SKU1015,WH_WEST,13,808.05,10.0,No,9454.18
508121,2025-01-03,SKU1001,WH_WEST,6,19525.32,0.0,No,117151.92
508123,2025-01-03,SKU1005,WH_WEST,5,23473.03,0.0,No,117365.15
508132,2025-01-03,SKU1024,WH_SOUTH,9,1822.24,10.0,No,14760.14
508129,2025-01-03,SKU1017,WH_WEST,12,2741.56,15.0,Yes,27963.91
508135,2025-01-03,SKU1029,WH_SOUTH,9,716.7,20.0,No,5160.24
508138,2025-01-03,SKU1035,WH_SOUTH,19,1749.54,0.0,No,33241.26
508124,2025-01-03,SKU1006,WH_NORTH,5,4707.6,0.0,No,23538.0
508134,2025-01-03,SKU1027,WH_NORTH,6,194.56,5.0,Yes,1108.99
508152,2025-01-04,SKU1021,WH_NORTH,13,2700.26,0.0,No,35103.38
508160,2025-01-04,SKU1035,WH_NORTH,23,1749.54,20.0,No,32191.54
508157,2025-01-04,SKU1029,WH_NORTH,7,716.7,5.0,No,4766.06
508142,2025-01-04,SKU1003,WH_SOUTH,9,21674.48,20.0,Yes,156056.26
508156,2025-01-04,SKU1027,WH_NORTH,10,194.56,20.0,No,1556.48
508145,2025-01-04,SKU1009,WH_WEST,8,1309.64,10.0,No,9429.41
508150,2025-01-04,SKU1019,WH_NORTH,12,1767.95,0.0,No,21215.4
508161,2025-01-04,SKU1039,WH_WEST,28,222.44,15.0,No,5294.07
508158,2025-01-04,SKU1031,WH_NORTH,18,2789.96,0.0,No,50219.28
508144,2025-01-04,SKU1007,WH_NORTH,6,13190.2,0.0,No,79141.2
508141,2025-01-04,SKU1002,WH_SOUTH,5,4026.46,5.0,No,19125.68
508153,2025-01-04,SKU1022,WH_WEST,8,278.9,5.0,No,2119.64
508148,2025-01-04,SKU1015,WH_WEST,14,808.05,10.0,No,10181.43
508155,2025-01-04,SKU1025,WH_NORTH,11,1880.05,10.0,No,18612.5
508154,2025-01-04,SKU1023,WH_SOUTH,9,1257.73,0.0,Yes,11319.57
508146,2025-01-04,SKU1011,WH_SOUTH,18,282.38,0.0,Yes,5082.84
508143,2025-01-04,SKU1005,WH_NORTH,9,23473.03,15.0,Yes,179568.68
508159,2025-01-04,SKU1032,WH_SOUTH,28,2757.64,10.0,No,69492.53
508151,2025-01-04,SKU1020,WH_WEST,9,2359.13,0.0,No,21232.17
508149,2025-01-04,SKU1016,WH_NORTH,20,497.81,0.0,No,10205.1
508147,2025-01-04,SKU1013,WH_NORTH,17,2835.28,20.0,No,38559.81
508180,2025-01-05,SKU1032,WH_NORTH,27,2757.64,10.0,No,67010.65
508182,2025-01-05,SKU1038,WH_NORTH,19,1639.79,10.0,No,28040.41
508177,2025-01-05,SKU1029,WH_SOUTH,5,716.7,0.0,No,3583.5
508179,2025-01-05,SKU1031,WH_NORTH,19,2789.96,0.0,No,53009.24
508168,2025-01-05,SKU1013,WH_NORTH,14,2835.28,0.0,No,39693.92
508174,2025-01-05,SKU1024,WH_WEST,10,1822.24,15.0,No,15489.04
508170,2025-01-05,SKU1018,WH_WEST,15,2038.19,10.0,No,27515.56
508169,2025-01-05,SKU1016,WH_SOUTH,20,497.81,0.0,Yes,9956.2
508164,2025-01-05,SKU1006,WH_WEST,3,4707.6,20.0,No,11298.24
508173,2025-01-05,SKU1023,WH_WEST,9,1257.73,0.0,No,11319.57
508175,2025-01-05,SKU1026,WH_SOUTH,9,994.38,15.0,No,7607.01
508166,2025-01-05,SKU1009,WH_WEST,8,1309.64,0.0,No,10477.12
508163,2025-01-05,SKU1005,WH_NORTH,6,23473.03,0.0,No,140838.18
508165,2025-01-05,SKU1007,WH_SOUTH,9,13190.2,5.0,No,112776.21
508176,2025-01-05,SKU1027,WH_WEST,13,194.56,0.0,Yes,2529.28
508171,2025-01-05,SKU1020,WH_SOUTH,11,2359.13,10.0,No,23355.39
508172,2025-01-05,SKU1021,WH_NORTH,14,2700.26,15.0,No,32133.09
508162,2025-01-05,SKU1001,WH_SOUTH,9,19525.32,0.0,No,175727.88
508178,2025-01-05,SKU1030,WH_WEST,22,2402.0,0.0,No,52844.0
508181,2025-01-05,SKU1037,WH_SOUTH,13,2206.93,0.0,No,28690.09
508167,2025-01-05,SKU1010,WH_WEST,15,1240.02,5.0,No,17670.28
508194,2025-01-06,SKU1026,WH_SOUTH,8,994.38,0.0,No,7955.04
508189,2025-01-06,SKU1012,WH_NORTH,6,1433.92,0.0,No,8603.52
508192,2025-01-06,SKU1023,WH_SOUTH,8,1257.73,0.0,No,10061.84
508185,2025-01-06,SKU1005,WH_SOUTH,3,23473.03,15.0,No,59856.23
508193,2025-01-06,SKU1025,WH_WEST,6,1880.05,10.0,No,10152.27
508184,2025-01-06,SKU1003,WH_SOUTH,5,21674.48,5.0,No,102953.78
508198,2025-01-06,SKU1033,WH_WEST,16,1093.06,10.0,No,15740.06
508190,2025-01-06,SKU1017,WH_SOUTH,10,2741.56,5.0,No,26044.82
508197,2025-01-06,SKU1030,WH_SOUTH,25,2402.0,0.0,No,60050.0
508187,2025-01-06,SKU1010,WH_NORTH,8,1240.02,10.0,No,8928.14
508183,2025-01-06,SKU1001,WH_WEST,4,19525.32,15.0,No,66386.09
508196,2025-01-06,SKU1029,WH_SOUTH,10,716.7,10.0,Yes,6450.3
508195,2025-01-06,SKU1028,WH_NORTH,13,716.34,5.0,Yes,8846.8
508188,2025-01-06,SKU1011,WH_SOUTH,12,282.38,0.0,No,3388.56
508186,2025-01-06,SKU1008,WH_WEST,5,7387.04,5.0,No,35088.44
508199,2025-01-06,SKU1039,WH_WEST,23,222.44,0.0,Yes,5116.12
508191,2025-01-06,SKU1022,WH_SOUTH,8,278.9,0.0,No,2231.2
508208,2025-01-07,SKU1016,WH_NORTH,11,497.81,0.0,No,5475.91
508205,2025-01-07,SKU1009,WH_WEST,5,1309.64,0.0,No,6548.2
508216,2025-01-07,SKU1031,WH_NORTH,29,2789.96,10.0,Yes,72817.96
508211,2025-01-07,SKU1021,WH_SOUTH,6,2700.26,0.0,No,16201.56
508209,2025-01-07,SKU1017,WH_WEST,13,2741.56,0.0,No,35640.28
508210,2025-01-07,SKU1019,WH_NORTH,11,1767.95,10.0,No,17502.71
508201,2025-01-07,SKU1003,WH_SOUTH,5,21674.48,0.0,No,108372.4
508207,2025-01-07,SKU1012,WH_NORTH,12,1433.92,0.0,No,17207.04
508206,2025-01-07,SKU1011,WH_SOUTH,7,282.38,15.0,No,1680.16
508213,2025-01-07,SKU1027,WH_NORTH,7,194.56,0.0,No,1361.92
508215,2025-01-07,SKU1030,WH_WEST,22,2402.0,0.0,No,52844.0
508212,2025-01-07,SKU1022,WH_WEST,7,278.9,0.0,No,1952.3
508214,2025-01-07,SKU1029,WH_NORTH,9,716.7,0.0,No,6450.3
508204,2025-01-07,SKU1006,WH_WEST,5,4707.6,0.0,No,23538.0
508217,2025-01-07,SKU1036,WH_NORTH,13,2919.38,0.0,No,37951.94
508200,2025-01-07,SKU1001,WH_WEST,5,19525.32,0.0,No,97626.6
508203,2025-01-07,SKU1005,WH_SOUTH,2,23473.03,5.0,No,44598.76
508218,2025-01-07,SKU1039,WH_SOUTH,13,222.44,10.0,No,2602.55
508202,2025-01-07,SKU1004,WH_SOUTH,6,661.52,5.0,No,3770.66
508231,2025-01-08,SKU1039,WH_NORTH,23,222.44,0.0,No,5116.12
508230,2025-01-08,SKU1038,WH_WEST,20,1639.79,10.0,No,29516.22
508221,2025-01-08,SKU1013,WH_NORTH,7,2835.28,0.0,No,19846.96
508222,2025-01-08,SKU1015,WH_WEST,14,808.05,5.0,No,10747.06
508226,2025-01-08,SKU1025,WH_WEST,10,1880.05,0.0,No,18800.5
508220,2025-01-08,SKU1006,WH_WEST,7,4707.6,10.0,No,29657.88
508223,2025-01-08,SKU1017,WH_NORTH,13,2741.56,0.0,No,35640.28
508219,2025-01-08,SKU1002,WH_NORTH,5,4026.46,0.0,No,20132.3
508225,2025-01-08,SKU1021,WH_WEST,6,2700.26,0.0,No,16201.56
508228,2025-01-08,SKU1033,WH_SOUTH,32,1093.06,0.0,Yes,34977.92
508224,2025-01-08,SKU1020,WH_WEST,9,2359.13,10.0,No,19108.95
508229,2025-01-08,SKU1034,WH_WEST,18,2229.38,0.0,No,40128.84
508227,2025-01-08,SKU1031,WH_SOUTH,20,2789.96,15.0,No,47429.32
508253,2025-01-09,SKU1035,WH_WEST,22,1749.54,0.0,No,38489.88
508242,2025-01-09,SKU1021,WH_SOUTH,6,2700.26,15.0,No,13771.33
508233,2025-01-09,SKU1001,WH_SOUTH,8,19525.32,0.0,Yes,156202.56
508241,2025-01-09,SKU1018,WH_NORTH,5,2038.19,0.0,No,10190.95
508236,2025-01-09,SKU1007,WH_WEST,5,13190.2,15.0,No,56058.35
508252,2025-01-09,SKU1033,WH_WEST,19,1093.06,10.0,No,18691.33
508244,2025-01-09,SKU1025,WH_WEST,7,1880.05,0.0,No,13160.35
508249,2025-01-09,SKU1030,WH_SOUTH,33,2402.0,15.0,Yes,67376.1
508250,2025-01-09,SKU1031,WH_NORTH,20,2789.96,5.0,No,53009.24
508251,2025-01-09,SKU1032,WH_WEST,25,2757.64,0.0,No,68941.0
508247,2025-01-09,SKU1028,WH_NORTH,8,716.34,5.0,No,5444.18
508248,2025-01-09,SKU1029,WH_WEST,9,716.7,5.0,Yes,6127.78
508243,2025-01-09,SKU1023,WH_WEST,8,1257.73,0.0,No,10061.84
508234,2025-01-09,SKU1003,WH_WEST,6,21674.48,20.0,No,104037.5
508240,2025-01-09,SKU1016,WH_WEST,11,497.81,0.0,No,5475.91
508246,2025-01-09,SKU1027,WH_WEST,5,194.56,0.0,No,972.8
508237,2025-01-09,SKU1009,WH_WEST,9,1309.64,0.0,Yes,11786.76
508254,2025-01-09,SKU1038,WH_NORTH,18,1639.79,0.0,No,29516.22
508239,2025-01-09,SKU1015,WH_SOUTH,10,808.05,5.0,No,7676.48
508235,2025-01-09,SKU1004,WH_NORTH,6,661.52,0.0,No,3969.12
508245,2025-01-09,SKU1026,WH_SOUTH,7,994.38,10.0,No,6264.59
508255,2025-01-09,SKU1039,WH_SOUTH,15,222.44,10.0,No,3002.94
508238,2025-01-09,SKU1010,WH_WEST,9,1240.02,20.0,No,8928.14
508232,2025-01-09,SKU1000,WH_NORTH,5,9457.32,0.0,No,47286.6
508275,2025-01-10,SKU1035,WH_NORTH,21,1749.54,0.0,No,36740.34
508257,2025-01-10,SKU1001,WH_SOUTH,6,19525.32,5.0,Yes,111294.32
508262,2025-01-10,SKU1010,WH_NORTH,10,1240.02,10.0,No,11160.18
508270,2025-01-10,SKU1025,WH_NORTH,5,1880.05,10.0,No,8460.22
508258,2025-01-10,SKU1002,WH_SOUTH,9,4026.46,5.0,Yes,34426.23
508268,2025-01-10,SKU1022,WH_NORTH,7,278.9,10.0,No,1757.07
508263,2025-01-10,SKU1016,WH_WEST,10,497.81,0.0,No,4978.1
508261,2025-01-10,SKU1007,WH_SOUTH,6,13190.2,10.0,No,71227.08
508273,2025-01-10,SKU1028,WH_NORTH,7,716.34,20.0,No,4011.5
508272,2025-01-10,SKU1027,WH_SOUTH,7,194.56,5.0,No,1293.82
508256,2025-01-10,SKU1000,WH_NORTH,8,9457.32,15.0,Yes,64309.78
508265,2025-01-10,SKU1019,WH_WEST,9,1767.95,0.0,No,15911.55
508264,2025-01-10,SKU1018,WH_SOUTH,13,2038.19,15.0,Yes,22522.0
508267,2025-01-10,SKU1021,WH_SOUTH,6,2700.26,0.0,No,16201.56
508266,2025-01-10,SKU1020,WH_SOUTH,9,2359.13,15.0,No,18047.34
508278,2025-01-10,SKU1038,WH_WEST,17,1639.79,5.0,No,26482.61
508260,2025-01-10,SKU1005,WH_NORTH,4,23473.03,0.0,No,93892.12
508279,2025-01-10,SKU1039,WH_NORTH,17,222.44,15.0,No,3214.26
508274,2025-01-10,SKU1032,WH_SOUTH,15,2757.64,5.0,No,39296.37
508276,2025-01-10,SKU1036,WH_WEST,19,2919.38,0.0,No,55468.22
508271,2025-01-10,SKU1026,WH_NORTH,6,994.38,0.0,No,5966.28
508269,2025-01-10,SKU1024,WH_WEST,7,1822.24,0.0,No,12755.68
508259,2025-01-10,SKU1003,WH_WEST,5,21674.48,0.0,No,108372.4
508277,2025-01-10,SKU1037,WH_NORTH,14,2206.93,0.0,No,30897.02
508289,2025-01-11,SKU1016,WH_NORTH,12,497.81,20.0,No,4778.98
508284,2025-01-11,SKU1007,WH_WEST,7,13190.2,0.0,No,92331.4
508286,2025-01-11,SKU1010,WH_WEST,14,1240.02,0.0,Yes,17360.28
508293,2025-01-11,SKU1029,WH_WEST,11,716.7,0.0,No,7883.7
508296,2025-01-11,SKU1033,WH_SOUTH,18,1093.06,10.0,No,17707.57
508290,2025-01-11,SKU1024,WH_WEST,4,1822.24,15.0,No,6195.62
508283,2025-01-11,SKU1006,WH_WEST,6,4707.6,10.0,No,25421.04
508291,2025-01-11,SKU1026,WH_SOUTH,8,994.38,10.0,No,7159.54
508281,2025-01-11,SKU1003,WH_NORTH,5,21674.48,0.0,No,108372.4
508280,2025-01-11,SKU1000,WH_WEST,8,9457.32,0.0,No,75658.56
508298,2025-01-11,SKU1035,WH_WEST,29,1749.54,10.0,No,45662.99
508287,2025-01-11,SKU1013,WH_SOUTH,11,2835.28,5.0,No,29628.68
508299,2025-01-11,SKU1037,WH_WEST,9,2206.93,0.0,No,19862.37
508288,2025-01-11,SKU1015,WH_WEST,12,808.05,0.0,No,9696.6
508297,2025-01-11,SKU1034,WH_WEST,25,2229.38,0.0,No,55734.5
508282,2025-01-11,SKU1004,WH_SOUTH,6,661.52,0.0,No,3969.12
508292,2025-01-11,SKU1028,WH_NORTH,10,716.34,5.0,No,6805.23
508285,2025-01-11,SKU1008,WH_NORTH,3,7387.04,0.0,No,22161.12
508294,2025-01-11,SKU1030,WH_SOUTH,25,2402.0,0.0,No,60050.0
508295,2025-01-11,SKU1032,WH_SOUTH,21,2757.64,5.0,No,55014.92
508314,2025-01-12,SKU1029,WH_NORTH,5,716.7,10.0,No,3225.15
508318,2025-01-12,SKU1036,WH_SOUTH,14,2919.38,0.0,No,40871.32
508302,2025-01-12,SKU1002,WH_NORTH,4,4026.46,0.0,No,16105.84
508312,2025-01-12,SKU1018,WH_SOUTH,9,2038.19,0.0,No,18343.71
508307,2025-01-12,SKU1008,WH_WEST,5,7387.04,0.0,No,36935.2
508309,2025-01-12,SKU1013,WH_NORTH,16,2835.28,0.0,No,45364.48
508308,2025-01-12,SKU1012,WH_SOUTH,12,1433.92,5.0,No,16346.69
508305,2025-01-12,SKU1006,WH_NORTH,8,4707.6,5.0,No,35777.76
508316,2025-01-12,SKU1031,WH_WEST,25,2789.96,15.0,No,59286.65
508317,2025-01-12,SKU1034,WH_WEST,26,2229.38,0.0,No,57963.88
508315,2025-01-12,SKU1030,WH_NORTH,28,2402.0,0.0,No,67256.0
508310,2025-01-12,SKU1014,WH_SOUTH,6,1248.44,0.0,No,7490.64
508303,2025-01-12,SKU1003,WH_NORTH,9,21674.48,0.0,Yes,195070.32
508301,2025-01-12,SKU1001,WH_WEST,9,19525.32,5.0,Yes,166941.49
508313,2025-01-12,SKU1026,WH_WEST,6,994.38,5.0,No,5667.97
508311,2025-01-12,SKU1016,WH_WEST,19,497.81,10.0,No,8512.55
508300,2025-01-12,SKU1000,WH_SOUTH,9,9457.32,10.0,Yes,76604.29
508306,2025-01-12,SKU1007,WH_SOUTH,1,13190.2,0.0,No,13190.2
508304,2025-01-12,SKU1004,WH_NORTH,3,661.52,0.0,No,1984.56
508330,2025-01-13,SKU1015,WH_SOUTH,8,808.05,0.0,No,6464.4
508340,2025-01-13,SKU1033,WH_NORTH,32,1093.06,0.0,Yes,34977.92
508321,2025-01-13,SKU1003,WH_WEST,4,21674.48,0.0,No,86697.92
508339,2025-01-13,SKU1030,WH_WEST,24,2402.0,0.0,No,57648.0
508337,2025-01-13,SKU1028,WH_SOUTH,14,716.34,0.0,Yes,10028.76
508320,2025-01-13,SKU1001,WH_WEST,5,19525.32,10.0,No,87863.94
508319,2025-01-13,SKU1000,WH_SOUTH,3,9457.32,20.0,No,22697.57
508327,2025-01-13,SKU1010,WH_WEST,12,1240.02,0.0,No,14880.24
508328,2025-01-13,SKU1012,WH_WEST,8,1433.92,10.0,No,10324.22
508332,2025-01-13,SKU1017,WH_WEST,13,2741.56,0.0,No,35640.28
508331,2025-01-13,SKU1016,WH_NORTH,8,497.81,0.0,No,3982.48
508341,2025-01-13,SKU1034,WH_NORTH,19,2229.38,10.0,No,38122.4
508343,2025-01-13,SKU1039,WH_WEST,18,222.44,0.0,No,4003.92
508326,2025-01-13,SKU1008,WH_WEST,3,7387.04,0.0,No,22161.12
508338,2025-01-13,SKU1029,WH_SOUTH,13,716.7,0.0,Yes,9317.1
508333,2025-01-13,SKU1018,WH_WEST,7,2038.19,5.0,No,13553.96
508336,2025-01-13,SKU1027,WH_WEST,7,194.56,0.0,No,1361.92
508324,2025-01-13,SKU1006,WH_WEST,9,4707.6,0.0,Yes,42368.4
508329,2025-01-13,SKU1013,WH_WEST,9,2835.28,10.0,No,22965.77
508323,2025-01-13,SKU1005,WH_SOUTH,9,23473.03,0.0,Yes,211257.27
508342,2025-01-13,SKU1035,WH_SOUTH,21,1749.54,10.0,No,33066.31
508325,2025-01-13,SKU1007,WH_NORTH,4,13190.2,0.0,No,52760.8
508335,2025-01-13,SKU1025,WH_NORTH,6,1880.05,0.0,No,11280.3
508322,2025-01-13,SKU1004,WH_NORTH,2,661.52,0.0,No,1323.04
508334,2025-01-13,SKU1020,WH_WEST,6,2359.13,15.0,No,12031.56
508347,2025-01-14,SKU1006,WH_WEST,3,4707.6,0.0,No,14122.8
508350,2025-01-14,SKU1013,WH_SOUTH,11,2835.28,0.0,No,31188.08
508352,2025-01-14,SKU1017,WH_SOUTH,5,2741.56,0.0,No,13707.8
508359,2025-01-14,SKU1030,WH_NORTH,20,2402.0,5.0,No,45638.0
508346,2025-01-14,SKU1003,WH_NORTH,8,21674.48,10.0,No,156056.26
508362,2025-01-14,SKU1038,WH_SOUTH,13,1639.79,0.0,No,21317.27
508356,2025-01-14,SKU1023,WH_NORTH,7,1257.73,5.0,No,8363.9
508349,2025-01-14,SKU1008,WH_WEST,5,7387.04,15.0,No,31394.92
508358,2025-01-14,SKU1029,WH_SOUTH,6,716.7,0.0,No,4300.2
508351,2025-01-14,SKU1014,WH_NORTH,9,1248.44,0.0,No,11235.96
508344,2025-01-14,SKU1000,WH_SOUTH,6,9457.32,20.0,No,45395.14
508361,2025-01-14,SKU1034,WH_NORTH,11,2229.38,5.0,No,23297.02
508345,2025-01-14,SKU1002,WH_NORTH,6,4026.46,0.0,No,24158.76
508363,2025-01-14,SKU1039,WH_SOUTH,28,222.44,0.0,Yes,6228.32
508360,2025-01-14,SKU1033,WH_NORTH,22,1093.06,10.0,No,21642.59
508355,2025-01-14,SKU1021,WH_WEST,5,2700.26,0.0,No,13501.3
508354,2025-01-14,SKU1019,WH_NORTH,8,1767.95,10.0,No,12729.24
508348,2025-01-14,SKU1007,WH_SOUTH,5,13190.2,0.0,Yes,65951.0
508357,2025-01-14,SKU1027,WH_WEST,8,194.56,5.0,No,1478.66
508353,2025-01-14,SKU1018,WH_NORTH,14,2038.19,0.0,Yes,28534.66
508381,2025-01-15,SKU1037,WH_WEST,13,2206.93,5.0,No,27255.59
508383,2025-01-15,SKU1039,WH_WEST,24,222.44,0.0,No,5338.56
508369,2025-01-15,SKU1011,WH_WEST,8,282.38,0.0,No,2259.04
508364,2025-01-15,SKU1001,WH_SOUTH,3,19525.32,0.0,No,58575.96
508372,2025-01-15,SKU1016,WH_WEST,6,497.81,5.0,No,2837.52
508365,2025-01-15,SKU1005,WH_WEST,3,23473.03,5.0,No,66898.14
508379,2025-01-15,SKU1027,WH_NORTH,7,194.56,0.0,No,1361.92
508368,2025-01-15,SKU1009,WH_SOUTH,4,1309.64,0.0,No,5238.56
508377,2025-01-15,SKU1025,WH_WEST,7,1880.05,0.0,No,13160.35
508373,2025-01-15,SKU1017,WH_SOUTH,10,2741.56,10.0,No,24674.04
508371,2025-01-15,SKU1013,WH_SOUTH,6,2835.28,15.0,No,14459.93
508382,2025-01-15,SKU1038,WH_NORTH,11,1639.79,15.0,No,15332.04
508378,2025-01-15,SKU1026,WH_SOUTH,8,994.38,10.0,No,7159.54
508376,2025-01-15,SKU1024,WH_SOUTH,6,1822.24,0.0,No,10933.44
508367,2025-01-15,SKU1007,WH_SOUTH,5,13190.2,0.0,No,65951.0
508374,2025-01-15,SKU1018,WH_WEST,10,2038.19,5.0,No,19362.8
508370,2025-01-15,SKU1012,WH_WEST,11,1433.92,5.0,No,14984.46
508366,2025-01-15,SKU1006,WH_SOUTH,5,4707.6,10.0,No,21184.2
508380,2025-01-15,SKU1033,WH_NORTH,31,1093.06,0.0,Yes,33884.86
508375,2025-01-15,SKU1023,WH_SOUTH,5,1257.73,0.0,No,6288.65
508390,2025-01-16,SKU1010,WH_SOUTH,7,1240.02,10.0,No,7812.13
508393,2025-01-16,SKU1014,WH_NORTH,7,1248.44,0.0,No,8739.08
508391,2025-01-16,SKU1012,WH_WEST,10,1433.92,0.0,No,14339.2
508387,2025-01-16,SKU1004,WH_WEST,3,661.52,5.0,No,1885.33
508396,2025-01-16,SKU1018,WH_WEST,11,2038.19,0.0,No,22420.09
508392,2025-01-16,SKU1013,WH_NORTH,10,2835.28,15.0,No,24099.88
508407,2025-01-16,SKU1039,WH_SOUTH,11,222.44,0.0,No,2446.84
508401,2025-01-16,SKU1024,WH_SOUTH,8,1822.24,0.0,No,14577.92
508384,2025-01-16,SKU1000,WH_NORTH,5,9457.32,5.0,No,44922.27
508406,2025-01-16,SKU1036,WH_NORTH,17,2919.38,15.0,No,42185.04
508395,2025-01-16,SKU1016,WH_WEST,10,497.81,15.0,No,4231.38
508399,2025-01-16,SKU1022,WH_NORTH,7,278.9,10.0,No,1757.07
508389,2025-01-16,SKU1009,WH_NORTH,4,1309.64,0.0,No,5238.56
508385,2025-01-16,SKU1001,WH_SOUTH,9,19525.32,0.0,Yes,175727.88
508394,2025-01-16,SKU1015,WH_NORTH,7,808.05,0.0,No,5656.35
508405,2025-01-16,SKU1035,WH_NORTH,15,1749.54,0.0,No,26243.1
508403,2025-01-16,SKU1032,WH_WEST,29,2757.64,0.0,Yes,79971.56
508398,2025-01-16,SKU1020,WH_NORTH,8,2359.13,0.0,No,18873.04
508388,2025-01-16,SKU1008,WH_SOUTH,6,7387.04,0.0,Yes,44322.24
508402,2025-01-16,SKU1031,WH_NORTH,18,2789.96,5.0,No,47708.32
508386,2025-01-16,SKU1002,WH_WEST,5,4026.46,0.0,No,20132.3
508400,2025-01-16,SKU1023,WH_SOUTH,10,1257.73,10.0,No,11319.57
508404,2025-01-16,SKU1034,WH_SOUTH,19,2229.38,0.0,No,42358.22
508397,2025-01-16,SKU1019,WH_WEST,14,1767.95,0.0,No,24751.3
508414,2025-01-17,SKU1017,WH_SOUTH,15,2741.56,0.0,No,41123.4
508425,2025-01-17,SKU1037,WH_NORTH,18,2206.93,0.0,No,39724.74
508418,2025-01-17,SKU1025,WH_SOUTH,10,1880.05,0.0,Yes,18800.5
508410,2025-01-17,SKU1010,WH_SOUTH,10,1240.02,0.0,No,12400.2
508409,2025-01-17,SKU1007,WH_SOUTH,6,13190.2,0.0,No,79141.2
508421,2025-01-17,SKU1028,WH_NORTH,6,716.34,0.0,No,4298.04
508420,2025-01-17,SKU1027,WH_NORTH,7,194.56,0.0,No,1361.92
508411,2025-01-17,SKU1011,WH_NORTH,15,282.38,0.0,No,4235.7
508413,2025-01-17,SKU1016,WH_WEST,9,497.81,15.0,No,3808.25
508424,2025-01-17,SKU1035,WH_WEST,23,1749.54,0.0,No,40239.42
508412,2025-01-17,SKU1013,WH_WEST,10,2835.28,0.0,No,28352.8
508417,2025-01-17,SKU1023,WH_SOUTH,7,1257.73,15.0,No,7483.49
508419,2025-01-17,SKU1026,WH_SOUTH,7,994.38,5.0,No,6612.63
508422,2025-01-17,SKU1030,WH_SOUTH,24,2402.0,0.0,No,57648.0
508408,2025-01-17,SKU1005,WH_WEST,5,23473.03,0.0,No,117365.15
508415,2025-01-17,SKU1018,WH_SOUTH,10,2038.19,5.0,No,19362.8
508416,2025-01-17,SKU1022,WH_WEST,9,278.9,0.0,No,2510.1
508426,2025-01-17,SKU1038,WH_SOUTH,26,1639.79,0.0,No,42634.54
508423,2025-01-17,SKU1031,WH_NORTH,18,2789.96,15.0,No,42686.39
508427,2025-01-17,SKU1039,WH_NORTH,15,222.44,0.0,No,3336.6
508437,2025-01-18,SKU1014,WH_WEST,14,1248.44,10.0,No,15730.34
508428,2025-01-18,SKU1001,WH_SOUTH,6,19525.32,5.0,No,111294.32
508432,2025-01-18,SKU1006,WH_SOUTH,6,4707.6,5.0,No,26833.32
508434,2025-01-18,SKU1011,WH_NORTH,16,282.38,15.0,No,3840.37
508441,2025-01-18,SKU1021,WH_WEST,9,2700.26,0.0,No,24302.34
508443,2025-01-18,SKU1031,WH_NORTH,23,2789.96,0.0,No,64169.08
508440,2025-01-18,SKU1020,WH_SOUTH,14,2359.13,0.0,No,33027.82
508442,2025-01-18,SKU1029,WH_SOUTH,16,716.7,0.0,Yes,11467.2
508446,2025-01-18,SKU1037,WH_NORTH,21,2206.93,0.0,No,46345.53
508445,2025-01-18,SKU1035,WH_NORTH,23,1749.54,0.0,No,40239.42
508430,2025-01-18,SKU1003,WH_WEST,5,21674.48,0.0,No,108372.4
508429,2025-01-18,SKU1002,WH_WEST,7,4026.46,5.0,No,26775.96
508433,2025-01-18,SKU1007,WH_WEST,6,13190.2,0.0,No,79141.2
508436,2025-01-18,SKU1013,WH_NORTH,19,2835.28,0.0,No,53870.32
508444,2025-01-18,SKU1032,WH_NORTH,21,2757.64,10.0,No,52119.4
508431,2025-01-18,SKU1005,WH_WEST,7,23473.03,20.0,No,131448.97
508438,2025-01-18,SKU1017,WH_NORTH,16,2741.56,0.0,Yes,43864.96
508439,2025-01-18,SKU1018,WH_SOUTH,10,2038.19,0.0,No,20381.9
508435,2025-01-18,SKU1012,WH_SOUTH,18,1433.92,5.0,No,24520.03
508469,2025-01-19,SKU1031,WH_WEST,23,2789.96,0.0,No,64169.08
508468,2025-01-19,SKU1030,WH_NORTH,26,2402.0,0.0,No,62452.0
508457,2025-01-19,SKU1014,WH_WEST,10,1248.44,0.0,No,12484.4
508461,2025-01-19,SKU1019,WH_WEST,13,1767.95,0.0,No,22983.35
508464,2025-01-19,SKU1023,WH_WEST,12,1257.73,0.0,No,15092.76
508448,2025-01-19,SKU1002,WH_WEST,9,4026.46,20.0,Yes,28990.51
508467,2025-01-19,SKU1029,WH_WEST,8,716.7,0.0,No,5733.6
508471,2025-01-19,SKU1037,WH_SOUTH,28,2206.93,0.0,No,61794.04
508466,2025-01-19,SKU1028,WH_SOUTH,10,716.34,0.0,No,7163.4
508458,2025-01-19,SKU1015,WH_WEST,14,808.05,5.0,No,10747.06
508465,2025-01-19,SKU1026,WH_WEST,7,994.38,10.0,No,6264.59
508463,2025-01-19,SKU1021,WH_SOUTH,8,2700.26,0.0,No,21602.08
508462,2025-01-19,SKU1020,WH_SOUTH,8,2359.13,5.0,No,17929.39
508453,2025-01-19,SKU1008,WH_NORTH,7,7387.04,0.0,No,51709.28
508472,2025-01-19,SKU1038,WH_NORTH,31,1639.79,0.0,No,50833.49
508460,2025-01-19,SKU1018,WH_NORTH,9,2038.19,0.0,No,18343.71
508447,2025-01-19,SKU1000,WH_SOUTH,8,9457.32,0.0,No,75658.56
508450,2025-01-19,SKU1004,WH_NORTH,2,661.52,0.0,No,1323.04
508451,2025-01-19,SKU1005,WH_WEST,6,23473.03,5.0,No,133796.27
508455,2025-01-19,SKU1011,WH_WEST,14,282.38,0.0,No,3953.32
508470,2025-01-19,SKU1035,WH_WEST,26,1749.54,0.0,No,45488.04
508456,2025-01-19,SKU1012,WH_NORTH,13,1433.92,0.0,No,18640.96
508449,2025-01-19,SKU1003,WH_SOUTH,5,21674.48,0.0,No,108372.4
508454,2025-01-19,SKU1010,WH_NORTH,15,1240.02,20.0,Yes,14880.24
508459,2025-01-19,SKU1016,WH_WEST,11,497.81,5.0,No,5202.11
508452,2025-01-19,SKU1006,WH_NORTH,7,4707.6,15.0,No,28010.22
508474,2025-01-20,SKU1002,WH_SOUTH,3,4026.46,0.0,No,12079.38
508476,2025-01-20,SKU1004,WH_WEST,5,661.52,0.0,No,3307.6
508497,2025-01-20,SKU1038,WH_WEST,18,1639.79,0.0,No,29516.22
508496,2025-01-20,SKU1037,WH_SOUTH,14,2206.93,0.0,No,30897.02
508492,2025-01-20,SKU1031,WH_NORTH,23,2789.96,0.0,No,64169.08
508485,2025-01-20,SKU1020,WH_SOUTH,8,2359.13,0.0,No,18873.04
508494,2025-01-20,SKU1035,WH_SOUTH,22,1749.54,10.0,No,34640.89
508479,2025-01-20,SKU1012,WH_SOUTH,11,1433.92,0.0,No,15773.12
508475,2025-01-20,SKU1003,WH_NORTH,4,21674.48,0.0,No,86697.92
508481,2025-01-20,SKU1014,WH_SOUTH,19,1248.44,0.0,Yes,23720.36
508484,2025-01-20,SKU1019,WH_WEST,11,1767.95,0.0,No,19447.45
508477,2025-01-20,SKU1009,WH_WEST,7,1309.64,5.0,Yes,8709.11
508489,2025-01-20,SKU1028,WH_SOUTH,8,716.34,10.0,No,5157.65
508473,2025-01-20,SKU1001,WH_NORTH,5,19525.32,15.0,No,82982.61
508487,2025-01-20,SKU1023,WH_WEST,4,1257.73,10.0,No,4527.83
508493,2025-01-20,SKU1033,WH_NORTH,28,1093.06,15.0,Yes,26014.83
508478,2025-01-20,SKU1010,WH_NORTH,14,1240.02,10.0,No,15624.25
508480,2025-01-20,SKU1013,WH_WEST,9,2835.28,0.0,No,25517.52
508488,2025-01-20,SKU1027,WH_SOUTH,8,194.56,0.0,No,1556.48
508483,2025-01-20,SKU1018,WH_WEST,9,2038.19,0.0,No,18343.71
508486,2025-01-20,SKU1021,WH_SOUTH,7,2700.26,0.0,No,18901.82
508482,2025-01-20,SKU1015,WH_SOUTH,8,808.05,0.0,No,6464.4
508495,2025-01-20,SKU1036,WH_SOUTH,26,2919.38,20.0,No,60723.1
508491,2025-01-20,SKU1030,WH_NORTH,19,2402.0,0.0,No,45638.0
508490,2025-01-20,SKU1029,WH_NORTH,5,716.7,0.0,No,3583.5
508507,2025-01-21,SKU1013,WH_NORTH,7,2835.28,10.0,No,17862.26
508520,2025-01-21,SKU1032,WH_SOUTH,22,2757.64,20.0,No,48534.46
508521,2025-01-21,SKU1033,WH_NORTH,22,1093.06,0.0,No,24047.32
508508,2025-01-21,SKU1015,WH_NORTH,8,808.05,0.0,No,6464.4
508501,2025-01-21,SKU1004,WH_NORTH,4,661.52,15.0,No,2249.17
508518,2025-01-21,SKU1029,WH_SOUTH,7,716.7,0.0,No,5016.9
508505,2025-01-21,SKU1010,WH_WEST,18,1240.02,0.0,No,22320.36
508519,2025-01-21,SKU1031,WH_NORTH,25,2789.96,0.0,No,69749.0
508525,2025-01-21,SKU1037,WH_WEST,13,2206.93,10.0,No,25821.08
508509,2025-01-21,SKU1016,WH_SOUTH,10,497.81,5.0,No,4729.2
508503,2025-01-21,SKU1006,WH_SOUTH,2,4707.6,0.0,No,9415.2
508524,2025-01-21,SKU1036,WH_WEST,26,2919.38,0.0,Yes,75903.88
508514,2025-01-21,SKU1023,WH_SOUTH,4,1257.73,10.0,No,4527.83
508517,2025-01-21,SKU1027,WH_NORTH,6,194.56,0.0,No,1167.36
508516,2025-01-21,SKU1026,WH_WEST,10,994.38,0.0,No,9943.8
508526,2025-01-21,SKU1038,WH_NORTH,20,1639.79,5.0,No,31156.01
508499,2025-01-21,SKU1001,WH_NORTH,6,19525.32,0.0,No,117151.92
508515,2025-01-21,SKU1025,WH_NORTH,6,1880.05,0.0,No,11280.3
508513,2025-01-21,SKU1022,WH_NORTH,7,278.9,0.0,No,1952.3
508512,2025-01-21,SKU1020,WH_SOUTH,6,2359.13,0.0,No,14154.78
508500,2025-01-21,SKU1003,WH_NORTH,5,21674.48,0.0,No,108372.4
508510,2025-01-21,SKU1017,WH_SOUTH,9,2741.56,0.0,No,24674.04
508498,2025-01-21,SKU1000,WH_SOUTH,3,9457.32,15.0,No,24116.17
508511,2025-01-21,SKU1019,WH_NORTH,13,1767.95,0.0,No,22983.35
508504,2025-01-21,SKU1007,WH_SOUTH,7,13190.2,0.0,Yes,92331.4
508502,2025-01-21,SKU1005,WH_NORTH,5,23473.03,0.0,Yes,117365.15
508522,2025-01-21,SKU1034,WH_NORTH,22,2229.38,0.0,No,49046.36
508523,2025-01-21,SKU1035,WH_SOUTH,24,1749.54,20.0,No,33591.17
508506,2025-01-21,SKU1012,WH_WEST,13,1433.92,10.0,No,16776.86
508532,2025-01-22,SKU1010,WH_WEST,15,1240.02,5.0,Yes,17670.28
508542,2025-01-22,SKU1028,WH_SOUTH,5,716.34,10.0,No,3223.53
508528,2025-01-22,SKU1001,WH_NORTH,5,19525.32,0.0,Yes,97626.6
508541,2025-01-22,SKU1026,WH_NORTH,5,994.38,0.0,No,4971.9
508546,2025-01-22,SKU1032,WH_NORTH,20,2757.64,15.0,No,46879.88
508539,2025-01-22,SKU1023,WH_SOUTH,6,1257.73,20.0,No,6037.1
508537,2025-01-22,SKU1020,WH_NORTH,6,2359.13,5.0,No,13447.04
508545,2025-01-22,SKU1031,WH_SOUTH,24,2789.96,5.0,No,63611.09
508531,2025-01-22,SKU1008,WH_SOUTH,5,7387.04,10.0,No,33241.68
508538,2025-01-22,SKU1022,WH_NORTH,5,278.9,0.0,No,1394.5
508533,2025-01-22,SKU1013,WH_NORTH,10,2835.28,5.0,No,26935.16
508540,2025-01-22,SKU1025,WH_WEST,4,1880.05,0.0,No,7520.2
508530,2025-01-22,SKU1006,WH_SOUTH,1,4707.6,10.0,No,4236.84
508548,2025-01-22,SKU1037,WH_WEST,16,2206.93,0.0,No,35310.88
508527,2025-01-22,SKU1000,WH_WEST,6,9457.32,20.0,No,45395.14
508529,2025-01-22,SKU1003,WH_NORTH,6,21674.48,15.0,No,110539.85
508534,2025-01-22,SKU1015,WH_NORTH,20,808.05,0.0,Yes,16161.0
508544,2025-01-22,SKU1030,WH_WEST,13,2402.0,10.0,No,28103.4
508535,2025-01-22,SKU1016,WH_WEST,10,497.81,0.0,No,4978.1
508536,2025-01-22,SKU1018,WH_NORTH,9,2038.19,0.0,No,18343.71
508547,2025-01-22,SKU1034,WH_NORTH,23,2229.38,10.0,No,46148.17
508543,2025-01-22,SKU1029,WH_NORTH,8,716.7,5.0,No,5446.92
508558,2025-01-23,SKU1017,WH_WEST,14,2741.56,0.0,Yes,38381.84
508565,2025-01-23,SKU1025,WH_WEST,5,1880.05,10.0,No,8460.22
508566,2025-01-23,SKU1027,WH_WEST,8,194.56,0.0,Yes,1556.48
508554,2025-01-23,SKU1009,WH_WEST,5,1309.64,0.0,No,6548.2
508564,2025-01-23,SKU1024,WH_NORTH,6,1822.24,0.0,No,10933.44
508563,2025-01-23,SKU1023,WH_WEST,7,1257.73,15.0,No,7483.49
508556,2025-01-23,SKU1015,WH_WEST,5,808.05,0.0,No,4040.25
508568,2025-01-23,SKU1035,WH_SOUTH,22,1749.54,0.0,No,38489.88
508555,2025-01-23,SKU1010,WH_SOUTH,9,1240.02,0.0,No,11160.18
508551,2025-01-23,SKU1003,WH_NORTH,7,21674.48,0.0,No,151721.36
508557,2025-01-23,SKU1016,WH_SOUTH,9,497.81,0.0,No,4480.29
508552,2025-01-23,SKU1006,WH_NORTH,6,4707.6,0.0,No,28245.6
508560,2025-01-23,SKU1020,WH_WEST,8,2359.13,5.0,No,17929.39
508569,2025-01-23,SKU1037,WH_SOUTH,12,2206.93,5.0,No,25159.0
508570,2025-01-23,SKU1038,WH_SOUTH,27,1639.79,0.0,No,44274.33
508559,2025-01-23,SKU1018,WH_NORTH,6,2038.19,10.0,No,11006.23
508562,2025-01-23,SKU1022,WH_SOUTH,11,278.9,0.0,Yes,3067.9
508553,2025-01-23,SKU1008,WH_SOUTH,3,7387.04,0.0,No,22161.12
508567,2025-01-23,SKU1033,WH_SOUTH,13,1093.06,10.0,No,12788.8
508561,2025-01-23,SKU1021,WH_SOUTH,7,2700.26,0.0,No,18901.82
508571,2025-01-23,SKU1039,WH_SOUTH,22,222.44,0.0,No,4893.68
508549,2025-01-23,SKU1000,WH_SOUTH,3,9457.32,5.0,No,26953.36
508550,2025-01-23,SKU1001,WH_WEST,5,19525.32,0.0,No,97626.6
508575,2025-01-24,SKU1005,WH_WEST,3,23473.03,5.0,No,66898.14
508587,2025-01-24,SKU1031,WH_WEST,26,2789.96,0.0,No,72538.96
508585,2025-01-24,SKU1028,WH_WEST,12,716.34,5.0,No,8166.28
508590,2025-01-24,SKU1034,WH_SOUTH,27,2229.38,0.0,Yes,60193.26
508577,2025-01-24,SKU1007,WH_NORTH,5,13190.2,0.0,No,65951.0
508574,2025-01-24,SKU1004,WH_SOUTH,7,661.52,10.0,Yes,4167.58
508586,2025-01-24,SKU1029,WH_NORTH,8,716.7,0.0,No,5733.6
508572,2025-01-24,SKU1000,WH_WEST,3,9457.32,10.0,No,25534.76
508573,2025-01-24,SKU1003,WH_WEST,5,21674.48,15.0,No,92116.54
508581,2025-01-24,SKU1014,WH_NORTH,9,1248.44,0.0,No,11235.96
508588,2025-01-24,SKU1032,WH_SOUTH,25,2757.64,0.0,No,68941.0
508578,2025-01-24,SKU1011,WH_NORTH,11,282.38,10.0,No,2795.56
508580,2025-01-24,SKU1013,WH_NORTH,15,2835.28,10.0,No,38276.28
508579,2025-01-24,SKU1012,WH_SOUTH,7,1433.92,0.0,No,10037.44
508591,2025-01-24,SKU1037,WH_WEST,16,2206.93,0.0,No,35310.88
508584,2025-01-24,SKU1026,WH_SOUTH,10,994.38,5.0,No,9446.61
508592,2025-01-24,SKU1038,WH_SOUTH,19,1639.79,0.0,No,31156.01
508582,2025-01-24,SKU1021,WH_WEST,7,2700.26,0.0,No,18901.82
508589,2025-01-24,SKU1033,WH_SOUTH,21,1093.06,0.0,No,22954.26
508583,2025-01-24,SKU1023,WH_SOUTH,5,1257.73,0.0,No,6288.65
508576,2025-01-24,SKU1006,WH_NORTH,9,4707.6,0.0,Yes,42368.4
508593,2025-01-25,SKU1000,WH_SOUTH,8,9457.32,0.0,No,75658.56
508597,2025-01-25,SKU1006,WH_SOUTH,6,4707.6,0.0,Yes,28245.6
508605,2025-01-25,SKU1016,WH_SOUTH,15,497.81,0.0,No,7467.15
508600,2025-01-25,SKU1009,WH_WEST,4,1309.64,0.0,No,5238.56
508614,2025-01-25,SKU1027,WH_SOUTH,8,194.56,5.0,No,1478.66
508618,2025-01-25,SKU1035,WH_SOUTH,10,1749.54,0.0,No,17495.4
508595,2025-01-25,SKU1004,WH_NORTH,7,661.52,5.0,No,4399.11
508613,2025-01-25,SKU1025,WH_WEST,8,1880.05,10.0,No,13536.36
508609,2025-01-25,SKU1021,WH_NORTH,11,2700.26,0.0,No,29702.86
508599,2025-01-25,SKU1008,WH_NORTH,7,7387.04,0.0,No,51709.28
508616,2025-01-25,SKU1029,WH_SOUTH,7,716.7,0.0,No,5016.9
508620,2025-01-25,SKU1039,WH_SOUTH,26,222.44,10.0,No,5205.1
508615,2025-01-25,SKU1028,WH_NORTH,7,716.34,0.0,No,5014.38
508596,2025-01-25,SKU1005,WH_WEST,6,23473.03,0.0,No,140838.18
508601,2025-01-25,SKU1010,WH_NORTH,8,1240.02,0.0,No,9920.16
508607,2025-01-25,SKU1019,WH_WEST,16,1767.95,0.0,No,28287.2
508598,2025-01-25,SKU1007,WH_NORTH,4,13190.2,0.0,No,52760.8
508612,2025-01-25,SKU1024,WH_NORTH,16,1822.24,0.0,Yes,29155.84
508604,2025-01-25,SKU1014,WH_NORTH,12,1248.44,5.0,No,14232.22
508603,2025-01-25,SKU1013,WH_NORTH,12,2835.28,0.0,No,34023.36
508611,2025-01-25,SKU1023,WH_NORTH,5,1257.73,5.0,No,5974.22
508617,2025-01-25,SKU1030,WH_SOUTH,25,2402.0,15.0,No,51042.5
508606,2025-01-25,SKU1017,WH_SOUTH,13,2741.56,0.0,No,35640.28
508619,2025-01-25,SKU1036,WH_NORTH,21,2919.38,0.0,No,61306.98
508608,2025-01-25,SKU1020,WH_NORTH,6,2359.13,10.0,No,12739.3
508602,2025-01-25,SKU1011,WH_NORTH,12,282.38,0.0,No,3388.56
508610,2025-01-25,SKU1022,WH_WEST,12,278.9,0.0,Yes,3346.8
508594,2025-01-25,SKU1001,WH_SOUTH,4,19525.32,0.0,No,78101.28
508626,2025-01-26,SKU1011,WH_SOUTH,13,282.38,5.0,No,3487.39
508629,2025-01-26,SKU1019,WH_WEST,10,1767.95,10.0,No,15911.55
508623,2025-01-26,SKU1004,WH_WEST,6,661.52,5.0,No,3770.66
508636,2025-01-26,SKU1030,WH_WEST,32,2402.0,0.0,No,76864.0
508639,2025-01-26,SKU1034,WH_NORTH,15,2229.38,0.0,No,33440.7
508632,2025-01-26,SKU1024,WH_WEST,9,1822.24,0.0,No,16400.16
508635,2025-01-26,SKU1029,WH_NORTH,9,716.7,5.0,No,6127.78
508642,2025-01-26,SKU1038,WH_NORTH,33,1639.79,0.0,No,54113.07
508627,2025-01-26,SKU1015,WH_WEST,11,808.05,10.0,No,7999.7
508628,2025-01-26,SKU1018,WH_WEST,12,2038.19,0.0,Yes,24458.28
508641,2025-01-26,SKU1037,WH_NORTH,23,2206.93,0.0,No,50759.39
508624,2025-01-26,SKU1009,WH_WEST,7,1309.64,20.0,No,7333.98
508630,2025-01-26,SKU1020,WH_SOUTH,10,2359.13,5.0,No,22411.74
508638,2025-01-26,SKU1033,WH_SOUTH,14,1093.06,20.0,No,12242.27
508625,2025-01-26,SKU1010,WH_WEST,7,1240.02,0.0,No,8680.14
508622,2025-01-26,SKU1003,WH_WEST,7,21674.48,10.0,No,136549.22
508640,2025-01-26,SKU1035,WH_NORTH,23,1749.54,0.0,No,40239.42
508621,2025-01-26,SKU1002,WH_NORTH,5,4026.46,5.0,No,19125.68
508631,2025-01-26,SKU1021,WH_NORTH,7,2700.26,0.0,No,18901.82
508637,2025-01-26,SKU1031,WH_WEST,38,2789.96,10.0,Yes,96672.11
508633,2025-01-26,SKU1025,WH_WEST,9,1880.05,0.0,No,16920.45
508634,2025-01-26,SKU1028,WH_NORTH,11,716.34,5.0,No,7485.75
508656,2025-01-27,SKU1031,WH_NORTH,21,2789.96,0.0,No,58589.16
508652,2025-01-27,SKU1022,WH_WEST,12,278.9,10.0,Yes,3012.12
508658,2025-01-27,SKU1039,WH_WEST,21,222.44,0.0,No,4671.24
508654,2025-01-27,SKU1029,WH_NORTH,8,716.7,20.0,No,4586.88
508645,2025-01-27,SKU1005,WH_WEST,5,23473.03,15.0,No,99760.38
508649,2025-01-27,SKU1014,WH_NORTH,10,1248.44,0.0,No,12484.4
508648,2025-01-27,SKU1010,WH_SOUTH,4,1240.02,0.0,No,4960.08
508647,2025-01-27,SKU1009,WH_SOUTH,3,1309.64,15.0,No,3339.58
508646,2025-01-27,SKU1008,WH_SOUTH,4,7387.04,10.0,No,26593.34
508651,2025-01-27,SKU1020,WH_NORTH,9,2359.13,10.0,No,19108.95
508650,2025-01-27,SKU1016,WH_NORTH,15,497.81,5.0,Yes,7093.79
508653,2025-01-27,SKU1025,WH_WEST,9,1880.05,0.0,Yes,16920.45
508655,2025-01-27,SKU1030,WH_NORTH,27,2402.0,10.0,No,58368.6
508644,2025-01-27,SKU1004,WH_NORTH,5,661.52,0.0,No,3307.6
508643,2025-01-27,SKU1000,WH_WEST,4,9457.32,5.0,No,35937.82
508657,2025-01-27,SKU1036,WH_NORTH,28,2919.38,0.0,No,81742.64
508665,2025-01-28,SKU1011,WH_SOUTH,16,282.38,15.0,Yes,3840.37
508674,2025-01-28,SKU1031,WH_SOUTH,18,2789.96,10.0,No,45197.35
508670,2025-01-28,SKU1020,WH_WEST,5,2359.13,20.0,No,9436.52
508662,2025-01-28,SKU1008,WH_NORTH,6,7387.04,0.0,No,44322.24
508673,2025-01-28,SKU1030,WH_WEST,11,2402.0,0.0,No,26422.0
508664,2025-01-28,SKU1010,WH_WEST,13,1240.02,20.0,No,12896.21
508675,2025-01-28,SKU1035,WH_NORTH,13,1749.54,0.0,No,22744.02
508660,2025-01-28,SKU1002,WH_SOUTH,4,4026.46,0.0,No,16105.84
508663,2025-01-28,SKU1009,WH_NORTH,5,1309.64,5.0,No,6220.79
508671,2025-01-28,SKU1022,WH_WEST,6,278.9,0.0,No,1673.4
508667,2025-01-28,SKU1016,WH_SOUTH,12,497.81,15.0,No,5077.66
508666,2025-01-28,SKU1013,WH_NORTH,12,2835.28,0.0,No,34023.36
508676,2025-01-28,SKU1038,WH_WEST,14,1639.79,10.0,No,20661.35
508672,2025-01-28,SKU1027,WH_SOUTH,4,194.56,10.0,No,700.42
508669,2025-01-28,SKU1018,WH_NORTH,10,2038.19,0.0,No,20381.9
508659,2025-01-28,SKU1000,WH_WEST,9,9457.32,0.0,Yes,85115.88
508668,2025-01-28,SKU1017,WH_NORTH,11,2741.56,0.0,No,30157.16
508661,2025-01-28,SKU1006,WH_WEST,4,4707.6,15.0,No,16005.84
508677,2025-01-28,SKU1039,WH_SOUTH,20,222.44,0.0,No,4448.8
508686,2025-01-29,SKU1018,WH_NORTH,9,2038.19,0.0,No,18343.71
508688,2025-01-29,SKU1022,WH_SOUTH,8,278.9,0.0,No,2231.2
508690,2025-01-29,SKU1026,WH_SOUTH,9,994.38,10.0,No,8054.48
508679,2025-01-29,SKU1005,WH_NORTH,5,23473.03,0.0,No,117365.15
508680,2025-01-29,SKU1007,WH_NORTH,3,13190.2,0.0,No,39570.6
508689,2025-01-29,SKU1023,WH_SOUTH,7,1257.73,0.0,No,8804.11
508695,2025-01-29,SKU1038,WH_NORTH,24,1639.79,0.0,No,39354.96
508678,2025-01-29,SKU1003,WH_WEST,5,21674.48,15.0,No,92116.54
508694,2025-01-29,SKU1036,WH_WEST,20,2919.38,15.0,No,49629.46
508683,2025-01-29,SKU1013,WH_WEST,9,2835.28,10.0,No,22965.77
508682,2025-01-29,SKU1012,WH_WEST,12,1433.92,20.0,No,13765.63
508684,2025-01-29,SKU1015,WH_SOUTH,8,808.05,10.0,No,5817.96
508687,2025-01-29,SKU1021,WH_WEST,6,2700.26,0.0,No,16201.56
508696,2025-01-29,SKU1039,WH_SOUTH,7,222.44,0.0,No,1557.08
508681,2025-01-29,SKU1009,WH_WEST,5,1309.64,0.0,No,6548.2
508685,2025-01-29,SKU1016,WH_SOUTH,11,497.81,20.0,No,4380.73
508693,2025-01-29,SKU1035,WH_SOUTH,20,1749.54,15.0,No,29742.18
508692,2025-01-29,SKU1032,WH_WEST,15,2757.64,0.0,No,41364.6
508691,2025-01-29,SKU1029,WH_NORTH,7,716.7,5.0,No,4766.06
508702,2025-01-30,SKU1007,WH_NORTH,3,13190.2,5.0,No,37592.07
508705,2025-01-30,SKU1010,WH_NORTH,17,1240.02,0.0,Yes,21080.34
508718,2025-01-30,SKU1030,WH_SOUTH,35,2402.0,0.0,Yes,84070.0
508697,2025-01-30,SKU1000,WH_SOUTH,5,9457.32,20.0,No,37829.28
508699,2025-01-30,SKU1003,WH_NORTH,3,21674.48,5.0,No,61772.27
508720,2025-01-30,SKU1036,WH_WEST,22,2919.38,0.0,No,64226.36
508703,2025-01-30,SKU1008,WH_NORTH,7,7387.04,0.0,No,51709.28
508706,2025-01-30,SKU1011,WH_NORTH,10,282.38,0.0,No,2823.8
508712,2025-01-30,SKU1022,WH_WEST,8,278.9,10.0,No,2008.08
508700,2025-01-30,SKU1004,WH_WEST,4,661.52,5.0,No,2513.78
508721,2025-01-30,SKU1038,WH_SOUTH,18,1639.79,0.0,No,29516.22
508714,2025-01-30,SKU1025,WH_NORTH,6,1880.05,0.0,No,11280.3
508698,2025-01-30,SKU1002,WH_NORTH,3,4026.46,0.0,No,12079.38
508707,2025-01-30,SKU1013,WH_SOUTH,19,2835.28,20.0,Yes,43096.26
508715,2025-01-30,SKU1026,WH_WEST,7,994.38,0.0,No,6960.66
508704,2025-01-30,SKU1009,WH_WEST,4,1309.64,15.0,No,4452.78
508711,2025-01-30,SKU1021,WH_NORTH,9,2700.26,0.0,No,24302.34
508701,2025-01-30,SKU1006,WH_WEST,4,4707.6,10.0,No,16947.36
508710,2025-01-30,SKU1019,WH_WEST,18,1767.95,10.0,Yes,28640.79
508713,2025-01-30,SKU1023,WH_NORTH,12,1257.73,5.0,No,14338.12
508708,2025-01-30,SKU1015,WH_NORTH,12,808.05,5.0,No,9211.77
508719,2025-01-30,SKU1035,WH_NORTH,23,1749.54,5.0,No,38227.45
508716,2025-01-30,SKU1027,WH_SOUTH,7,194.56,0.0,No,1361.92
508709,2025-01-30,SKU1018,WH_WEST,10,2038.19,0.0,No,20381.9
508717,2025-01-30,SKU1028,WH_NORTH,9,716.34,15.0,No,5480.0
508728,2025-01-31,SKU1010,WH_WEST,9,1240.02,20.0,No,8928.14
508732,2025-01-31,SKU1020,WH_SOUTH,9,2359.13,0.0,No,21232.17
508739,2025-01-31,SKU1032,WH_SOUTH,22,2757.64,0.0,No,60668.08
508729,2025-01-31,SKU1011,WH_WEST,7,282.38,0.0,No,1976.66
508744,2025-01-31,SKU1037,WH_NORTH,17,2206.93,15.0,No,31890.14
508742,2025-01-31,SKU1035,WH_NORTH,24,1749.54,5.0,No,39889.51
508738,2025-01-31,SKU1031,WH_WEST,15,2789.96,0.0,No,41849.4
508731,2025-01-31,SKU1017,WH_WEST,12,2741.56,0.0,No,32898.72
508722,2025-01-31,SKU1000,WH_NORTH,6,9457.32,5.0,No,53906.72
508726,2025-01-31,SKU1008,WH_WEST,3,7387.04,5.0,No,21053.06
508723,2025-01-31,SKU1002,WH_NORTH,3,4026.46,5.0,No,11475.41
508741,2025-01-31,SKU1034,WH_WEST,27,2229.38,0.0,No,60193.26
508734,2025-01-31,SKU1023,WH_NORTH,7,1257.73,0.0,No,8804.11
508733,2025-01-31,SKU1022,WH_WEST,7,278.9,0.0,No,1952.3
508724,2025-01-31,SKU1003,WH_SOUTH,4,21674.48,0.0,No,86697.92
508725,2025-01-31,SKU1006,WH_WEST,8,4707.6,5.0,Yes,35777.76
508730,2025-01-31,SKU1012,WH_SOUTH,9,1433.92,0.0,No,12905.28
508740,2025-01-31,SKU1033,WH_NORTH,24,1093.06,5.0,No,24921.77
508735,2025-01-31,SKU1024,WH_WEST,9,1822.24,0.0,No,16400.16
508727,2025-01-31,SKU1009,WH_SOUTH,6,1309.64,0.0,No,7857.84
508737,2025-01-31,SKU1026,WH_WEST,8,994.38,0.0,No,7955.04
508743,2025-01-31,SKU1036,WH_NORTH,16,2919.38,5.0,No,44374.58
508736,2025-01-31,SKU1025,WH_WEST,7,1880.05,0.0,No,13160.35
508762,2025-02-01,SKU1025,WH_NORTH,9,1880.05,10.0,No,15228.4
508758,2025-02-01,SKU1020,WH_NORTH,8,2359.13,0.0,No,18873.04
508755,2025-02-01,SKU1016,WH_SOUTH,14,497.81,0.0,No,6969.34
508747,2025-02-01,SKU1002,WH_WEST,8,4026.46,0.0,No,32211.68
508752,2025-02-01,SKU1012,WH_WEST,20,1433.92,0.0,Yes,29395.36
508765,2025-02-01,SKU1029,WH_SOUTH,13,716.7,10.0,Yes,8385.39
508767,2025-02-01,SKU1035,WH_NORTH,27,1749.54,20.0,No,37790.06
508757,2025-02-01,SKU1019,WH_WEST,13,1767.95,15.0,No,19535.85
508749,2025-02-01,SKU1008,WH_NORTH,6,7387.04,5.0,No,42106.13
508751,2025-02-01,SKU1010,WH_WEST,14,1240.02,0.0,No,17360.28
508750,2025-02-01,SKU1009,WH_WEST,8,1309.64,0.0,No,10477.12
508754,2025-02-01,SKU1015,WH_NORTH,8,808.05,20.0,No,5171.52
508746,2025-02-01,SKU1001,WH_NORTH,4,19525.32,0.0,No,78101.28
508761,2025-02-01,SKU1024,WH_SOUTH,8,1822.24,0.0,No,14577.92
508756,2025-02-01,SKU1018,WH_WEST,12,2038.19,0.0,No,24458.28
508745,2025-02-01,SKU1000,WH_NORTH,8,9457.32,5.0,No,71875.63
508748,2025-02-01,SKU1007,WH_NORTH,6,13190.2,10.0,No,71227.08
508764,2025-02-01,SKU1027,WH_NORTH,8,194.56,0.0,No,1556.48
508753,2025-02-01,SKU1013,WH_NORTH,14,2835.28,0.0,No,39693.92
508766,2025-02-01,SKU1032,WH_NORTH,30,2757.64,15.0,No,70319.82
508763,2025-02-01,SKU1026,WH_SOUTH,8,994.38,0.0,No,7955.04
508768,2025-02-01,SKU1036,WH_NORTH,13,2919.38,5.0,No,36054.34
508759,2025-02-01,SKU1022,WH_SOUTH,7,278.9,0.0,No,1952.3
508769,2025-02-01,SKU1039,WH_WEST,10,222.44,20.0,No,1779.52
508760,2025-02-01,SKU1023,WH_NORTH,2,1257.73,0.0,No,2515.46
508773,2025-02-02,SKU1004,WH_SOUTH,7,661.52,0.0,No,4630.64
508774,2025-02-02,SKU1006,WH_SOUTH,4,4707.6,20.0,No,15064.32
508776,2025-02-02,SKU1011,WH_WEST,18,282.38,15.0,No,4320.41
508783,2025-02-02,SKU1025,WH_SOUTH,4,1880.05,10.0,No,6768.18
508771,2025-02-02,SKU1001,WH_SOUTH,6,19525.32,0.0,No,117151.92
508778,2025-02-02,SKU1015,WH_WEST,19,808.05,0.0,Yes,15352.95
508781,2025-02-02,SKU1022,WH_NORTH,7,278.9,15.0,No,1659.45
508785,2025-02-02,SKU1027,WH_WEST,7,194.56,15.0,No,1157.63
508777,2025-02-02,SKU1012,WH_SOUTH,10,1433.92,0.0,No,14339.2
508788,2025-02-02,SKU1031,WH_SOUTH,38,2789.96,0.0,No,106018.48
508786,2025-02-02,SKU1028,WH_SOUTH,11,716.34,5.0,No,7485.75
508784,2025-02-02,SKU1026,WH_WEST,8,994.38,0.0,No,7955.04
508770,2025-02-02,SKU1000,WH_SOUTH,4,9457.32,10.0,No,34046.35
508779,2025-02-02,SKU1020,WH_SOUTH,4,2359.13,5.0,No,8964.69
508792,2025-02-02,SKU1039,WH_SOUTH,25,222.44,0.0,No,5561.0
508772,2025-02-02,SKU1002,WH_NORTH,4,4026.46,10.0,No,14495.26
508782,2025-02-02,SKU1023,WH_WEST,16,1257.73,0.0,Yes,20123.68
508791,2025-02-02,SKU1037,WH_WEST,23,2206.93,0.0,No,50759.39
508787,2025-02-02,SKU1029,WH_NORTH,11,716.7,10.0,No,7095.33
508790,2025-02-02,SKU1036,WH_WEST,22,2919.38,0.0,No,64226.36
508780,2025-02-02,SKU1021,WH_WEST,9,2700.26,0.0,No,24302.34
508789,2025-02-02,SKU1033,WH_NORTH,27,1093.06,10.0,No,26561.36
508775,2025-02-02,SKU1008,WH_WEST,6,7387.04,0.0,No,44322.24
508798,2025-02-03,SKU1006,WH_WEST,4,4707.6,0.0,No,18830.4
508797,2025-02-03,SKU1005,WH_WEST,9,23473.03,0.0,Yes,211257.27
508803,2025-02-03,SKU1015,WH_SOUTH,13,808.05,0.0,No,10504.65
508804,2025-02-03,SKU1021,WH_NORTH,7,2700.26,0.0,No,18901.82
508811,2025-02-03,SKU1037,WH_WEST,15,2206.93,0.0,No,33103.95
508800,2025-02-03,SKU1011,WH_NORTH,12,282.38,0.0,No,3388.56
508802,2025-02-03,SKU1013,WH_NORTH,13,2835.28,0.0,No,36858.64
508794,2025-02-03,SKU1001,WH_NORTH,9,19525.32,0.0,Yes,175727.88
508805,2025-02-03,SKU1022,WH_NORTH,4,278.9,0.0,No,1115.6
508793,2025-02-03,SKU1000,WH_NORTH,3,9457.32,5.0,No,26953.36
508796,2025-02-03,SKU1003,WH_NORTH,3,21674.48,0.0,No,65023.44
508812,2025-02-03,SKU1038,WH_NORTH,25,1639.79,5.0,No,38945.01
508807,2025-02-03,SKU1027,WH_SOUTH,9,194.56,20.0,No,1400.83
508795,2025-02-03,SKU1002,WH_WEST,9,4026.46,0.0,Yes,36238.14
508808,2025-02-03,SKU1028,WH_SOUTH,6,716.34,0.0,No,4298.04
508806,2025-02-03,SKU1025,WH_NORTH,7,1880.05,15.0,No,11186.3
508813,2025-02-03,SKU1039,WH_SOUTH,20,222.44,0.0,No,4448.8
508801,2025-02-03,SKU1012,WH_NORTH,9,1433.92,0.0,No,12905.28
508799,2025-02-03,SKU1007,WH_WEST,6,13190.2,0.0,No,79141.2
508809,2025-02-03,SKU1029,WH_NORTH,9,716.7,0.0,No,6450.3
508810,2025-02-03,SKU1035,WH_SOUTH,30,1749.54,5.0,Yes,49861.89
508825,2025-02-04,SKU1019,WH_NORTH,4,1767.95,0.0,No,7071.8
508835,2025-02-04,SKU1038,WH_SOUTH,14,1639.79,0.0,No,22957.06
508821,2025-02-04,SKU1015,WH_WEST,9,808.05,5.0,No,6908.83
508834,2025-02-04,SKU1037,WH_NORTH,31,2206.93,0.0,Yes,68414.83
508814,2025-02-04,SKU1000,WH_NORTH,4,9457.32,0.0,No,37829.28
508817,2025-02-04,SKU1006,WH_WEST,4,4707.6,15.0,No,16005.84
508815,2025-02-04,SKU1003,WH_SOUTH,5,21674.48,0.0,No,108372.4
508830,2025-02-04,SKU1026,WH_NORTH,7,994.38,0.0,No,6960.66
508826,2025-02-04,SKU1020,WH_WEST,9,2359.13,0.0,No,21232.17
508833,2025-02-04,SKU1036,WH_NORTH,18,2919.38,15.0,No,44666.51
508820,2025-02-04,SKU1012,WH_WEST,15,1433.92,15.0,Yes,18282.48
508828,2025-02-04,SKU1024,WH_WEST,7,1822.24,0.0,No,12755.68
508818,2025-02-04,SKU1007,WH_SOUTH,5,13190.2,0.0,No,65951.0
508823,2025-02-04,SKU1017,WH_WEST,6,2741.56,0.0,No,16449.36
508827,2025-02-04,SKU1022,WH_WEST,8,278.9,0.0,No,2231.2
508816,2025-02-04,SKU1005,WH_WEST,7,23473.03,5.0,Yes,156095.65
508824,2025-02-04,SKU1018,WH_WEST,15,2038.19,0.0,Yes,30572.85
508822,2025-02-04,SKU1016,WH_NORTH,5,497.81,10.0,No,2240.15
508831,2025-02-04,SKU1029,WH_SOUTH,15,716.7,0.0,Yes,10750.5
508836,2025-02-04,SKU1039,WH_WEST,12,222.44,0.0,No,2669.28
508829,2025-02-04,SKU1025,WH_WEST,10,1880.05,0.0,No,18800.5
508832,2025-02-04,SKU1032,WH_SOUTH,15,2757.64,0.0,No,41364.6
508819,2025-02-04,SKU1011,WH_SOUTH,9,282.38,10.0,No,2287.28
508854,2025-02-05,SKU1030,WH_SOUTH,18,2402.0,20.0,No,34588.8
508856,2025-02-05,SKU1036,WH_SOUTH,14,2919.38,0.0,No,40871.32
508842,2025-02-05,SKU1008,WH_SOUTH,5,7387.04,0.0,No,36935.2
508844,2025-02-05,SKU1015,WH_NORTH,12,808.05,15.0,No,8242.11
508845,2025-02-05,SKU1016,WH_NORTH,9,497.81,15.0,Yes,3808.25
508846,2025-02-05,SKU1018,WH_SOUTH,12,2038.19,5.0,No,23235.37
508843,2025-02-05,SKU1013,WH_SOUTH,9,2835.28,10.0,No,22965.77
508850,2025-02-05,SKU1024,WH_NORTH,7,1822.24,0.0,No,12755.68
508859,2025-02-05,SKU1039,WH_WEST,10,222.44,0.0,No,2224.4
508852,2025-02-05,SKU1026,WH_NORTH,10,994.38,0.0,No,9943.8
508855,2025-02-05,SKU1032,WH_SOUTH,16,2757.64,10.0,No,39710.02
508841,2025-02-05,SKU1007,WH_WEST,5,13190.2,0.0,No,65951.0
508858,2025-02-05,SKU1038,WH_WEST,17,1639.79,15.0,No,23694.97
508847,2025-02-05,SKU1020,WH_NORTH,8,2359.13,0.0,No,18873.04
508849,2025-02-05,SKU1022,WH_NORTH,5,278.9,0.0,No,1394.5
508848,2025-02-05,SKU1021,WH_SOUTH,6,2700.26,0.0,No,16201.56
508838,2025-02-05,SKU1002,WH_SOUTH,2,4026.46,0.0,No,8052.92
508839,2025-02-05,SKU1004,WH_NORTH,4,661.52,5.0,No,2513.78
508837,2025-02-05,SKU1000,WH_NORTH,4,9457.32,10.0,No,34046.35
508857,2025-02-05,SKU1037,WH_NORTH,19,2206.93,5.0,Yes,39835.09
508853,2025-02-05,SKU1028,WH_SOUTH,4,716.34,0.0,No,2865.36
508851,2025-02-05,SKU1025,WH_NORTH,12,1880.05,10.0,Yes,20304.54
508840,2025-02-05,SKU1006,WH_WEST,9,4707.6,10.0,Yes,38131.56
508866,2025-02-06,SKU1016,WH_WEST,10,497.81,0.0,No,4978.1
508865,2025-02-06,SKU1012,WH_WEST,18,1433.92,5.0,No,24520.03
508867,2025-02-06,SKU1017,WH_SOUTH,4,2741.56,0.0,No,10966.24
508870,2025-02-06,SKU1022,WH_SOUTH,6,278.9,5.0,No,1589.73
508860,2025-02-06,SKU1000,WH_NORTH,5,9457.32,0.0,No,47286.6
508863,2025-02-06,SKU1006,WH_WEST,9,4707.6,15.0,Yes,36013.14
508876,2025-02-06,SKU1035,WH_SOUTH,14,1749.54,20.0,No,19594.85
508874,2025-02-06,SKU1029,WH_SOUTH,8,716.7,0.0,No,5733.6
508861,2025-02-06,SKU1003,WH_NORTH,4,21674.48,20.0,No,69358.34
508868,2025-02-06,SKU1020,WH_SOUTH,10,2359.13,10.0,Yes,21232.17
508862,2025-02-06,SKU1004,WH_WEST,4,661.52,0.0,No,2646.08
508873,2025-02-06,SKU1027,WH_NORTH,5,194.56,15.0,No,826.88
508869,2025-02-06,SKU1021,WH_WEST,9,2700.26,0.0,No,24302.34
508875,2025-02-06,SKU1033,WH_WEST,16,1093.06,20.0,No,13991.17
508864,2025-02-06,SKU1009,WH_WEST,4,1309.64,0.0,No,5238.56
508871,2025-02-06,SKU1023,WH_NORTH,11,1257.73,10.0,No,12451.53
508872,2025-02-06,SKU1024,WH_NORTH,10,1822.24,0.0,No,18222.4
508888,2025-02-07,SKU1028,WH_SOUTH,9,716.34,0.0,No,6447.06
508893,2025-02-07,SKU1035,WH_SOUTH,25,1749.54,10.0,No,39364.65
508885,2025-02-07,SKU1020,WH_WEST,10,2359.13,0.0,No,23591.3
508890,2025-02-07,SKU1030,WH_NORTH,35,2402.0,0.0,No,84070.0
508880,2025-02-07,SKU1007,WH_SOUTH,8,13190.2,15.0,Yes,89693.36
508895,2025-02-07,SKU1039,WH_NORTH,15,222.44,0.0,No,3336.6
508879,2025-02-07,SKU1006,WH_SOUTH,4,4707.6,0.0,No,18830.4
508881,2025-02-07,SKU1008,WH_WEST,4,7387.04,0.0,No,29548.16
508894,2025-02-07,SKU1038,WH_WEST,17,1639.79,0.0,No,27876.43
508882,2025-02-07,SKU1010,WH_NORTH,7,1240.02,20.0,No,6944.11
508887,2025-02-07,SKU1027,WH_WEST,10,194.56,10.0,No,1751.04
508878,2025-02-07,SKU1004,WH_WEST,4,661.52,0.0,No,2646.08
508883,2025-02-07,SKU1014,WH_WEST,17,1248.44,0.0,Yes,21223.48
508891,2025-02-07,SKU1031,WH_SOUTH,19,2789.96,10.0,No,47708.32
508884,2025-02-07,SKU1016,WH_SOUTH,15,497.81,0.0,Yes,7467.15
508886,2025-02-07,SKU1021,WH_NORTH,7,2700.26,5.0,No,17956.73
508889,2025-02-07,SKU1029,WH_WEST,10,716.7,0.0,No,7167.0
508877,2025-02-07,SKU1001,WH_SOUTH,6,19525.32,0.0,No,117151.92
508892,2025-02-07,SKU1034,WH_SOUTH,17,2229.38,10.0,No,34109.51
508899,2025-02-08,SKU1007,WH_WEST,5,13190.2,0.0,No,65951.0
508907,2025-02-08,SKU1021,WH_NORTH,8,2700.26,0.0,No,21602.08
508900,2025-02-08,SKU1009,WH_NORTH,8,1309.64,5.0,No,9953.26
508908,2025-02-08,SKU1025,WH_SOUTH,11,1880.05,0.0,No,20680.55
508912,2025-02-08,SKU1034,WH_WEST,20,2229.38,15.0,No,37899.46
508911,2025-02-08,SKU1033,WH_WEST,24,1093.06,0.0,No,26233.44
508898,2025-02-08,SKU1004,WH_NORTH,7,661.52,5.0,No,4399.11
508906,2025-02-08,SKU1020,WH_SOUTH,11,2359.13,15.0,No,22057.87
508903,2025-02-08,SKU1014,WH_SOUTH,18,1248.44,0.0,Yes,22471.92
508901,2025-02-08,SKU1010,WH_SOUTH,15,1240.02,0.0,Yes,18600.3
508910,2025-02-08,SKU1030,WH_NORTH,27,2402.0,5.0,No,61611.3
508913,2025-02-08,SKU1035,WH_NORTH,26,1749.54,0.0,No,45488.04
508896,2025-02-08,SKU1001,WH_WEST,8,19525.32,15.0,No,132772.18
508914,2025-02-08,SKU1036,WH_WEST,15,2919.38,15.0,Yes,37222.1
508915,2025-02-08,SKU1037,WH_SOUTH,19,2206.93,0.0,No,41931.67
508905,2025-02-08,SKU1018,WH_NORTH,11,2038.19,10.0,No,20178.08
508897,2025-02-08,SKU1003,WH_WEST,6,21674.48,0.0,No,130046.88
508902,2025-02-08,SKU1013,WH_SOUTH,7,2835.28,0.0,No,19846.96
508904,2025-02-08,SKU1015,WH_NORTH,11,808.05,0.0,No,8888.55
508909,2025-02-08,SKU1027,WH_NORTH,8,194.56,0.0,No,1556.48
508930,2025-02-09,SKU1034,WH_WEST,30,2229.38,5.0,No,63537.33
508925,2025-02-09,SKU1016,WH_SOUTH,13,497.81,0.0,No,6471.53
508934,2025-02-09,SKU1039,WH_WEST,18,222.44,0.0,No,4003.92
508927,2025-02-09,SKU1026,WH_WEST,5,994.38,15.0,No,4226.12
508924,2025-02-09,SKU1015,WH_SOUTH,11,808.05,0.0,No,8888.55
508919,2025-02-09,SKU1004,WH_NORTH,5,661.52,0.0,No,3307.6
508922,2025-02-09,SKU1013,WH_SOUTH,10,2835.28,0.0,No,28352.8
508918,2025-02-09,SKU1003,WH_WEST,4,21674.48,5.0,No,82363.02
508923,2025-02-09,SKU1014,WH_NORTH,9,1248.44,0.0,No,11235.96
508928,2025-02-09,SKU1027,WH_WEST,10,194.56,0.0,No,1945.6
508932,2025-02-09,SKU1037,WH_SOUTH,17,2206.93,0.0,No,37517.81
508929,2025-02-09,SKU1029,WH_NORTH,10,716.7,10.0,No,6450.3
508920,2025-02-09,SKU1007,WH_WEST,5,13190.2,0.0,No,65951.0
508917,2025-02-09,SKU1002,WH_NORTH,5,4026.46,0.0,No,20132.3
508921,2025-02-09,SKU1010,WH_WEST,10,1240.02,0.0,No,12400.2
508931,2025-02-09,SKU1036,WH_WEST,17,2919.38,0.0,No,49629.46
508933,2025-02-09,SKU1038,WH_WEST,26,1639.79,10.0,No,38371.09
508916,2025-02-09,SKU1000,WH_WEST,7,9457.32,10.0,No,59581.12
508926,2025-02-09,SKU1023,WH_NORTH,7,1257.73,15.0,No,7483.49
508951,2025-02-10,SKU1033,WH_WEST,12,1093.06,10.0,No,11805.05
508947,2025-02-10,SKU1026,WH_SOUTH,8,994.38,5.0,No,7557.29
508950,2025-02-10,SKU1032,WH_SOUTH,19,2757.64,5.0,No,49775.4
508936,2025-02-10,SKU1003,WH_WEST,7,21674.48,0.0,Yes,151721.36
508939,2025-02-10,SKU1007,WH_SOUTH,4,13190.2,0.0,No,52760.8
508946,2025-02-10,SKU1025,WH_SOUTH,7,1880.05,15.0,No,11186.3
508948,2025-02-10,SKU1028,WH_WEST,6,716.34,0.0,No,4298.04
508937,2025-02-10,SKU1005,WH_WEST,6,23473.03,5.0,No,133796.27
508938,2025-02-10,SKU1006,WH_WEST,3,4707.6,0.0,No,14122.8
508952,2025-02-10,SKU1034,WH_NORTH,12,2229.38,0.0,No,26752.56
508945,2025-02-10,SKU1022,WH_NORTH,7,278.9,10.0,No,1757.07
508940,2025-02-10,SKU1009,WH_WEST,5,1309.64,10.0,No,5893.38
508955,2025-02-10,SKU1038,WH_WEST,24,1639.79,10.0,No,35419.46
508949,2025-02-10,SKU1031,WH_NORTH,25,2789.96,0.0,No,69749.0
508943,2025-02-10,SKU1017,WH_WEST,11,2741.56,5.0,No,28649.3
508935,2025-02-10,SKU1000,WH_WEST,6,9457.32,5.0,No,53906.72
508953,2025-02-10,SKU1035,WH_WEST,19,1749.54,0.0,No,33241.26
508941,2025-02-10,SKU1010,WH_WEST,20,1240.02,5.0,Yes,24149.39
508944,2025-02-10,SKU1021,WH_SOUTH,7,2700.26,5.0,No,17956.73
508942,2025-02-10,SKU1014,WH_WEST,12,1248.44,15.0,No,12734.09
508954,2025-02-10,SKU1036,WH_NORTH,20,2919.38,0.0,No,58387.6
508970,2025-02-11,SKU1033,WH_NORTH,18,1093.06,0.0,No,19675.08
508964,2025-02-11,SKU1015,WH_SOUTH,9,808.05,0.0,No,7272.45
508957,2025-02-11,SKU1002,WH_WEST,4,4026.46,0.0,No,16105.84
508969,2025-02-11,SKU1031,WH_NORTH,20,2789.96,10.0,No,50219.28
508971,2025-02-11,SKU1037,WH_WEST,12,2206.93,0.0,No,26483.16
508963,2025-02-11,SKU1014,WH_NORTH,19,1248.44,0.0,Yes,23720.36
508967,2025-02-11,SKU1027,WH_WEST,6,194.56,0.0,No,1167.36
508972,2025-02-11,SKU1038,WH_SOUTH,18,1639.79,10.0,No,26564.6
508960,2025-02-11,SKU1007,WH_WEST,7,13190.2,5.0,Yes,87714.83
508973,2025-02-11,SKU1039,WH_WEST,17,222.44,20.0,No,3025.18
508968,2025-02-11,SKU1029,WH_WEST,7,716.7,5.0,No,4766.06
508958,2025-02-11,SKU1003,WH_NORTH,3,21674.48,20.0,No,52018.75
508966,2025-02-11,SKU1023,WH_SOUTH,6,1257.73,0.0,No,7546.38
508956,2025-02-11,SKU1000,WH_WEST,5,9457.32,20.0,No,37829.28
508959,2025-02-11,SKU1006,WH_SOUTH,3,4707.6,10.0,No,12710.52
508962,2025-02-11,SKU1009,WH_NORTH,4,1309.64,5.0,No,4976.63
508961,2025-02-11,SKU1008,WH_WEST,2,7387.04,5.0,No,14035.38
508965,2025-02-11,SKU1019,WH_NORTH,13,1767.95,0.0,No,22983.35
508987,2025-02-12,SKU1021,WH_SOUTH,9,2700.26,15.0,No,20656.99
508992,2025-02-12,SKU1029,WH_SOUTH,11,716.7,0.0,Yes,7883.7
508993,2025-02-12,SKU1031,WH_NORTH,12,2789.96,10.0,No,30131.57
508991,2025-02-12,SKU1027,WH_NORTH,6,194.56,0.0,No,1167.36
508974,2025-02-12,SKU1000,WH_SOUTH,9,9457.32,5.0,Yes,80860.09
508982,2025-02-12,SKU1012,WH_WEST,12,1433.92,0.0,No,17207.04
508985,2025-02-12,SKU1016,WH_SOUTH,11,497.81,10.0,No,4928.32
508995,2025-02-12,SKU1038,WH_NORTH,25,1639.79,10.0,No,36895.28
508980,2025-02-12,SKU1007,WH_WEST,6,13190.2,10.0,No,71227.08
508981,2025-02-12,SKU1010,WH_SOUTH,9,1240.02,10.0,No,10044.16
508994,2025-02-12,SKU1033,WH_NORTH,22,1093.06,0.0,No,24047.32
508996,2025-02-12,SKU1039,WH_SOUTH,30,222.44,5.0,No,6339.54
508977,2025-02-12,SKU1003,WH_SOUTH,5,21674.48,15.0,No,92116.54
508976,2025-02-12,SKU1002,WH_WEST,7,4026.46,0.0,No,28185.22
508989,2025-02-12,SKU1023,WH_SOUTH,4,1257.73,0.0,No,5030.92
508988,2025-02-12,SKU1022,WH_WEST,6,278.9,0.0,No,1673.4
508990,2025-02-12,SKU1024,WH_SOUTH,8,1822.24,0.0,Yes,14577.92
508986,2025-02-12,SKU1018,WH_SOUTH,8,2038.19,0.0,No,16305.52
508984,2025-02-12,SKU1015,WH_WEST,17,808.05,0.0,Yes,13736.85
508975,2025-02-12,SKU1001,WH_SOUTH,4,19525.32,0.0,No,78101.28
508983,2025-02-12,SKU1014,WH_NORTH,9,1248.44,0.0,Yes,11235.96
508979,2025-02-12,SKU1006,WH_WEST,8,4707.6,10.0,Yes,33894.72
508978,2025-02-12,SKU1005,WH_SOUTH,4,23473.03,0.0,No,93892.12
508998,2025-02-13,SKU1002,WH_WEST,5,4026.46,0.0,No,20132.3
509000,2025-02-13,SKU1006,WH_WEST,4,4707.6,0.0,No,18830.4
509013,2025-02-13,SKU1031,WH_SOUTH,26,2789.96,0.0,Yes,72538.96
509015,2025-02-13,SKU1033,WH_NORTH,27,1093.06,15.0,No,25085.73
509005,2025-02-13,SKU1015,WH_WEST,8,808.05,0.0,No,6464.4
509010,2025-02-13,SKU1027,WH_WEST,8,194.56,0.0,No,1556.48
509008,2025-02-13,SKU1019,WH_SOUTH,9,1767.95,5.0,No,15115.97
509007,2025-02-13,SKU1018,WH_NORTH,10,2038.19,0.0,No,20381.9
509011,2025-02-13,SKU1028,WH_WEST,10,716.34,10.0,Yes,6447.06
508999,2025-02-13,SKU1005,WH_WEST,4,23473.03,15.0,No,79808.3
509002,2025-02-13,SKU1008,WH_NORTH,5,7387.04,0.0,No,36935.2
509009,2025-02-13,SKU1023,WH_SOUTH,6,1257.73,0.0,No,7546.38
509012,2025-02-13,SKU1030,WH_WEST,18,2402.0,10.0,No,38912.4
509019,2025-02-13,SKU1039,WH_NORTH,23,222.44,0.0,No,5116.12
509004,2025-02-13,SKU1014,WH_NORTH,6,1248.44,10.0,No,6741.58
508997,2025-02-13,SKU1001,WH_NORTH,3,19525.32,20.0,No,46860.77
509018,2025-02-13,SKU1038,WH_SOUTH,27,1639.79,5.0,No,42060.61
509017,2025-02-13,SKU1037,WH_WEST,18,2206.93,0.0,No,39724.74
509014,2025-02-13,SKU1032,WH_SOUTH,38,2757.64,5.0,Yes,99550.8
509003,2025-02-13,SKU1010,WH_SOUTH,14,1240.02,0.0,Yes,17360.28
509016,2025-02-13,SKU1034,WH_SOUTH,25,2229.38,0.0,No,55734.5
509006,2025-02-13,SKU1016,WH_SOUTH,12,497.81,0.0,No,5973.72
509001,2025-02-13,SKU1007,WH_SOUTH,4,13190.2,10.0,No,47484.72
509030,2025-02-14,SKU1019,WH_WEST,11,1767.95,0.0,No,19447.45
509045,2025-02-14,SKU1038,WH_WEST,27,1639.79,10.0,No,39846.9
509042,2025-02-14,SKU1034,WH_SOUTH,20,2229.38,0.0,No,44587.6
509035,2025-02-14,SKU1024,WH_SOUTH,8,1822.24,0.0,No,14577.92
509037,2025-02-14,SKU1028,WH_NORTH,7,716.34,0.0,No,5014.38
509034,2025-02-14,SKU1023,WH_NORTH,7,1257.73,0.0,No,8804.11
509039,2025-02-14,SKU1030,WH_SOUTH,37,2402.0,10.0,Yes,79986.6
509028,2025-02-14,SKU1016,WH_NORTH,14,497.81,0.0,No,6969.34
509023,2025-02-14,SKU1006,WH_SOUTH,5,4707.6,0.0,No,23538.0
509036,2025-02-14,SKU1025,WH_SOUTH,8,1880.05,10.0,No,13536.36
509029,2025-02-14,SKU1018,WH_NORTH,9,2038.19,0.0,No,18343.71
509046,2025-02-14,SKU1039,WH_SOUTH,22,222.44,0.0,No,4893.68
509033,2025-02-14,SKU1022,WH_WEST,7,278.9,0.0,No,1952.3
509020,2025-02-14,SKU1000,WH_WEST,3,9457.32,20.0,No,22697.57
509022,2025-02-14,SKU1004,WH_NORTH,3,661.52,0.0,No,1984.56
509027,2025-02-14,SKU1015,WH_SOUTH,3,808.05,15.0,No,2060.53
509021,2025-02-14,SKU1002,WH_SOUTH,4,4026.46,15.0,No,13689.96
509025,2025-02-14,SKU1012,WH_SOUTH,13,1433.92,10.0,No,16776.86
509026,2025-02-14,SKU1013,WH_WEST,15,2835.28,20.0,No,34023.36
509044,2025-02-14,SKU1036,WH_NORTH,13,2919.38,5.0,No,36054.34
509040,2025-02-14,SKU1032,WH_SOUTH,19,2757.64,0.0,No,52395.16
509024,2025-02-14,SKU1008,WH_WEST,7,7387.04,5.0,No,49123.82
509031,2025-02-14,SKU1020,WH_WEST,9,2359.13,15.0,No,18047.34
509041,2025-02-14,SKU1033,WH_WEST,24,1093.06,0.0,No,26233.44
509038,2025-02-14,SKU1029,WH_SOUTH,10,716.7,5.0,No,6808.65
509032,2025-02-14,SKU1021,WH_NORTH,9,2700.26,5.0,No,23087.22
509043,2025-02-14,SKU1035,WH_WEST,13,1749.54,10.0,No,20469.62
509063,2025-02-15,SKU1032,WH_SOUTH,24,2757.64,0.0,No,66183.36
509058,2025-02-15,SKU1025,WH_NORTH,8,1880.05,0.0,No,15040.4
509052,2025-02-15,SKU1010,WH_NORTH,15,1240.02,10.0,No,16740.27
509059,2025-02-15,SKU1027,WH_WEST,13,194.56,10.0,No,2276.35
509062,2025-02-15,SKU1031,WH_NORTH,28,2789.96,0.0,Yes,78118.88
509060,2025-02-15,SKU1028,WH_NORTH,10,716.34,0.0,No,7163.4
509051,2025-02-15,SKU1009,WH_SOUTH,9,1309.64,10.0,Yes,10608.08
509050,2025-02-15,SKU1004,WH_SOUTH,9,661.52,15.0,Yes,5060.63
509049,2025-02-15,SKU1003,WH_WEST,5,21674.48,15.0,No,92116.54
509047,2025-02-15,SKU1000,WH_WEST,7,9457.32,15.0,No,56271.05
509057,2025-02-15,SKU1024,WH_WEST,13,1822.24,0.0,No,23689.12
509055,2025-02-15,SKU1021,WH_SOUTH,9,2700.26,15.0,No,20656.99
509054,2025-02-15,SKU1017,WH_WEST,18,2741.56,0.0,No,49348.08
509056,2025-02-15,SKU1023,WH_SOUTH,11,1257.73,0.0,No,13835.03
509065,2025-02-15,SKU1039,WH_NORTH,31,222.44,10.0,No,6206.08
509061,2025-02-15,SKU1030,WH_SOUTH,30,2402.0,0.0,No,72060.0
509053,2025-02-15,SKU1015,WH_WEST,11,808.05,0.0,No,8888.55
509048,2025-02-15,SKU1001,WH_WEST,5,19525.32,20.0,No,78101.28
509064,2025-02-15,SKU1033,WH_NORTH,29,1093.06,10.0,No,28528.87
509071,2025-02-16,SKU1007,WH_NORTH,6,13190.2,0.0,No,79141.2
509066,2025-02-16,SKU1000,WH_NORTH,5,9457.32,20.0,No,37829.28
509078,2025-02-16,SKU1018,WH_SOUTH,9,2038.19,0.0,No,18343.71
509070,2025-02-16,SKU1004,WH_WEST,7,661.52,5.0,No,4399.11
509075,2025-02-16,SKU1011,WH_NORTH,10,282.38,15.0,No,2400.23
509076,2025-02-16,SKU1012,WH_SOUTH,11,1433.92,0.0,No,15773.12
509088,2025-02-16,SKU1039,WH_WEST,19,222.44,0.0,No,4226.36
509067,2025-02-16,SKU1001,WH_SOUTH,3,19525.32,10.0,No,52718.36
509084,2025-02-16,SKU1031,WH_WEST,23,2789.96,0.0,No,64169.08
509074,2025-02-16,SKU1010,WH_NORTH,11,1240.02,0.0,No,13640.22
509080,2025-02-16,SKU1022,WH_SOUTH,6,278.9,5.0,No,1589.73
509087,2025-02-16,SKU1035,WH_WEST,38,1749.54,20.0,Yes,53885.83
509079,2025-02-16,SKU1021,WH_WEST,11,2700.26,5.0,No,28217.72
509082,2025-02-16,SKU1024,WH_SOUTH,10,1822.24,10.0,No,16400.16
509069,2025-02-16,SKU1003,WH_SOUTH,7,21674.48,0.0,No,151721.36
509086,2025-02-16,SKU1034,WH_WEST,22,2229.38,10.0,No,44141.72
509083,2025-02-16,SKU1027,WH_NORTH,9,194.56,15.0,No,1488.38
509077,2025-02-16,SKU1014,WH_WEST,13,1248.44,10.0,No,14606.75
509068,2025-02-16,SKU1002,WH_WEST,8,4026.46,0.0,No,32211.68
509073,2025-02-16,SKU1009,WH_WEST,6,1309.64,0.0,No,7857.84
509081,2025-02-16,SKU1023,WH_NORTH,10,1257.73,0.0,No,12577.3
509072,2025-02-16,SKU1008,WH_WEST,8,7387.04,0.0,Yes,59096.32
509085,2025-02-16,SKU1032,WH_WEST,20,2757.64,15.0,No,46879.88
509089,2025-02-17,SKU1000,WH_WEST,5,9457.32,15.0,No,40193.61
509096,2025-02-17,SKU1013,WH_WEST,15,2835.28,0.0,Yes,42529.2
509093,2025-02-17,SKU1009,WH_NORTH,4,1309.64,0.0,No,5238.56
509100,2025-02-17,SKU1022,WH_WEST,5,278.9,0.0,No,1394.5
509099,2025-02-17,SKU1018,WH_NORTH,6,2038.19,0.0,No,12229.14
509097,2025-02-17,SKU1014,WH_NORTH,20,1248.44,5.0,Yes,23720.36
509101,2025-02-17,SKU1023,WH_SOUTH,11,1257.73,0.0,Yes,13835.03
509094,2025-02-17,SKU1010,WH_SOUTH,16,1240.02,0.0,No,19840.32
509110,2025-02-17,SKU1036,WH_NORTH,22,2919.38,15.0,No,54592.41
509108,2025-02-17,SKU1033,WH_SOUTH,20,1093.06,0.0,No,21861.2
509098,2025-02-17,SKU1017,WH_SOUTH,9,2741.56,0.0,No,24674.04
509107,2025-02-17,SKU1031,WH_NORTH,23,2789.96,0.0,Yes,64169.08
509106,2025-02-17,SKU1028,WH_WEST,15,716.34,0.0,Yes,10745.1
509103,2025-02-17,SKU1025,WH_SOUTH,5,1880.05,15.0,No,7990.21
509092,2025-02-17,SKU1007,WH_NORTH,4,13190.2,15.0,No,44846.68
509090,2025-02-17,SKU1005,WH_NORTH,3,23473.03,0.0,No,70419.09
509104,2025-02-17,SKU1026,WH_SOUTH,6,994.38,5.0,No,5667.97
509102,2025-02-17,SKU1024,WH_SOUTH,14,1822.24,5.0,Yes,24235.79
509109,2025-02-17,SKU1035,WH_WEST,19,1749.54,0.0,No,33241.26
509111,2025-02-17,SKU1038,WH_WEST,34,1639.79,10.0,Yes,50177.57
509091,2025-02-17,SKU1006,WH_WEST,8,4707.6,10.0,Yes,33894.72
509112,2025-02-17,SKU1039,WH_WEST,25,222.44,0.0,No,5561.0
509095,2025-02-17,SKU1011,WH_SOUTH,14,282.38,10.0,No,3557.99
509105,2025-02-17,SKU1027,WH_NORTH,9,194.56,5.0,No,1663.49
509128,2025-02-18,SKU1026,WH_WEST,4,994.38,0.0,No,3977.52
509113,2025-02-18,SKU1001,WH_NORTH,5,19525.32,15.0,No,82982.61
509130,2025-02-18,SKU1029,WH_SOUTH,11,716.7,0.0,Yes,7883.7
509118,2025-02-18,SKU1012,WH_NORTH,11,1433.92,0.0,No,15773.12
509120,2025-02-18,SKU1015,WH_SOUTH,16,808.05,15.0,Yes,10989.48
509131,2025-02-18,SKU1030,WH_SOUTH,14,2402.0,0.0,No,33628.0
509125,2025-02-18,SKU1020,WH_SOUTH,6,2359.13,15.0,No,12031.56
509133,2025-02-18,SKU1032,WH_NORTH,25,2757.64,0.0,Yes,68941.0
509116,2025-02-18,SKU1008,WH_SOUTH,4,7387.04,10.0,No,26593.34
509115,2025-02-18,SKU1007,WH_NORTH,6,13190.2,5.0,No,75184.14
509114,2025-02-18,SKU1004,WH_NORTH,4,661.52,0.0,No,2646.08
509136,2025-02-18,SKU1038,WH_NORTH,11,1639.79,10.0,No,16233.92
509127,2025-02-18,SKU1024,WH_NORTH,10,1822.24,5.0,No,17311.28
509129,2025-02-18,SKU1028,WH_WEST,9,716.34,0.0,Yes,6447.06
509132,2025-02-18,SKU1031,WH_SOUTH,18,2789.96,0.0,No,50219.28
509126,2025-02-18,SKU1023,WH_NORTH,9,1257.73,15.0,No,9621.63
509135,2025-02-18,SKU1035,WH_SOUTH,17,1749.54,0.0,No,29742.18
509122,2025-02-18,SKU1017,WH_WEST,6,2741.56,0.0,No,16449.36
509117,2025-02-18,SKU1011,WH_WEST,4,282.38,5.0,No,1073.04
509134,2025-02-18,SKU1033,WH_SOUTH,14,1093.06,0.0,No,15302.84
509121,2025-02-18,SKU1016,WH_NORTH,10,497.81,20.0,No,3982.48
509124,2025-02-18,SKU1019,WH_NORTH,11,1767.95,0.0,No,19447.45
509123,2025-02-18,SKU1018,WH_NORTH,9,2038.19,20.0,No,14674.97
509119,2025-02-18,SKU1013,WH_WEST,8,2835.28,0.0,No,22682.24
509142,2025-02-19,SKU1016,WH_NORTH,10,497.81,0.0,No,4978.1
509148,2025-02-19,SKU1027,WH_WEST,6,194.56,0.0,No,1167.36
509137,2025-02-19,SKU1008,WH_NORTH,2,7387.04,0.0,No,14774.08
509153,2025-02-19,SKU1037,WH_SOUTH,11,2206.93,5.0,No,23062.42
509141,2025-02-19,SKU1015,WH_NORTH,13,808.05,0.0,No,10504.65
509150,2025-02-19,SKU1029,WH_NORTH,13,716.7,0.0,Yes,9317.1
509145,2025-02-19,SKU1023,WH_NORTH,14,1257.73,10.0,Yes,15847.4
509140,2025-02-19,SKU1014,WH_SOUTH,9,1248.44,10.0,No,10112.36
509143,2025-02-19,SKU1018,WH_NORTH,10,2038.19,5.0,No,19362.8
509147,2025-02-19,SKU1026,WH_NORTH,3,994.38,10.0,No,2684.83
509144,2025-02-19,SKU1022,WH_NORTH,11,278.9,5.0,No,2914.5
509151,2025-02-19,SKU1032,WH_NORTH,12,2757.64,0.0,No,33091.68
509155,2025-02-19,SKU1039,WH_WEST,14,222.44,0.0,No,3114.16
509146,2025-02-19,SKU1024,WH_NORTH,7,1822.24,0.0,No,12755.68
509138,2025-02-19,SKU1010,WH_WEST,5,1240.02,15.0,No,5270.08
509154,2025-02-19,SKU1038,WH_NORTH,20,1639.79,0.0,No,32795.8
509152,2025-02-19,SKU1033,WH_WEST,21,1093.06,5.0,No,21806.55
509139,2025-02-19,SKU1012,WH_WEST,12,1433.92,10.0,No,15486.34
509149,2025-02-19,SKU1028,WH_SOUTH,8,716.34,5.0,No,5444.18
509168,2025-02-20,SKU1021,WH_WEST,9,2700.26,0.0,No,24302.34
509179,2025-02-20,SKU1036,WH_WEST,25,2919.38,0.0,Yes,72984.5
509172,2025-02-20,SKU1027,WH_SOUTH,7,194.56,0.0,No,1361.92
509167,2025-02-20,SKU1020,WH_WEST,5,2359.13,0.0,No,11795.65
509173,2025-02-20,SKU1029,WH_NORTH,6,716.7,0.0,No,4300.2
509175,2025-02-20,SKU1031,WH_SOUTH,15,2789.96,0.0,No,41849.4
509164,2025-02-20,SKU1017,WH_NORTH,9,2741.56,0.0,No,24674.04
509174,2025-02-20,SKU1030,WH_SOUTH,28,2402.0,15.0,No,57167.6
509160,2025-02-20,SKU1008,WH_WEST,7,7387.04,0.0,No,51709.28
509170,2025-02-20,SKU1023,WH_NORTH,5,1257.73,10.0,No,5659.78
509165,2025-02-20,SKU1018,WH_NORTH,15,2038.19,0.0,Yes,30572.85
509159,2025-02-20,SKU1005,WH_SOUTH,5,23473.03,0.0,No,117365.15
509178,2025-02-20,SKU1035,WH_SOUTH,17,1749.54,5.0,No,28255.07
509162,2025-02-20,SKU1012,WH_NORTH,9,1433.92,15.0,No,10969.49
509177,2025-02-20,SKU1034,WH_SOUTH,7,2229.38,5.0,No,14825.38
509156,2025-02-20,SKU1000,WH_SOUTH,5,9457.32,10.0,No,42557.94
509166,2025-02-20,SKU1019,WH_WEST,12,1767.95,5.0,No,20154.63
509161,2025-02-20,SKU1011,WH_WEST,13,282.38,10.0,No,3303.85
509171,2025-02-20,SKU1024,WH_NORTH,8,1822.24,15.0,No,12391.23
509176,2025-02-20,SKU1032,WH_SOUTH,14,2757.64,0.0,No,38606.96
509169,2025-02-20,SKU1022,WH_WEST,9,278.9,5.0,No,2384.59
509158,2025-02-20,SKU1004,WH_WEST,3,661.52,0.0,No,1984.56
509157,2025-02-20,SKU1002,WH_SOUTH,5,4026.46,20.0,No,16105.84
509163,2025-02-20,SKU1015,WH_WEST,6,808.05,15.0,No,4121.05
509194,2025-02-21,SKU1027,WH_NORTH,6,194.56,15.0,No,992.26
509200,2025-02-21,SKU1036,WH_SOUTH,17,2919.38,10.0,No,44666.51
509191,2025-02-21,SKU1021,WH_SOUTH,8,2700.26,0.0,No,21602.08
509197,2025-02-21,SKU1030,WH_WEST,27,2402.0,10.0,No,58368.6
509184,2025-02-21,SKU1008,WH_SOUTH,6,7387.04,15.0,No,37673.9
509187,2025-02-21,SKU1015,WH_NORTH,10,808.05,10.0,No,7272.45
509195,2025-02-21,SKU1028,WH_NORTH,6,716.34,10.0,Yes,3868.24
509201,2025-02-21,SKU1037,WH_SOUTH,24,2206.93,0.0,No,52966.32
509193,2025-02-21,SKU1026,WH_SOUTH,9,994.38,5.0,No,8501.95
509183,2025-02-21,SKU1007,WH_NORTH,4,13190.2,0.0,No,52760.8
509199,2025-02-21,SKU1034,WH_WEST,18,2229.38,5.0,No,38122.4
509198,2025-02-21,SKU1033,WH_SOUTH,18,1093.06,0.0,No,19675.08
509182,2025-02-21,SKU1006,WH_NORTH,5,4707.6,0.0,No,23538.0
509188,2025-02-21,SKU1016,WH_WEST,14,497.81,5.0,No,6620.87
509185,2025-02-21,SKU1010,WH_SOUTH,10,1240.02,10.0,No,11160.18
509186,2025-02-21,SKU1012,WH_WEST,11,1433.92,10.0,Yes,14195.81
509180,2025-02-21,SKU1003,WH_NORTH,5,21674.48,15.0,No,92116.54
509189,2025-02-21,SKU1019,WH_WEST,8,1767.95,10.0,No,12729.24
509202,2025-02-21,SKU1038,WH_NORTH,20,1639.79,0.0,No,32795.8
509192,2025-02-21,SKU1024,WH_WEST,6,1822.24,0.0,No,10933.44
509190,2025-02-21,SKU1020,WH_WEST,7,2359.13,10.0,No,14862.52
509196,2025-02-21,SKU1029,WH_SOUTH,5,716.7,0.0,No,3583.5
509181,2025-02-21,SKU1005,WH_WEST,6,23473.03,10.0,No,126754.36
509203,2025-02-21,SKU1039,WH_WEST,18,222.44,0.0,No,4003.92
509207,2025-02-22,SKU1016,WH_WEST,10,497.81,0.0,No,4978.1
509215,2025-02-22,SKU1032,WH_WEST,32,2757.64,10.0,No,79420.03
509208,2025-02-22,SKU1017,WH_WEST,13,2741.56,20.0,No,28512.22
509218,2025-02-22,SKU1038,WH_NORTH,29,1639.79,0.0,No,47553.91
509204,2025-02-22,SKU1006,WH_WEST,7,4707.6,15.0,No,28010.22
509211,2025-02-22,SKU1025,WH_NORTH,12,1880.05,0.0,No,22560.6
509210,2025-02-22,SKU1022,WH_NORTH,10,278.9,0.0,No,2789.0
509212,2025-02-22,SKU1026,WH_SOUTH,16,994.38,0.0,Yes,15910.08
509205,2025-02-22,SKU1008,WH_SOUTH,6,7387.04,0.0,No,44322.24
509219,2025-02-22,SKU1039,WH_WEST,30,222.44,0.0,No,6673.2
509214,2025-02-22,SKU1028,WH_NORTH,8,716.34,0.0,No,5730.72
509209,2025-02-22,SKU1021,WH_SOUTH,13,2700.26,5.0,No,33348.21
509216,2025-02-22,SKU1036,WH_NORTH,30,2919.38,0.0,No,87581.4
509206,2025-02-22,SKU1011,WH_WEST,12,282.38,0.0,No,3388.56
509213,2025-02-22,SKU1027,WH_WEST,9,194.56,0.0,No,1751.04
509217,2025-02-22,SKU1037,WH_NORTH,19,2206.93,5.0,No,39835.09
509239,2025-02-23,SKU1038,WH_NORTH,14,1639.79,0.0,No,22957.06
509221,2025-02-23,SKU1003,WH_WEST,6,21674.48,10.0,No,117042.19
509234,2025-02-23,SKU1029,WH_WEST,7,716.7,0.0,No,5016.9
509237,2025-02-23,SKU1034,WH_SOUTH,28,2229.38,0.0,No,62422.64
509235,2025-02-23,SKU1030,WH_SOUTH,19,2402.0,20.0,No,36510.4
509232,2025-02-23,SKU1027,WH_SOUTH,9,194.56,15.0,No,1488.38
509220,2025-02-23,SKU1000,WH_SOUTH,8,9457.32,0.0,No,75658.56
509223,2025-02-23,SKU1006,WH_SOUTH,4,4707.6,0.0,No,18830.4
509238,2025-02-23,SKU1037,WH_SOUTH,30,2206.93,15.0,Yes,56276.72
509236,2025-02-23,SKU1031,WH_SOUTH,28,2789.96,10.0,No,70306.99
509222,2025-02-23,SKU1004,WH_SOUTH,5,661.52,0.0,No,3307.6
509240,2025-02-23,SKU1039,WH_NORTH,29,222.44,0.0,No,6450.76
509227,2025-02-23,SKU1018,WH_SOUTH,11,2038.19,0.0,No,22420.09
509224,2025-02-23,SKU1008,WH_NORTH,6,7387.04,10.0,No,39890.02
509225,2025-02-23,SKU1013,WH_SOUTH,14,2835.28,15.0,No,33739.83
509226,2025-02-23,SKU1014,WH_WEST,12,1248.44,5.0,No,14232.22
509228,2025-02-23,SKU1020,WH_NORTH,9,2359.13,0.0,No,21232.17
509229,2025-02-23,SKU1021,WH_WEST,6,2700.26,15.0,No,13771.33
509233,2025-02-23,SKU1028,WH_NORTH,9,716.34,15.0,No,5480.0
509231,2025-02-23,SKU1025,WH_NORTH,9,1880.05,0.0,No,16920.45
509230,2025-02-23,SKU1024,WH_WEST,12,1822.24,0.0,No,21866.88
509257,2025-02-24,SKU1029,WH_SOUTH,8,716.7,5.0,No,5446.92
509248,2025-02-24,SKU1010,WH_NORTH,9,1240.02,15.0,No,9486.15
509246,2025-02-24,SKU1007,WH_SOUTH,7,13190.2,0.0,No,92331.4
509245,2025-02-24,SKU1005,WH_WEST,6,23473.03,5.0,No,133796.27
509243,2025-02-24,SKU1003,WH_SOUTH,6,21674.48,0.0,No,130046.88
509255,2025-02-24,SKU1023,WH_WEST,6,1257.73,0.0,No,7546.38
509259,2025-02-24,SKU1032,WH_WEST,10,2757.64,10.0,No,24818.76
509254,2025-02-24,SKU1021,WH_SOUTH,9,2700.26,5.0,No,23087.22
509249,2025-02-24,SKU1013,WH_SOUTH,7,2835.28,0.0,No,19846.96
509263,2025-02-24,SKU1037,WH_WEST,19,2206.93,0.0,No,41931.67
509252,2025-02-24,SKU1019,WH_NORTH,9,1767.95,5.0,No,15115.97
509253,2025-02-24,SKU1020,WH_WEST,8,2359.13,10.0,No,16985.74
509241,2025-02-24,SKU1001,WH_NORTH,9,19525.32,0.0,Yes,175727.88
509261,2025-02-24,SKU1034,WH_SOUTH,19,2229.38,0.0,No,42358.22
509244,2025-02-24,SKU1004,WH_WEST,6,661.52,0.0,No,3969.12
509260,2025-02-24,SKU1033,WH_WEST,20,1093.06,0.0,No,21861.2
509251,2025-02-24,SKU1017,WH_WEST,3,2741.56,10.0,No,7402.21
509256,2025-02-24,SKU1025,WH_NORTH,6,1880.05,0.0,No,11280.3
509250,2025-02-24,SKU1015,WH_WEST,10,808.05,20.0,No,6464.4
509264,2025-02-24,SKU1038,WH_SOUTH,9,1639.79,0.0,No,14758.11
509247,2025-02-24,SKU1008,WH_WEST,2,7387.04,0.0,No,14774.08
509242,2025-02-24,SKU1002,WH_WEST,3,4026.46,5.0,No,11475.41
509258,2025-02-24,SKU1031,WH_SOUTH,21,2789.96,10.0,Yes,52730.24
509265,2025-02-24,SKU1039,WH_WEST,19,222.44,0.0,No,4226.36
509262,2025-02-24,SKU1035,WH_SOUTH,18,1749.54,0.0,No,31491.72
509281,2025-02-25,SKU1022,WH_NORTH,16,278.9,0.0,Yes,4462.4
509276,2025-02-25,SKU1017,WH_SOUTH,11,2741.56,5.0,No,28649.3
509289,2025-02-25,SKU1033,WH_NORTH,18,1093.06,0.0,No,19675.08
509290,2025-02-25,SKU1035,WH_SOUTH,20,1749.54,5.0,No,33241.26
509279,2025-02-25,SKU1020,WH_WEST,10,2359.13,0.0,No,23591.3
509267,2025-02-25,SKU1003,WH_NORTH,6,21674.48,0.0,No,130046.88
509275,2025-02-25,SKU1016,WH_WEST,11,497.81,0.0,No,5475.91
509271,2025-02-25,SKU1009,WH_NORTH,4,1309.64,20.0,No,4190.85
509283,2025-02-25,SKU1024,WH_NORTH,9,1822.24,0.0,No,16400.16
509280,2025-02-25,SKU1021,WH_SOUTH,7,2700.26,0.0,No,18901.82
509291,2025-02-25,SKU1036,WH_WEST,15,2919.38,15.0,No,37222.1
509270,2025-02-25,SKU1008,WH_NORTH,5,7387.04,0.0,No,36935.2
509278,2025-02-25,SKU1019,WH_SOUTH,12,1767.95,0.0,No,21215.4
509274,2025-02-25,SKU1013,WH_NORTH,10,2835.28,0.0,No,28352.8
509288,2025-02-25,SKU1031,WH_NORTH,22,2789.96,10.0,No,55241.21
509273,2025-02-25,SKU1011,WH_NORTH,8,282.38,0.0,No,2259.04
509285,2025-02-25,SKU1028,WH_WEST,10,716.34,0.0,No,7163.4
509266,2025-02-25,SKU1002,WH_SOUTH,3,4026.46,5.0,No,11475.41
509272,2025-02-25,SKU1010,WH_WEST,5,1240.02,5.0,No,5890.1
509286,2025-02-25,SKU1029,WH_NORTH,16,716.7,0.0,Yes,11467.2
509269,2025-02-25,SKU1007,WH_NORTH,4,13190.2,10.0,No,47484.72
509277,2025-02-25,SKU1018,WH_WEST,15,2038.19,15.0,Yes,25986.92
509282,2025-02-25,SKU1023,WH_WEST,13,1257.73,0.0,Yes,16350.49
509284,2025-02-25,SKU1026,WH_SOUTH,7,994.38,0.0,No,6960.66
509268,2025-02-25,SKU1005,WH_WEST,4,23473.03,15.0,No,79808.3
509287,2025-02-25,SKU1030,WH_SOUTH,12,2402.0,10.0,Yes,25941.6
509293,2025-02-26,SKU1001,WH_WEST,8,19525.32,5.0,Yes,148392.43
509295,2025-02-26,SKU1005,WH_SOUTH,4,23473.03,20.0,No,75113.7
509300,2025-02-26,SKU1017,WH_SOUTH,5,2741.56,0.0,No,13707.8
509292,2025-02-26,SKU1000,WH_NORTH,6,9457.32,0.0,No,56743.92
509306,2025-02-26,SKU1031,WH_NORTH,23,2789.96,5.0,No,60960.63
509297,2025-02-26,SKU1012,WH_NORTH,10,1433.92,10.0,No,12905.28
509305,2025-02-26,SKU1028,WH_NORTH,6,716.34,0.0,No,4298.04
509303,2025-02-26,SKU1023,WH_SOUTH,8,1257.73,15.0,No,8552.56
509307,2025-02-26,SKU1036,WH_NORTH,18,2919.38,5.0,No,49921.4
509294,2025-02-26,SKU1003,WH_NORTH,4,21674.48,10.0,No,78028.13
509302,2025-02-26,SKU1020,WH_SOUTH,5,2359.13,0.0,No,11795.65
509299,2025-02-26,SKU1016,WH_SOUTH,11,497.81,0.0,No,5475.91
509298,2025-02-26,SKU1015,WH_SOUTH,20,808.05,0.0,No,16565.02
509301,2025-02-26,SKU1019,WH_NORTH,10,1767.95,0.0,No,17679.5
509296,2025-02-26,SKU1007,WH_SOUTH,4,13190.2,0.0,No,52760.8
509304,2025-02-26,SKU1024,WH_SOUTH,7,1822.24,5.0,No,12117.9
509308,2025-02-27,SKU1004,WH_SOUTH,5,661.52,5.0,No,3142.22
509312,2025-02-27,SKU1012,WH_NORTH,8,1433.92,15.0,No,9750.66
509315,2025-02-27,SKU1016,WH_SOUTH,16,497.81,10.0,No,7168.46
509317,2025-02-27,SKU1020,WH_SOUTH,14,2359.13,10.0,Yes,29725.04
509324,2025-02-27,SKU1039,WH_WEST,17,222.44,15.0,No,3214.26
509311,2025-02-27,SKU1010,WH_SOUTH,12,1240.02,20.0,No,11904.19
509322,2025-02-27,SKU1032,WH_WEST,14,2757.64,10.0,No,34746.26
509310,2025-02-27,SKU1009,WH_SOUTH,4,1309.64,5.0,No,4976.63
509313,2025-02-27,SKU1014,WH_SOUTH,8,1248.44,0.0,No,9987.52
509320,2025-02-27,SKU1027,WH_WEST,6,194.56,0.0,No,1167.36
509318,2025-02-27,SKU1021,WH_SOUTH,6,2700.26,5.0,No,15391.48
509316,2025-02-27,SKU1019,WH_SOUTH,9,1767.95,0.0,No,15911.55
509314,2025-02-27,SKU1015,WH_WEST,10,808.05,15.0,No,6868.42
509309,2025-02-27,SKU1006,WH_NORTH,3,4707.6,5.0,No,13416.66
509321,2025-02-27,SKU1029,WH_SOUTH,7,716.7,0.0,No,5016.9
509319,2025-02-27,SKU1026,WH_SOUTH,10,994.38,5.0,No,9446.61
509323,2025-02-27,SKU1033,WH_NORTH,19,1093.06,15.0,Yes,17652.92
509349,2025-02-28,SKU1032,WH_SOUTH,15,2757.64,0.0,No,41364.6
509348,2025-02-28,SKU1031,WH_SOUTH,18,2789.96,0.0,No,50219.28
509351,2025-02-28,SKU1034,WH_WEST,11,2229.38,0.0,No,24523.18
509330,2025-02-28,SKU1006,WH_WEST,6,4707.6,0.0,Yes,28245.6
509343,2025-02-28,SKU1023,WH_SOUTH,6,1257.73,0.0,No,7546.38
509334,2025-02-28,SKU1011,WH_NORTH,9,282.38,15.0,No,2160.21
509335,2025-02-28,SKU1012,WH_SOUTH,8,1433.92,0.0,No,11471.36
509329,2025-02-28,SKU1005,WH_NORTH,4,23473.03,0.0,No,93892.12
509331,2025-02-28,SKU1007,WH_WEST,6,13190.2,0.0,No,79141.2
509342,2025-02-28,SKU1021,WH_SOUTH,6,2700.26,20.0,No,12961.25
509333,2025-02-28,SKU1010,WH_WEST,8,1240.02,0.0,No,9920.16
509326,2025-02-28,SKU1002,WH_NORTH,6,4026.46,0.0,No,24158.76
509325,2025-02-28,SKU1001,WH_WEST,7,19525.32,0.0,No,136677.24
509336,2025-02-28,SKU1013,WH_NORTH,11,2835.28,10.0,No,28069.27
509347,2025-02-28,SKU1029,WH_WEST,8,716.7,10.0,No,5160.24
509344,2025-02-28,SKU1024,WH_NORTH,13,1822.24,10.0,Yes,21320.21
509328,2025-02-28,SKU1004,WH_NORTH,7,661.52,0.0,Yes,4630.64
509332,2025-02-28,SKU1008,WH_NORTH,3,7387.04,0.0,No,22161.12
509345,2025-02-28,SKU1027,WH_WEST,14,194.56,0.0,Yes,2723.84
509337,2025-02-28,SKU1014,WH_WEST,19,1248.44,0.0,Yes,23720.36
509350,2025-02-28,SKU1033,WH_SOUTH,26,1093.06,5.0,No,26998.58
509341,2025-02-28,SKU1019,WH_NORTH,10,1767.95,0.0,No,17679.5
509346,2025-02-28,SKU1028,WH_NORTH,12,716.34,5.0,Yes,8166.28
509339,2025-02-28,SKU1017,WH_SOUTH,9,2741.56,0.0,No,24674.04
509338,2025-02-28,SKU1016,WH_WEST,12,497.81,10.0,No,5376.35
509352,2025-02-28,SKU1038,WH_WEST,25,1639.79,0.0,No,40994.75
509340,2025-02-28,SKU1018,WH_WEST,8,2038.19,0.0,No,16305.52
509327,2025-02-28,SKU1003,WH_NORTH,5,21674.48,0.0,No,108372.4
509367,2025-03-01,SKU1027,WH_NORTH,9,194.56,0.0,No,1751.04
509358,2025-03-01,SKU1010,WH_WEST,10,1240.02,0.0,No,12400.2
509355,2025-03-01,SKU1003,WH_SOUTH,3,21674.48,0.0,No,65023.44
509366,2025-03-01,SKU1025,WH_SOUTH,11,1880.05,5.0,No,19646.52
509360,2025-03-01,SKU1013,WH_SOUTH,16,2835.28,5.0,No,43096.26
509372,2025-03-01,SKU1039,WH_WEST,10,222.44,0.0,No,2224.4
509365,2025-03-01,SKU1022,WH_SOUTH,8,278.9,0.0,No,2231.2
509362,2025-03-01,SKU1018,WH_NORTH,11,2038.19,15.0,No,19057.08
509370,2025-03-01,SKU1031,WH_WEST,14,2789.96,0.0,No,39059.44
509369,2025-03-01,SKU1030,WH_WEST,21,2402.0,0.0,No,50442.0
509361,2025-03-01,SKU1014,WH_NORTH,20,1248.44,10.0,Yes,23033.72
509363,2025-03-01,SKU1019,WH_SOUTH,17,1767.95,0.0,No,30055.15
509359,2025-03-01,SKU1012,WH_NORTH,12,1433.92,0.0,No,17207.04
509364,2025-03-01,SKU1021,WH_WEST,10,2700.26,0.0,No,27002.6
509371,2025-03-01,SKU1036,WH_WEST,30,2919.38,0.0,No,87581.4
509368,2025-03-01,SKU1029,WH_WEST,10,716.7,20.0,No,5733.6
509353,2025-03-01,SKU1000,WH_SOUTH,4,9457.32,20.0,No,30263.42
509354,2025-03-01,SKU1002,WH_SOUTH,5,4026.46,15.0,No,17112.45
509356,2025-03-01,SKU1007,WH_NORTH,6,13190.2,15.0,No,67270.02
509357,2025-03-01,SKU1009,WH_NORTH,6,1309.64,20.0,No,6286.27
509391,2025-03-02,SKU1029,WH_SOUTH,12,716.7,0.0,Yes,8600.4
509383,2025-03-02,SKU1015,WH_NORTH,11,808.05,15.0,No,7555.27
509394,2025-03-02,SKU1033,WH_WEST,27,1093.06,0.0,No,29512.62
509373,2025-03-02,SKU1000,WH_WEST,5,9457.32,20.0,No,37829.28
509374,2025-03-02,SKU1002,WH_SOUTH,4,4026.46,0.0,No,16105.84
509377,2025-03-02,SKU1005,WH_WEST,7,23473.03,10.0,Yes,147880.09
509386,2025-03-02,SKU1020,WH_WEST,4,2359.13,15.0,No,8021.04
509393,2025-03-02,SKU1031,WH_NORTH,22,2789.96,0.0,No,61379.12
509389,2025-03-02,SKU1027,WH_NORTH,11,194.56,0.0,No,2140.16
509380,2025-03-02,SKU1008,WH_WEST,9,7387.04,0.0,Yes,66483.36
509382,2025-03-02,SKU1014,WH_WEST,15,1248.44,0.0,No,18726.6
509379,2025-03-02,SKU1007,WH_SOUTH,6,13190.2,20.0,No,63312.96
509376,2025-03-02,SKU1004,WH_NORTH,6,661.52,5.0,No,3770.66
509378,2025-03-02,SKU1006,WH_WEST,8,4707.6,0.0,No,37660.8
509385,2025-03-02,SKU1018,WH_SOUTH,12,2038.19,0.0,No,24458.28
509384,2025-03-02,SKU1017,WH_WEST,14,2741.56,10.0,No,34543.66
509392,2025-03-02,SKU1030,WH_WEST,24,2402.0,5.0,No,54765.6
509387,2025-03-02,SKU1023,WH_SOUTH,6,1257.73,5.0,No,7169.06
509390,2025-03-02,SKU1028,WH_SOUTH,11,716.34,0.0,No,7879.74
509381,2025-03-02,SKU1013,WH_WEST,13,2835.28,10.0,No,33172.78
509375,2025-03-02,SKU1003,WH_SOUTH,8,21674.48,10.0,No,156056.26
509388,2025-03-02,SKU1024,WH_NORTH,11,1822.24,0.0,No,20044.64
509407,2025-03-03,SKU1027,WH_NORTH,8,194.56,0.0,Yes,1556.48
509411,2025-03-03,SKU1035,WH_NORTH,21,1749.54,10.0,Yes,33066.31
509396,2025-03-03,SKU1001,WH_WEST,5,19525.32,0.0,No,97626.6
509413,2025-03-03,SKU1039,WH_WEST,17,222.44,0.0,No,3781.48
509399,2025-03-03,SKU1007,WH_NORTH,5,13190.2,15.0,Yes,56058.35
509412,2025-03-03,SKU1037,WH_WEST,14,2206.93,15.0,No,26262.47
509405,2025-03-03,SKU1020,WH_WEST,10,2359.13,0.0,Yes,23591.3
509403,2025-03-03,SKU1012,WH_SOUTH,10,1433.92,0.0,No,14339.2
509397,2025-03-03,SKU1002,WH_SOUTH,4,4026.46,20.0,No,12884.67
509409,2025-03-03,SKU1032,WH_NORTH,18,2757.64,0.0,Yes,49637.52
509406,2025-03-03,SKU1024,WH_WEST,8,1822.24,0.0,No,14577.92
509395,2025-03-03,SKU1000,WH_NORTH,5,9457.32,5.0,No,44922.27
509401,2025-03-03,SKU1009,WH_WEST,4,1309.64,5.0,Yes,4976.63
509408,2025-03-03,SKU1029,WH_NORTH,3,716.7,0.0,No,2150.1
509410,2025-03-03,SKU1034,WH_SOUTH,16,2229.38,15.0,No,30319.57
509404,2025-03-03,SKU1013,WH_WEST,14,2835.28,10.0,Yes,35724.53
509400,2025-03-03,SKU1008,WH_NORTH,3,7387.04,0.0,No,22161.12
509402,2025-03-03,SKU1011,WH_WEST,9,282.38,0.0,No,2541.42
509398,2025-03-03,SKU1003,WH_WEST,7,21674.48,0.0,No,151721.36
509419,2025-03-04,SKU1012,WH_SOUTH,18,1433.92,0.0,Yes,25810.56
509424,2025-03-04,SKU1022,WH_NORTH,7,278.9,5.0,No,1854.68
509432,2025-03-04,SKU1038,WH_SOUTH,10,1639.79,15.0,No,13938.22
509421,2025-03-04,SKU1016,WH_NORTH,10,497.81,10.0,No,4480.29
509431,2025-03-04,SKU1035,WH_NORTH,19,1749.54,20.0,No,26593.01
509425,2025-03-04,SKU1023,WH_NORTH,8,1257.73,0.0,No,10061.84
509417,2025-03-04,SKU1005,WH_WEST,6,23473.03,0.0,No,140838.18
509428,2025-03-04,SKU1028,WH_SOUTH,7,716.34,15.0,No,4262.22
509422,2025-03-04,SKU1019,WH_SOUTH,11,1767.95,0.0,Yes,19447.45
509427,2025-03-04,SKU1026,WH_NORTH,10,994.38,15.0,No,8452.23
509418,2025-03-04,SKU1008,WH_NORTH,5,7387.04,5.0,No,35088.44
509426,2025-03-04,SKU1025,WH_NORTH,9,1880.05,0.0,No,16920.45
509415,2025-03-04,SKU1003,WH_NORTH,4,21674.48,0.0,No,86697.92
509420,2025-03-04,SKU1014,WH_WEST,10,1248.44,15.0,No,10611.74
509416,2025-03-04,SKU1004,WH_WEST,5,661.52,5.0,No,3142.22
509429,2025-03-04,SKU1030,WH_SOUTH,27,2402.0,0.0,No,64854.0
509414,2025-03-04,SKU1002,WH_SOUTH,4,4026.46,20.0,No,12884.67
509430,2025-03-04,SKU1032,WH_WEST,14,2757.64,0.0,No,38606.96
509423,2025-03-04,SKU1020,WH_NORTH,8,2359.13,0.0,No,18873.04
509446,2025-03-05,SKU1035,WH_SOUTH,20,1749.54,5.0,No,33241.26
509448,2025-03-05,SKU1038,WH_NORTH,11,1639.79,5.0,No,17135.81
509441,2025-03-05,SKU1025,WH_SOUTH,11,1880.05,0.0,No,20680.55
509439,2025-03-05,SKU1022,WH_WEST,14,278.9,10.0,Yes,3514.14
509434,2025-03-05,SKU1004,WH_NORTH,8,661.52,0.0,Yes,5292.16
509433,2025-03-05,SKU1000,WH_NORTH,6,9457.32,10.0,No,51069.53
509447,2025-03-05,SKU1037,WH_WEST,15,2206.93,10.0,No,29793.55
509442,2025-03-05,SKU1026,WH_WEST,9,994.38,0.0,No,8949.42
509436,2025-03-05,SKU1007,WH_SOUTH,4,13190.2,0.0,No,52760.8
509438,2025-03-05,SKU1018,WH_WEST,13,2038.19,0.0,No,26496.47
509435,2025-03-05,SKU1005,WH_SOUTH,4,23473.03,0.0,No,93892.12
509443,2025-03-05,SKU1028,WH_WEST,5,716.34,0.0,No,3581.7
509440,2025-03-05,SKU1023,WH_SOUTH,6,1257.73,0.0,No,7546.38
509444,2025-03-05,SKU1030,WH_SOUTH,15,2402.0,5.0,No,34228.5
509445,2025-03-05,SKU1034,WH_SOUTH,15,2229.38,0.0,No,33440.7
509437,2025-03-05,SKU1010,WH_SOUTH,6,1240.02,0.0,No,7440.12
509462,2025-03-06,SKU1023,WH_WEST,8,1257.73,15.0,No,8552.56
509454,2025-03-06,SKU1008,WH_WEST,5,7387.04,0.0,No,36935.2
509467,2025-03-06,SKU1032,WH_NORTH,20,2757.64,0.0,No,55152.8
509452,2025-03-06,SKU1006,WH_NORTH,3,4707.6,0.0,No,14122.8
509461,2025-03-06,SKU1021,WH_WEST,7,2700.26,0.0,No,18901.82
509453,2025-03-06,SKU1007,WH_WEST,6,13190.2,15.0,No,67270.02
509456,2025-03-06,SKU1014,WH_NORTH,10,1248.44,15.0,No,10611.74
509472,2025-03-06,SKU1039,WH_WEST,15,222.44,15.0,No,2836.11
509469,2025-03-06,SKU1035,WH_NORTH,24,1749.54,5.0,No,39889.51
509464,2025-03-06,SKU1025,WH_SOUTH,10,1880.05,15.0,No,15980.42
509465,2025-03-06,SKU1027,WH_NORTH,10,194.56,10.0,No,1751.04
509468,2025-03-06,SKU1033,WH_WEST,11,1093.06,0.0,No,12023.66
509450,2025-03-06,SKU1001,WH_WEST,4,19525.32,0.0,No,78101.28
509458,2025-03-06,SKU1017,WH_WEST,10,2741.56,10.0,No,24674.04
509466,2025-03-06,SKU1028,WH_WEST,11,716.34,10.0,No,7091.77
509470,2025-03-06,SKU1037,WH_WEST,10,2206.93,0.0,No,22069.3
509451,2025-03-06,SKU1005,WH_NORTH,5,23473.03,10.0,No,105628.64
509471,2025-03-06,SKU1038,WH_WEST,23,1639.79,10.0,No,33943.65
509457,2025-03-06,SKU1016,WH_SOUTH,6,497.81,0.0,No,2986.86
509459,2025-03-06,SKU1018,WH_WEST,8,2038.19,0.0,No,16305.52
509455,2025-03-06,SKU1010,WH_WEST,13,1240.02,10.0,No,14508.23
509463,2025-03-06,SKU1024,WH_NORTH,6,1822.24,0.0,No,10933.44
509449,2025-03-06,SKU1000,WH_SOUTH,6,9457.32,5.0,No,53906.72
509460,2025-03-06,SKU1020,WH_SOUTH,8,2359.13,5.0,No,17929.39
509479,2025-03-07,SKU1010,WH_NORTH,4,1240.02,10.0,No,4464.07
509480,2025-03-07,SKU1012,WH_WEST,8,1433.92,0.0,No,11471.36
509493,2025-03-07,SKU1036,WH_NORTH,13,2919.38,0.0,No,37951.94
509482,2025-03-07,SKU1016,WH_WEST,8,497.81,0.0,No,3982.48
509473,2025-03-07,SKU1000,WH_SOUTH,4,9457.32,0.0,No,37829.28
509486,2025-03-07,SKU1025,WH_SOUTH,7,1880.05,10.0,No,11844.32
509490,2025-03-07,SKU1033,WH_WEST,21,1093.06,20.0,No,18363.41
509483,2025-03-07,SKU1020,WH_NORTH,8,2359.13,0.0,No,18873.04
509485,2025-03-07,SKU1023,WH_WEST,9,1257.73,0.0,Yes,11319.57
509491,2025-03-07,SKU1034,WH_SOUTH,22,2229.38,5.0,No,46594.04
509487,2025-03-07,SKU1029,WH_SOUTH,6,716.7,10.0,No,3870.18
509484,2025-03-07,SKU1021,WH_WEST,9,2700.26,10.0,No,21872.11
509492,2025-03-07,SKU1035,WH_WEST,26,1749.54,0.0,No,45488.04
509477,2025-03-07,SKU1007,WH_WEST,4,13190.2,0.0,No,52760.8
509475,2025-03-07,SKU1004,WH_NORTH,5,661.52,0.0,No,3307.6
509478,2025-03-07,SKU1009,WH_WEST,3,1309.64,0.0,No,3928.92
509489,2025-03-07,SKU1032,WH_WEST,9,2757.64,0.0,No,24818.76
509494,2025-03-07,SKU1038,WH_SOUTH,18,1639.79,0.0,No,29516.22
509476,2025-03-07,SKU1006,WH_SOUTH,5,4707.6,15.0,No,20007.3
509488,2025-03-07,SKU1030,WH_WEST,33,2402.0,0.0,Yes,79266.0
509474,2025-03-07,SKU1001,WH_NORTH,7,19525.32,0.0,No,136677.24
509481,2025-03-07,SKU1013,WH_SOUTH,7,2835.28,5.0,No,18854.61
509514,2025-03-08,SKU1029,WH_SOUTH,9,716.7,0.0,No,6450.3
509501,2025-03-08,SKU1007,WH_SOUTH,6,13190.2,0.0,No,79141.2
509509,2025-03-08,SKU1020,WH_NORTH,10,2359.13,0.0,No,23591.3
509521,2025-03-08,SKU1039,WH_NORTH,20,222.44,0.0,No,4448.8
509497,2025-03-08,SKU1003,WH_NORTH,6,21674.48,0.0,No,130046.88
509499,2025-03-08,SKU1005,WH_SOUTH,9,23473.03,0.0,Yes,211257.27
509496,2025-03-08,SKU1002,WH_WEST,6,4026.46,0.0,No,24158.76
509517,2025-03-08,SKU1033,WH_WEST,28,1093.06,10.0,No,27545.11
509513,2025-03-08,SKU1028,WH_SOUTH,3,716.34,0.0,No,2149.02
509504,2025-03-08,SKU1012,WH_SOUTH,11,1433.92,5.0,No,14984.46
509502,2025-03-08,SKU1009,WH_WEST,9,1309.64,0.0,Yes,11786.76
509505,2025-03-08,SKU1013,WH_NORTH,14,2835.28,0.0,No,39693.92
509500,2025-03-08,SKU1006,WH_SOUTH,9,4707.6,5.0,Yes,40249.98
509518,2025-03-08,SKU1034,WH_NORTH,12,2229.38,5.0,No,25414.93
509520,2025-03-08,SKU1037,WH_SOUTH,23,2206.93,0.0,No,50759.39
509519,2025-03-08,SKU1036,WH_SOUTH,27,2919.38,0.0,No,78823.26
509508,2025-03-08,SKU1019,WH_NORTH,10,1767.95,0.0,No,17679.5
509507,2025-03-08,SKU1016,WH_NORTH,8,497.81,0.0,No,3982.48
509516,2025-03-08,SKU1032,WH_WEST,15,2757.64,0.0,No,41364.6
509511,2025-03-08,SKU1025,WH_NORTH,7,1880.05,0.0,No,13160.35
509512,2025-03-08,SKU1027,WH_WEST,10,194.56,20.0,No,1556.48
509495,2025-03-08,SKU1000,WH_WEST,8,9457.32,0.0,No,75658.56
509510,2025-03-08,SKU1023,WH_NORTH,5,1257.73,0.0,No,6288.65
509498,2025-03-08,SKU1004,WH_SOUTH,7,661.52,0.0,No,4630.64
509515,2025-03-08,SKU1031,WH_NORTH,38,2789.96,0.0,Yes,107413.46
509506,2025-03-08,SKU1014,WH_NORTH,15,1248.44,10.0,No,16853.94
509503,2025-03-08,SKU1011,WH_NORTH,8,282.38,0.0,No,2259.04
509522,2025-03-09,SKU1001,WH_WEST,6,19525.32,0.0,No,117151.92
509527,2025-03-09,SKU1015,WH_WEST,14,808.05,15.0,No,9615.79
509526,2025-03-09,SKU1012,WH_NORTH,16,1433.92,0.0,No,22942.72
509523,2025-03-09,SKU1002,WH_SOUTH,6,4026.46,0.0,No,24158.76
509530,2025-03-09,SKU1018,WH_WEST,9,2038.19,0.0,No,18343.71
509533,2025-03-09,SKU1026,WH_SOUTH,11,994.38,0.0,No,10938.18
509536,2025-03-09,SKU1033,WH_WEST,38,1093.06,0.0,Yes,42082.81
509539,2025-03-09,SKU1037,WH_SOUTH,38,2206.93,10.0,Yes,76470.12
509531,2025-03-09,SKU1019,WH_WEST,15,1767.95,5.0,Yes,25193.29
509537,2025-03-09,SKU1034,WH_WEST,29,2229.38,0.0,Yes,64652.02
509524,2025-03-09,SKU1003,WH_SOUTH,6,21674.48,10.0,No,117042.19
509535,2025-03-09,SKU1029,WH_WEST,10,716.7,5.0,No,6808.65
509532,2025-03-09,SKU1022,WH_WEST,7,278.9,10.0,No,1757.07
509540,2025-03-09,SKU1038,WH_SOUTH,28,1639.79,10.0,No,41322.71
509538,2025-03-09,SKU1035,WH_WEST,21,1749.54,5.0,No,34903.32
509525,2025-03-09,SKU1008,WH_SOUTH,6,7387.04,10.0,No,39890.02
509534,2025-03-09,SKU1027,WH_WEST,14,194.56,0.0,Yes,2723.84
509528,2025-03-09,SKU1016,WH_NORTH,20,497.81,0.0,No,9956.2
509529,2025-03-09,SKU1017,WH_SOUTH,16,2741.56,15.0,No,37285.22
509566,2025-03-10,SKU1036,WH_WEST,13,2919.38,15.0,No,32259.15
509557,2025-03-10,SKU1026,WH_NORTH,8,994.38,10.0,No,7159.54
509548,2025-03-10,SKU1009,WH_SOUTH,4,1309.64,10.0,No,4714.7
509547,2025-03-10,SKU1008,WH_NORTH,5,7387.04,5.0,No,35088.44
509560,2025-03-10,SKU1029,WH_NORTH,9,716.7,10.0,No,5805.27
509545,2025-03-10,SKU1006,WH_SOUTH,4,4707.6,0.0,No,18830.4
509554,2025-03-10,SKU1020,WH_WEST,7,2359.13,5.0,No,15688.21
509553,2025-03-10,SKU1019,WH_NORTH,16,1767.95,0.0,Yes,28287.2
509558,2025-03-10,SKU1027,WH_SOUTH,8,194.56,0.0,No,1556.48
509562,2025-03-10,SKU1031,WH_WEST,23,2789.96,0.0,No,64169.08
509555,2025-03-10,SKU1024,WH_WEST,10,1822.24,10.0,No,16400.16
509565,2025-03-10,SKU1035,WH_NORTH,28,1749.54,0.0,No,48987.12
509567,2025-03-10,SKU1038,WH_WEST,18,1639.79,20.0,No,23612.98
509550,2025-03-10,SKU1014,WH_NORTH,9,1248.44,20.0,No,8988.77
509541,2025-03-10,SKU1000,WH_WEST,6,9457.32,5.0,No,53906.72
509559,2025-03-10,SKU1028,WH_SOUTH,9,716.34,15.0,No,5480.0
509556,2025-03-10,SKU1025,WH_WEST,7,1880.05,5.0,No,12502.33
509552,2025-03-10,SKU1016,WH_NORTH,10,497.81,0.0,No,4978.1
509564,2025-03-10,SKU1033,WH_WEST,13,1093.06,0.0,No,14209.78
509563,2025-03-10,SKU1032,WH_NORTH,16,2757.64,0.0,No,44122.24
509544,2025-03-10,SKU1003,WH_WEST,4,21674.48,0.0,No,86697.92
509543,2025-03-10,SKU1002,WH_SOUTH,4,4026.46,0.0,No,16105.84
509549,2025-03-10,SKU1011,WH_NORTH,13,282.38,0.0,No,3670.94
509561,2025-03-10,SKU1030,WH_WEST,18,2402.0,5.0,No,41074.2
509542,2025-03-10,SKU1001,WH_SOUTH,2,19525.32,0.0,No,39050.64
509546,2025-03-10,SKU1007,WH_NORTH,5,13190.2,0.0,No,65951.0
509551,2025-03-10,SKU1015,WH_SOUTH,11,808.05,15.0,No,7555.27
509576,2025-03-11,SKU1029,WH_WEST,9,716.7,0.0,No,6450.3
509570,2025-03-11,SKU1010,WH_NORTH,6,1240.02,0.0,No,7440.12
509569,2025-03-11,SKU1005,WH_SOUTH,5,23473.03,10.0,No,105628.64
509580,2025-03-11,SKU1034,WH_WEST,24,2229.38,0.0,No,53505.12
509577,2025-03-11,SKU1030,WH_WEST,22,2402.0,0.0,No,52844.0
509572,2025-03-11,SKU1020,WH_SOUTH,14,2359.13,0.0,Yes,33027.82
509573,2025-03-11,SKU1021,WH_NORTH,6,2700.26,10.0,No,14581.4
509579,2025-03-11,SKU1033,WH_NORTH,19,1093.06,0.0,No,20768.14
509583,2025-03-11,SKU1039,WH_WEST,14,222.44,5.0,No,2958.45
509571,2025-03-11,SKU1018,WH_NORTH,7,2038.19,5.0,No,13553.96
509575,2025-03-11,SKU1024,WH_SOUTH,5,1822.24,5.0,No,8655.64
509581,2025-03-11,SKU1036,WH_WEST,16,2919.38,0.0,No,46710.08
509578,2025-03-11,SKU1031,WH_NORTH,21,2789.96,0.0,No,58589.16
509574,2025-03-11,SKU1023,WH_WEST,9,1257.73,0.0,No,11319.57
509582,2025-03-11,SKU1037,WH_NORTH,23,2206.93,10.0,No,45683.45
509568,2025-03-11,SKU1002,WH_NORTH,3,4026.46,20.0,No,9663.5
509600,2025-03-12,SKU1022,WH_NORTH,7,278.9,10.0,No,1757.07
509591,2025-03-12,SKU1010,WH_WEST,7,1240.02,0.0,No,8680.14
509610,2025-03-12,SKU1037,WH_WEST,17,2206.93,15.0,No,31890.14
509604,2025-03-12,SKU1029,WH_WEST,7,716.7,0.0,No,5016.9
509602,2025-03-12,SKU1024,WH_NORTH,8,1822.24,0.0,No,14577.92
509601,2025-03-12,SKU1023,WH_NORTH,10,1257.73,0.0,No,12577.3
509588,2025-03-12,SKU1005,WH_WEST,5,23473.03,15.0,No,99760.38
509589,2025-03-12,SKU1006,WH_WEST,3,4707.6,15.0,No,12004.38
509605,2025-03-12,SKU1031,WH_WEST,24,2789.96,10.0,No,60263.14
509593,2025-03-12,SKU1013,WH_WEST,11,2835.28,15.0,No,26509.87
509595,2025-03-12,SKU1016,WH_WEST,6,497.81,5.0,No,2837.52
509590,2025-03-12,SKU1008,WH_WEST,4,7387.04,15.0,No,25115.94
509596,2025-03-12,SKU1017,WH_WEST,14,2741.56,0.0,No,38381.84
509606,2025-03-12,SKU1033,WH_NORTH,17,1093.06,15.0,No,15794.72
509608,2025-03-12,SKU1035,WH_NORTH,38,1749.54,10.0,Yes,60621.56
509599,2025-03-12,SKU1021,WH_NORTH,8,2700.26,0.0,No,21602.08
509584,2025-03-12,SKU1000,WH_WEST,4,9457.32,0.0,No,37829.28
509592,2025-03-12,SKU1011,WH_SOUTH,12,282.38,0.0,No,3388.56
509597,2025-03-12,SKU1018,WH_NORTH,12,2038.19,15.0,No,20789.54
509587,2025-03-12,SKU1004,WH_NORTH,6,661.52,0.0,No,3969.12
509586,2025-03-12,SKU1002,WH_NORTH,4,4026.46,0.0,No,16105.84
509611,2025-03-12,SKU1038,WH_SOUTH,19,1639.79,0.0,No,31156.01
509609,2025-03-12,SKU1036,WH_SOUTH,9,2919.38,15.0,No,22333.26
509594,2025-03-12,SKU1015,WH_SOUTH,7,808.05,0.0,No,5656.35
509603,2025-03-12,SKU1025,WH_WEST,9,1880.05,10.0,No,15228.4
509598,2025-03-12,SKU1020,WH_NORTH,9,2359.13,0.0,No,21232.17
509607,2025-03-12,SKU1034,WH_WEST,22,2229.38,0.0,No,49046.36
509585,2025-03-12,SKU1001,WH_WEST,9,19525.32,0.0,Yes,175727.88
509631,2025-03-13,SKU1031,WH_NORTH,18,2789.96,0.0,No,50219.28
509617,2025-03-13,SKU1010,WH_WEST,12,1240.02,0.0,No,14880.24
509629,2025-03-13,SKU1028,WH_NORTH,5,716.34,0.0,No,3581.7
509637,2025-03-13,SKU1039,WH_NORTH,18,222.44,15.0,No,3403.33
509622,2025-03-13,SKU1015,WH_WEST,11,808.05,5.0,No,8444.12
509614,2025-03-13,SKU1004,WH_WEST,5,661.52,20.0,No,2646.08
509632,2025-03-13,SKU1032,WH_WEST,21,2757.64,10.0,Yes,52119.4
509633,2025-03-13,SKU1033,WH_SOUTH,24,1093.06,0.0,No,26233.44
509628,2025-03-13,SKU1027,WH_WEST,9,194.56,5.0,No,1663.49
509619,2025-03-13,SKU1012,WH_SOUTH,9,1433.92,0.0,No,12905.28
509636,2025-03-13,SKU1037,WH_NORTH,30,2206.93,0.0,Yes,66207.9
509626,2025-03-13,SKU1025,WH_WEST,9,1880.05,5.0,No,16074.43
509635,2025-03-13,SKU1036,WH_WEST,19,2919.38,10.0,No,49921.4
509616,2025-03-13,SKU1009,WH_SOUTH,4,1309.64,10.0,No,4714.7
509630,2025-03-13,SKU1030,WH_WEST,20,2402.0,0.0,No,48040.0
509625,2025-03-13,SKU1024,WH_NORTH,13,1822.24,0.0,Yes,23689.12
509613,2025-03-13,SKU1001,WH_NORTH,3,19525.32,0.0,No,58575.96
509620,2025-03-13,SKU1013,WH_WEST,9,2835.28,10.0,No,22965.77
509634,2025-03-13,SKU1035,WH_WEST,13,1749.54,15.0,No,19332.42
509612,2025-03-13,SKU1000,WH_NORTH,5,9457.32,0.0,No,47286.6
509618,2025-03-13,SKU1011,WH_NORTH,10,282.38,10.0,No,2541.42
509621,2025-03-13,SKU1014,WH_NORTH,12,1248.44,5.0,No,14232.22
509623,2025-03-13,SKU1016,WH_NORTH,20,497.81,15.0,Yes,8674.34
509615,2025-03-13,SKU1006,WH_SOUTH,7,4707.6,0.0,No,32953.2
509624,2025-03-13,SKU1023,WH_SOUTH,4,1257.73,0.0,No,5030.92
509627,2025-03-13,SKU1026,WH_WEST,9,994.38,5.0,No,8501.95
509638,2025-03-14,SKU1000,WH_NORTH,3,9457.32,0.0,No,28371.96
509643,2025-03-14,SKU1006,WH_NORTH,6,4707.6,20.0,Yes,22596.48
509649,2025-03-14,SKU1021,WH_WEST,5,2700.26,0.0,No,13501.3
509654,2025-03-14,SKU1030,WH_SOUTH,26,2402.0,15.0,No,53084.2
509652,2025-03-14,SKU1025,WH_SOUTH,3,1880.05,5.0,No,5358.14
509642,2025-03-14,SKU1005,WH_WEST,7,23473.03,15.0,No,139664.53
509650,2025-03-14,SKU1022,WH_SOUTH,6,278.9,0.0,No,1673.4
509653,2025-03-14,SKU1028,WH_WEST,9,716.34,0.0,No,6447.06
509655,2025-03-14,SKU1032,WH_WEST,20,2757.64,0.0,No,55152.8
509641,2025-03-14,SKU1003,WH_WEST,6,21674.48,5.0,No,123544.54
509659,2025-03-14,SKU1039,WH_SOUTH,25,222.44,0.0,No,5561.0
509657,2025-03-14,SKU1035,WH_NORTH,14,1749.54,0.0,No,24493.56
509646,2025-03-14,SKU1011,WH_WEST,10,282.38,0.0,No,2823.8
509640,2025-03-14,SKU1002,WH_NORTH,4,4026.46,15.0,No,13689.96
509644,2025-03-14,SKU1008,WH_WEST,6,7387.04,0.0,No,44322.24
509639,2025-03-14,SKU1001,WH_SOUTH,9,19525.32,5.0,Yes,166941.49
509647,2025-03-14,SKU1013,WH_NORTH,8,2835.28,0.0,No,22682.24
509651,2025-03-14,SKU1023,WH_WEST,9,1257.73,0.0,No,11319.57
509656,2025-03-14,SKU1034,WH_SOUTH,22,2229.38,0.0,No,49046.36
509648,2025-03-14,SKU1017,WH_SOUTH,10,2741.56,0.0,No,27415.6
509645,2025-03-14,SKU1010,WH_WEST,13,1240.02,0.0,No,16120.26
509658,2025-03-14,SKU1036,WH_SOUTH,22,2919.38,0.0,No,64226.36
509675,2025-03-15,SKU1025,WH_SOUTH,12,1880.05,20.0,No,18048.48
509662,2025-03-15,SKU1007,WH_SOUTH,4,13190.2,5.0,No,50122.76
509676,2025-03-15,SKU1028,WH_SOUTH,13,716.34,0.0,No,9312.42
509663,2025-03-15,SKU1009,WH_SOUTH,3,1309.64,0.0,No,3928.92
509679,2025-03-15,SKU1038,WH_WEST,26,1639.79,0.0,No,42634.54
509671,2025-03-15,SKU1020,WH_SOUTH,12,2359.13,0.0,No,28309.56
509670,2025-03-15,SKU1018,WH_SOUTH,14,2038.19,0.0,No,28534.66
509665,2025-03-15,SKU1011,WH_NORTH,13,282.38,0.0,No,3670.94
509660,2025-03-15,SKU1004,WH_WEST,7,661.52,0.0,No,4630.64
509664,2025-03-15,SKU1010,WH_WEST,9,1240.02,5.0,No,10602.17
509672,2025-03-15,SKU1021,WH_NORTH,10,2700.26,0.0,No,27002.6
509677,2025-03-15,SKU1033,WH_WEST,16,1093.06,0.0,No,17488.96
509680,2025-03-15,SKU1039,WH_NORTH,9,222.44,10.0,No,1801.76
509668,2025-03-15,SKU1014,WH_SOUTH,15,1248.44,15.0,No,15917.61
509669,2025-03-15,SKU1017,WH_WEST,11,2741.56,0.0,No,30157.16
509673,2025-03-15,SKU1022,WH_NORTH,10,278.9,5.0,No,2649.55
509678,2025-03-15,SKU1036,WH_SOUTH,25,2919.38,15.0,No,62036.82
509667,2025-03-15,SKU1013,WH_NORTH,20,2835.28,0.0,Yes,58123.24
509666,2025-03-15,SKU1012,WH_NORTH,13,1433.92,0.0,No,18640.96
509674,2025-03-15,SKU1024,WH_WEST,14,1822.24,5.0,No,24235.79
509661,2025-03-15,SKU1006,WH_SOUTH,9,4707.6,0.0,No,42368.4
509697,2025-03-16,SKU1026,WH_WEST,14,994.38,5.0,No,13225.25
509699,2025-03-16,SKU1028,WH_NORTH,11,716.34,10.0,No,7091.77
509704,2025-03-16,SKU1037,WH_NORTH,20,2206.93,5.0,No,41931.67
509689,2025-03-16,SKU1016,WH_SOUTH,13,497.81,5.0,No,6147.95
509688,2025-03-16,SKU1015,WH_NORTH,17,808.05,20.0,No,10989.48
509700,2025-03-16,SKU1030,WH_NORTH,17,2402.0,15.0,No,34708.9
509684,2025-03-16,SKU1004,WH_NORTH,9,661.52,0.0,Yes,5953.68
509682,2025-03-16,SKU1001,WH_NORTH,5,19525.32,0.0,No,97626.6
509685,2025-03-16,SKU1005,WH_WEST,6,23473.03,0.0,No,140838.18
509681,2025-03-16,SKU1000,WH_NORTH,5,9457.32,5.0,No,44922.27
509703,2025-03-16,SKU1036,WH_SOUTH,22,2919.38,0.0,No,64226.36
509691,2025-03-16,SKU1020,WH_SOUTH,10,2359.13,15.0,No,20052.61
509702,2025-03-16,SKU1035,WH_NORTH,37,1749.54,5.0,No,61496.33
509701,2025-03-16,SKU1034,WH_WEST,22,2229.38,0.0,No,49046.36
509683,2025-03-16,SKU1002,WH_WEST,7,4026.46,5.0,No,26775.96
509686,2025-03-16,SKU1010,WH_WEST,15,1240.02,20.0,No,14880.24
509695,2025-03-16,SKU1024,WH_WEST,7,1822.24,0.0,No,12755.68
509696,2025-03-16,SKU1025,WH_SOUTH,12,1880.05,0.0,No,22560.6
509693,2025-03-16,SKU1022,WH_WEST,9,278.9,0.0,No,2510.1
509687,2025-03-16,SKU1014,WH_SOUTH,13,1248.44,15.0,No,13795.26
509694,2025-03-16,SKU1023,WH_WEST,8,1257.73,0.0,No,10061.84
509698,2025-03-16,SKU1027,WH_NORTH,11,194.56,5.0,No,2033.15
509692,2025-03-16,SKU1021,WH_NORTH,6,2700.26,5.0,No,15391.48
509706,2025-03-16,SKU1039,WH_SOUTH,26,222.44,0.0,No,5783.44
509690,2025-03-16,SKU1017,WH_SOUTH,18,2741.56,10.0,No,44413.27
509705,2025-03-16,SKU1038,WH_WEST,38,1639.79,0.0,Yes,63131.92
509727,2025-03-17,SKU1037,WH_WEST,17,2206.93,0.0,No,37517.81
509711,2025-03-17,SKU1007,WH_WEST,4,13190.2,5.0,No,50122.76
509713,2025-03-17,SKU1011,WH_WEST,9,282.38,0.0,No,2541.42
509710,2025-03-17,SKU1006,WH_NORTH,4,4707.6,10.0,No,16947.36
509726,2025-03-17,SKU1035,WH_SOUTH,18,1749.54,15.0,No,26767.96
509717,2025-03-17,SKU1021,WH_NORTH,9,2700.26,0.0,No,24302.34
509716,2025-03-17,SKU1019,WH_NORTH,10,1767.95,5.0,No,16795.52
509725,2025-03-17,SKU1033,WH_WEST,17,1093.06,0.0,No,18582.02
509721,2025-03-17,SKU1026,WH_WEST,9,994.38,0.0,No,8949.42
509724,2025-03-17,SKU1032,WH_WEST,12,2757.64,0.0,Yes,33091.68
509707,2025-03-17,SKU1000,WH_WEST,6,9457.32,0.0,No,56743.92
509708,2025-03-17,SKU1001,WH_SOUTH,5,19525.32,0.0,No,97626.6
509718,2025-03-17,SKU1022,WH_NORTH,2,278.9,15.0,No,474.13
509719,2025-03-17,SKU1024,WH_NORTH,4,1822.24,0.0,No,7288.96
509712,2025-03-17,SKU1009,WH_WEST,6,1309.64,5.0,No,7464.95
509715,2025-03-17,SKU1018,WH_WEST,13,2038.19,0.0,No,26496.47
509720,2025-03-17,SKU1025,WH_NORTH,7,1880.05,0.0,No,13160.35
509709,2025-03-17,SKU1004,WH_WEST,6,661.52,10.0,No,3572.21
509723,2025-03-17,SKU1031,WH_SOUTH,28,2789.96,0.0,No,78118.88
509728,2025-03-17,SKU1038,WH_WEST,28,1639.79,0.0,No,45914.12
509722,2025-03-17,SKU1030,WH_NORTH,8,2402.0,10.0,No,17294.4
509714,2025-03-17,SKU1017,WH_WEST,9,2741.56,0.0,No,24674.04
509751,2025-03-18,SKU1034,WH_NORTH,27,2229.38,0.0,No,60193.26
509753,2025-03-18,SKU1039,WH_WEST,17,222.44,0.0,No,3781.48
509732,2025-03-18,SKU1004,WH_NORTH,7,661.52,15.0,No,3936.04
509738,2025-03-18,SKU1019,WH_WEST,10,1767.95,0.0,No,17679.5
509733,2025-03-18,SKU1006,WH_SOUTH,3,4707.6,15.0,No,12004.38
509742,2025-03-18,SKU1023,WH_SOUTH,8,1257.73,20.0,No,8049.47
509737,2025-03-18,SKU1017,WH_WEST,12,2741.56,15.0,No,27963.91
509736,2025-03-18,SKU1014,WH_NORTH,13,1248.44,0.0,Yes,16229.72
509740,2025-03-18,SKU1021,WH_SOUTH,9,2700.26,10.0,No,21872.11
509730,2025-03-18,SKU1002,WH_WEST,7,4026.46,0.0,Yes,28185.22
509747,2025-03-18,SKU1029,WH_WEST,8,716.7,15.0,No,4873.56
509748,2025-03-18,SKU1030,WH_SOUTH,17,2402.0,0.0,No,40834.0
509744,2025-03-18,SKU1025,WH_WEST,10,1880.05,0.0,No,18800.5
509749,2025-03-18,SKU1032,WH_NORTH,14,2757.64,5.0,No,36676.61
509735,2025-03-18,SKU1011,WH_SOUTH,9,282.38,0.0,No,2541.42
509739,2025-03-18,SKU1020,WH_WEST,8,2359.13,0.0,No,18873.04
509745,2025-03-18,SKU1026,WH_NORTH,8,994.38,10.0,No,7159.54
509729,2025-03-18,SKU1001,WH_WEST,5,19525.32,5.0,No,92745.27
509734,2025-03-18,SKU1007,WH_SOUTH,2,13190.2,0.0,No,26380.4
509741,2025-03-18,SKU1022,WH_WEST,9,278.9,0.0,No,2510.1
509746,2025-03-18,SKU1028,WH_WEST,4,716.34,0.0,No,2865.36
509731,2025-03-18,SKU1003,WH_NORTH,4,21674.48,0.0,No,86697.92
509752,2025-03-18,SKU1038,WH_WEST,24,1639.79,15.0,No,33451.72
509743,2025-03-18,SKU1024,WH_WEST,8,1822.24,0.0,No,14577.92
509750,2025-03-18,SKU1033,WH_NORTH,16,1093.06,0.0,No,17488.96
509760,2025-03-19,SKU1021,WH_NORTH,9,2700.26,20.0,No,19441.87
509766,2025-03-19,SKU1036,WH_NORTH,14,2919.38,0.0,No,40871.32
509759,2025-03-19,SKU1020,WH_WEST,8,2359.13,15.0,No,16042.08
509765,2025-03-19,SKU1034,WH_WEST,14,2229.38,5.0,No,29650.75
509757,2025-03-19,SKU1015,WH_SOUTH,12,808.05,0.0,No,9696.6
509761,2025-03-19,SKU1026,WH_NORTH,8,994.38,0.0,No,7955.04
509767,2025-03-19,SKU1037,WH_NORTH,19,2206.93,0.0,No,41931.67
509763,2025-03-19,SKU1029,WH_SOUTH,13,716.7,15.0,Yes,7919.54
509754,2025-03-19,SKU1011,WH_WEST,12,282.38,0.0,No,3388.56
509762,2025-03-19,SKU1028,WH_NORTH,6,716.34,20.0,No,3438.43
509756,2025-03-19,SKU1013,WH_SOUTH,12,2835.28,10.0,No,30621.02
509764,2025-03-19,SKU1030,WH_SOUTH,17,2402.0,15.0,No,34708.9
509758,2025-03-19,SKU1019,WH_SOUTH,11,1767.95,0.0,No,19447.45
509755,2025-03-19,SKU1012,WH_SOUTH,6,1433.92,5.0,No,8173.34
509788,2025-03-20,SKU1035,WH_SOUTH,12,1749.54,5.0,No,19944.76
509769,2025-03-20,SKU1001,WH_SOUTH,5,19525.32,0.0,No,97626.6
509774,2025-03-20,SKU1008,WH_SOUTH,4,7387.04,0.0,No,29548.16
509779,2025-03-20,SKU1016,WH_WEST,12,497.81,20.0,No,4778.98
509784,2025-03-20,SKU1026,WH_NORTH,10,994.38,0.0,No,9943.8
509777,2025-03-20,SKU1014,WH_NORTH,10,1248.44,0.0,No,12484.4
509772,2025-03-20,SKU1005,WH_NORTH,4,23473.03,0.0,No,93892.12
509782,2025-03-20,SKU1024,WH_WEST,15,1822.24,10.0,Yes,24600.24
509770,2025-03-20,SKU1002,WH_SOUTH,7,4026.46,0.0,No,28185.22
509768,2025-03-20,SKU1000,WH_WEST,3,9457.32,5.0,No,26953.36
509786,2025-03-20,SKU1030,WH_WEST,31,2402.0,0.0,No,74462.0
509792,2025-03-20,SKU1039,WH_WEST,38,222.44,0.0,Yes,8563.94
509781,2025-03-20,SKU1023,WH_SOUTH,6,1257.73,0.0,No,7546.38
509791,2025-03-20,SKU1038,WH_WEST,22,1639.79,10.0,No,32467.84
509775,2025-03-20,SKU1009,WH_SOUTH,9,1309.64,10.0,Yes,10608.08
509783,2025-03-20,SKU1025,WH_WEST,5,1880.05,10.0,No,8460.22
509789,2025-03-20,SKU1036,WH_WEST,15,2919.38,5.0,No,41601.16
509785,2025-03-20,SKU1027,WH_WEST,10,194.56,15.0,No,1653.76
509773,2025-03-20,SKU1006,WH_NORTH,3,4707.6,0.0,No,14122.8
509771,2025-03-20,SKU1003,WH_WEST,3,21674.48,0.0,No,65023.44
509778,2025-03-20,SKU1015,WH_WEST,11,808.05,10.0,No,7999.7
509790,2025-03-20,SKU1037,WH_WEST,23,2206.93,10.0,No,45683.45
509780,2025-03-20,SKU1022,WH_WEST,7,278.9,20.0,No,1561.84
509776,2025-03-20,SKU1012,WH_NORTH,8,1433.92,0.0,No,11471.36
509787,2025-03-20,SKU1034,WH_NORTH,25,2229.38,0.0,No,55734.5
509817,2025-03-21,SKU1039,WH_SOUTH,21,222.44,0.0,No,4671.24
509799,2025-03-21,SKU1012,WH_NORTH,14,1433.92,10.0,Yes,18067.39
509794,2025-03-21,SKU1003,WH_WEST,4,21674.48,0.0,No,86697.92
509802,2025-03-21,SKU1016,WH_WEST,15,497.81,0.0,Yes,7467.15
509813,2025-03-21,SKU1031,WH_NORTH,13,2789.96,10.0,No,32642.53
509811,2025-03-21,SKU1028,WH_WEST,7,716.34,0.0,No,5014.38
509808,2025-03-21,SKU1024,WH_NORTH,11,1822.24,5.0,Yes,19042.41
509815,2025-03-21,SKU1035,WH_WEST,23,1749.54,10.0,No,36215.48
509796,2025-03-21,SKU1007,WH_NORTH,4,13190.2,0.0,No,52760.8
509793,2025-03-21,SKU1002,WH_NORTH,4,4026.46,0.0,No,16105.84
509810,2025-03-21,SKU1027,WH_WEST,5,194.56,5.0,No,924.16
509805,2025-03-21,SKU1020,WH_NORTH,11,2359.13,0.0,Yes,25950.43
509807,2025-03-21,SKU1022,WH_SOUTH,9,278.9,15.0,No,2133.58
509800,2025-03-21,SKU1013,WH_NORTH,4,2835.28,0.0,No,11341.12
509809,2025-03-21,SKU1025,WH_SOUTH,6,1880.05,0.0,No,11280.3
509803,2025-03-21,SKU1017,WH_WEST,5,2741.56,0.0,No,13707.8
509812,2025-03-21,SKU1029,WH_NORTH,7,716.7,10.0,No,4515.21
509816,2025-03-21,SKU1036,WH_NORTH,13,2919.38,0.0,No,37951.94
509797,2025-03-21,SKU1008,WH_NORTH,6,7387.04,0.0,No,44322.24
509814,2025-03-21,SKU1032,WH_WEST,24,2757.64,0.0,No,66183.36
509806,2025-03-21,SKU1021,WH_NORTH,15,2700.26,0.0,Yes,40503.9
509801,2025-03-21,SKU1014,WH_SOUTH,11,1248.44,0.0,No,13732.84
509798,2025-03-21,SKU1011,WH_WEST,12,282.38,0.0,No,3388.56
509795,2025-03-21,SKU1004,WH_WEST,5,661.52,10.0,Yes,2976.84
509804,2025-03-21,SKU1018,WH_NORTH,10,2038.19,5.0,No,19362.8
509823,2025-03-22,SKU1007,WH_SOUTH,6,13190.2,0.0,No,79141.2
509844,2025-03-22,SKU1039,WH_SOUTH,35,222.44,0.0,Yes,7785.4
509834,2025-03-22,SKU1025,WH_SOUTH,10,1880.05,5.0,No,17860.47
509824,2025-03-22,SKU1008,WH_WEST,6,7387.04,5.0,No,42106.13
509836,2025-03-22,SKU1027,WH_SOUTH,12,194.56,0.0,No,2334.72
509843,2025-03-22,SKU1038,WH_WEST,23,1639.79,0.0,No,37715.17
509835,2025-03-22,SKU1026,WH_WEST,5,994.38,0.0,No,4971.9
509828,2025-03-22,SKU1014,WH_WEST,16,1248.44,0.0,No,19975.04
509829,2025-03-22,SKU1017,WH_WEST,16,2741.56,0.0,No,43864.96
509831,2025-03-22,SKU1021,WH_WEST,7,2700.26,0.0,No,18901.82
509839,2025-03-22,SKU1033,WH_WEST,17,1093.06,0.0,No,18582.02
509841,2025-03-22,SKU1036,WH_SOUTH,23,2919.38,15.0,No,57073.88
509827,2025-03-22,SKU1013,WH_SOUTH,19,2835.28,20.0,No,43096.26
509833,2025-03-22,SKU1023,WH_WEST,6,1257.73,5.0,No,7169.06
509842,2025-03-22,SKU1037,WH_NORTH,33,2206.93,5.0,No,69187.26
509818,2025-03-22,SKU1000,WH_WEST,6,9457.32,0.0,No,56743.92
509822,2025-03-22,SKU1006,WH_WEST,7,4707.6,0.0,No,32953.2
509826,2025-03-22,SKU1012,WH_SOUTH,11,1433.92,10.0,No,14195.81
509819,2025-03-22,SKU1001,WH_NORTH,3,19525.32,0.0,No,58575.96
509825,2025-03-22,SKU1010,WH_SOUTH,17,1240.02,0.0,No,21080.34
509832,2025-03-22,SKU1022,WH_SOUTH,14,278.9,0.0,No,3904.6
509820,2025-03-22,SKU1002,WH_SOUTH,9,4026.46,0.0,Yes,36238.14
509840,2025-03-22,SKU1034,WH_WEST,12,2229.38,20.0,No,21402.05
509838,2025-03-22,SKU1030,WH_SOUTH,20,2402.0,20.0,No,38432.0
509830,2025-03-22,SKU1020,WH_SOUTH,9,2359.13,0.0,No,21232.17
509837,2025-03-22,SKU1029,WH_WEST,4,716.7,10.0,No,2580.12
509821,2025-03-22,SKU1003,WH_NORTH,5,21674.48,0.0,No,108372.4
509848,2025-03-23,SKU1007,WH_WEST,7,13190.2,5.0,No,87714.83
509857,2025-03-23,SKU1020,WH_WEST,9,2359.13,0.0,No,21232.17
509863,2025-03-23,SKU1030,WH_SOUTH,24,2402.0,0.0,No,57648.0
509846,2025-03-23,SKU1005,WH_SOUTH,5,23473.03,15.0,No,99760.38
509849,2025-03-23,SKU1008,WH_NORTH,5,7387.04,15.0,No,31394.92
509851,2025-03-23,SKU1010,WH_NORTH,16,1240.02,0.0,No,19840.32
509853,2025-03-23,SKU1015,WH_WEST,18,808.05,0.0,No,14544.9
509861,2025-03-23,SKU1026,WH_WEST,9,994.38,10.0,No,8054.48
509852,2025-03-23,SKU1013,WH_NORTH,15,2835.28,5.0,No,40402.74
509856,2025-03-23,SKU1019,WH_WEST,15,1767.95,15.0,No,22541.36
509866,2025-03-23,SKU1033,WH_SOUTH,16,1093.06,5.0,No,16614.51
509864,2025-03-23,SKU1031,WH_SOUTH,18,2789.96,15.0,No,42686.39
509865,2025-03-23,SKU1032,WH_WEST,31,2757.64,0.0,No,85486.84
509858,2025-03-23,SKU1022,WH_SOUTH,5,278.9,5.0,No,1324.78
509854,2025-03-23,SKU1017,WH_SOUTH,9,2741.56,0.0,No,24674.04
509847,2025-03-23,SKU1006,WH_WEST,7,4707.6,20.0,No,26362.56
509855,2025-03-23,SKU1018,WH_WEST,12,2038.19,0.0,No,24458.28
509850,2025-03-23,SKU1009,WH_WEST,6,1309.64,0.0,No,7857.84
509862,2025-03-23,SKU1028,WH_NORTH,11,716.34,0.0,No,7879.74
509868,2025-03-23,SKU1039,WH_NORTH,38,222.44,10.0,Yes,7707.55
509859,2025-03-23,SKU1023,WH_NORTH,9,1257.73,0.0,No,11319.57
509867,2025-03-23,SKU1038,WH_NORTH,30,1639.79,15.0,No,41814.64
509860,2025-03-23,SKU1025,WH_WEST,10,1880.05,5.0,No,17860.47
509845,2025-03-23,SKU1000,WH_NORTH,9,9457.32,0.0,No,85115.88
509870,2025-03-24,SKU1006,WH_NORTH,6,4707.6,0.0,No,28245.6
509873,2025-03-24,SKU1011,WH_NORTH,10,282.38,0.0,No,2823.8
509876,2025-03-24,SKU1019,WH_SOUTH,10,1767.95,10.0,No,15911.55
509869,2025-03-24,SKU1005,WH_NORTH,4,23473.03,0.0,No,93892.12
509885,2025-03-24,SKU1038,WH_NORTH,38,1639.79,0.0,Yes,63131.92
509871,2025-03-24,SKU1007,WH_WEST,4,13190.2,0.0,No,52760.8
509882,2025-03-24,SKU1030,WH_WEST,16,2402.0,0.0,No,38432.0
509877,2025-03-24,SKU1021,WH_NORTH,8,2700.26,0.0,No,21602.08
509875,2025-03-24,SKU1015,WH_WEST,8,808.05,0.0,No,6464.4
509884,2025-03-24,SKU1037,WH_SOUTH,20,2206.93,0.0,No,44138.6
509874,2025-03-24,SKU1012,WH_NORTH,20,1433.92,0.0,Yes,29395.36
509878,2025-03-24,SKU1022,WH_SOUTH,12,278.9,0.0,Yes,3346.8
509880,2025-03-24,SKU1028,WH_NORTH,10,716.34,0.0,No,7163.4
509872,2025-03-24,SKU1010,WH_NORTH,11,1240.02,5.0,No,12958.21
509879,2025-03-24,SKU1024,WH_SOUTH,6,1822.24,0.0,No,10933.44
509881,2025-03-24,SKU1029,WH_SOUTH,6,716.7,0.0,No,4300.2
509883,2025-03-24,SKU1031,WH_WEST,17,2789.96,0.0,No,47429.32
509890,2025-03-25,SKU1010,WH_WEST,10,1240.02,0.0,No,12400.2
509897,2025-03-25,SKU1025,WH_NORTH,8,1880.05,15.0,No,12784.34
509903,2025-03-25,SKU1037,WH_SOUTH,18,2206.93,15.0,No,33766.03
509898,2025-03-25,SKU1026,WH_NORTH,6,994.38,0.0,No,5966.28
509888,2025-03-25,SKU1007,WH_NORTH,5,13190.2,0.0,No,65951.0
509894,2025-03-25,SKU1017,WH_NORTH,9,2741.56,0.0,No,24674.04
509891,2025-03-25,SKU1012,WH_NORTH,16,1433.92,10.0,Yes,20648.45
509904,2025-03-25,SKU1038,WH_SOUTH,31,1639.79,5.0,Yes,48291.82
509902,2025-03-25,SKU1034,WH_SOUTH,19,2229.38,10.0,No,38122.4
509889,2025-03-25,SKU1008,WH_SOUTH,5,7387.04,5.0,No,35088.44
509887,2025-03-25,SKU1006,WH_NORTH,6,4707.6,0.0,No,28245.6
509886,2025-03-25,SKU1005,WH_SOUTH,6,23473.03,5.0,Yes,133796.27
509905,2025-03-25,SKU1039,WH_NORTH,12,222.44,0.0,No,2669.28
509893,2025-03-25,SKU1015,WH_SOUTH,10,808.05,0.0,No,8080.5
509900,2025-03-25,SKU1029,WH_WEST,8,716.7,5.0,No,5446.92
509895,2025-03-25,SKU1018,WH_SOUTH,9,2038.19,10.0,Yes,16509.34
509896,2025-03-25,SKU1020,WH_SOUTH,8,2359.13,0.0,No,18873.04
509901,2025-03-25,SKU1031,WH_WEST,19,2789.96,0.0,No,53009.24
509899,2025-03-25,SKU1028,WH_SOUTH,11,716.34,0.0,Yes,7879.74
509892,2025-03-25,SKU1014,WH_SOUTH,11,1248.44,0.0,No,13732.84
509925,2025-03-26,SKU1031,WH_SOUTH,14,2789.96,5.0,No,37106.47
509915,2025-03-26,SKU1012,WH_WEST,10,1433.92,0.0,No,14339.2
509911,2025-03-26,SKU1007,WH_NORTH,8,13190.2,0.0,Yes,105521.6
509920,2025-03-26,SKU1019,WH_WEST,10,1767.95,5.0,No,16795.52
509921,2025-03-26,SKU1024,WH_WEST,8,1822.24,0.0,No,14577.92
509923,2025-03-26,SKU1028,WH_WEST,8,716.34,0.0,No,5730.72
509919,2025-03-26,SKU1017,WH_WEST,13,2741.56,0.0,No,35640.28
509927,2025-03-26,SKU1033,WH_NORTH,15,1093.06,0.0,No,16395.9
509906,2025-03-26,SKU1002,WH_NORTH,6,4026.46,15.0,No,20534.95
509931,2025-03-26,SKU1039,WH_WEST,23,222.44,10.0,No,4604.51
509916,2025-03-26,SKU1013,WH_SOUTH,10,2835.28,0.0,No,28352.8
509908,2025-03-26,SKU1004,WH_WEST,6,661.52,0.0,No,3969.12
509924,2025-03-26,SKU1030,WH_WEST,24,2402.0,10.0,No,51883.2
509926,2025-03-26,SKU1032,WH_SOUTH,18,2757.64,0.0,No,49637.52
509917,2025-03-26,SKU1015,WH_NORTH,13,808.05,0.0,No,10504.65
509910,2025-03-26,SKU1006,WH_NORTH,6,4707.6,10.0,No,25421.04
509907,2025-03-26,SKU1003,WH_NORTH,6,21674.48,0.0,No,130046.88
509914,2025-03-26,SKU1011,WH_WEST,14,282.38,0.0,No,3953.32
509929,2025-03-26,SKU1035,WH_SOUTH,19,1749.54,0.0,No,33241.26
509918,2025-03-26,SKU1016,WH_SOUTH,4,497.81,10.0,No,1792.12
509909,2025-03-26,SKU1005,WH_NORTH,5,23473.03,0.0,No,117365.15
509922,2025-03-26,SKU1026,WH_NORTH,9,994.38,0.0,No,8949.42
509928,2025-03-26,SKU1034,WH_NORTH,18,2229.38,0.0,No,40128.84
509930,2025-03-26,SKU1037,WH_NORTH,30,2206.93,0.0,No,66207.9
509912,2025-03-26,SKU1008,WH_SOUTH,7,7387.04,0.0,No,51709.28
509913,2025-03-26,SKU1010,WH_SOUTH,10,1240.02,0.0,No,12400.2
509947,2025-03-27,SKU1030,WH_NORTH,22,2402.0,0.0,No,52844.0
509936,2025-03-27,SKU1007,WH_SOUTH,7,13190.2,0.0,No,92331.4
509940,2025-03-27,SKU1014,WH_NORTH,12,1248.44,0.0,No,14981.28
509954,2025-03-27,SKU1039,WH_NORTH,14,222.44,10.0,No,2802.74
509949,2025-03-27,SKU1032,WH_SOUTH,21,2757.64,0.0,No,57910.44
509950,2025-03-27,SKU1034,WH_NORTH,13,2229.38,5.0,No,27532.84
509934,2025-03-27,SKU1004,WH_NORTH,6,661.52,10.0,No,3572.21
509938,2025-03-27,SKU1010,WH_NORTH,15,1240.02,15.0,No,15810.26
509945,2025-03-27,SKU1024,WH_SOUTH,7,1822.24,15.0,No,10842.33
509943,2025-03-27,SKU1018,WH_WEST,11,2038.19,0.0,Yes,22420.09
509951,2025-03-27,SKU1035,WH_NORTH,22,1749.54,20.0,No,30791.9
509932,2025-03-27,SKU1000,WH_NORTH,5,9457.32,15.0,No,40193.61
509935,2025-03-27,SKU1005,WH_SOUTH,3,23473.03,15.0,Yes,59856.23
509944,2025-03-27,SKU1019,WH_WEST,10,1767.95,0.0,No,17679.5
509946,2025-03-27,SKU1027,WH_WEST,10,194.56,10.0,No,1751.04
509952,2025-03-27,SKU1036,WH_SOUTH,22,2919.38,0.0,No,64226.36
509941,2025-03-27,SKU1015,WH_NORTH,17,808.05,10.0,Yes,12363.16
509948,2025-03-27,SKU1031,WH_SOUTH,18,2789.96,0.0,No,50219.28
509937,2025-03-27,SKU1008,WH_SOUTH,5,7387.04,10.0,No,33241.68
509933,2025-03-27,SKU1001,WH_NORTH,3,19525.32,15.0,No,49789.57
509942,2025-03-27,SKU1017,WH_NORTH,13,2741.56,0.0,No,35640.28
509939,2025-03-27,SKU1012,WH_WEST,11,1433.92,0.0,No,15773.12
509953,2025-03-27,SKU1037,WH_WEST,22,2206.93,15.0,No,41269.59
509957,2025-03-28,SKU1005,WH_WEST,5,23473.03,0.0,No,117365.15
509969,2025-03-28,SKU1022,WH_WEST,3,278.9,0.0,No,836.7
509976,2025-03-28,SKU1039,WH_WEST,16,222.44,15.0,No,3025.18
509958,2025-03-28,SKU1006,WH_NORTH,9,4707.6,0.0,Yes,42368.4
509967,2025-03-28,SKU1019,WH_NORTH,12,1767.95,0.0,No,21215.4
509961,2025-03-28,SKU1010,WH_WEST,10,1240.02,5.0,No,11780.19
509964,2025-03-28,SKU1014,WH_WEST,11,1248.44,15.0,No,11672.91
509959,2025-03-28,SKU1007,WH_WEST,4,13190.2,0.0,No,52760.8
509975,2025-03-28,SKU1037,WH_SOUTH,12,2206.93,0.0,No,26483.16
509960,2025-03-28,SKU1008,WH_SOUTH,5,7387.04,0.0,No,36935.2
509974,2025-03-28,SKU1033,WH_SOUTH,25,1093.06,0.0,No,27326.5
509971,2025-03-28,SKU1024,WH_NORTH,4,1822.24,15.0,No,6195.62
509965,2025-03-28,SKU1015,WH_NORTH,9,808.05,0.0,No,7272.45
509970,2025-03-28,SKU1023,WH_WEST,6,1257.73,0.0,No,7546.38
509955,2025-03-28,SKU1000,WH_SOUTH,5,9457.32,5.0,No,44922.27
509973,2025-03-28,SKU1027,WH_NORTH,6,194.56,10.0,No,1050.62
509963,2025-03-28,SKU1013,WH_SOUTH,13,2835.28,10.0,No,33172.78
509962,2025-03-28,SKU1012,WH_SOUTH,10,1433.92,20.0,No,11471.36
509956,2025-03-28,SKU1002,WH_NORTH,6,4026.46,0.0,No,24158.76
509972,2025-03-28,SKU1025,WH_WEST,7,1880.05,15.0,No,11186.3
509966,2025-03-28,SKU1018,WH_WEST,8,2038.19,0.0,No,16305.52
509968,2025-03-28,SKU1021,WH_NORTH,3,2700.26,5.0,No,7695.74
509980,2025-03-29,SKU1004,WH_SOUTH,6,661.52,5.0,No,3770.66
509988,2025-03-29,SKU1026,WH_SOUTH,8,994.38,10.0,No,7159.54
509982,2025-03-29,SKU1011,WH_NORTH,12,282.38,5.0,No,3219.13
509981,2025-03-29,SKU1008,WH_WEST,6,7387.04,0.0,No,44322.24
509984,2025-03-29,SKU1013,WH_WEST,10,2835.28,0.0,No,28352.8
509978,2025-03-29,SKU1001,WH_WEST,6,19525.32,20.0,Yes,93721.54
509985,2025-03-29,SKU1016,WH_SOUTH,10,497.81,5.0,No,4729.2
509977,2025-03-29,SKU1000,WH_NORTH,9,9457.32,5.0,No,80860.09
509979,2025-03-29,SKU1002,WH_WEST,9,4026.46,0.0,No,36238.14
509989,2025-03-29,SKU1027,WH_WEST,10,194.56,0.0,No,1945.6
509986,2025-03-29,SKU1017,WH_SOUTH,11,2741.56,0.0,No,30157.16
509990,2025-03-29,SKU1030,WH_NORTH,27,2402.0,15.0,Yes,55125.9
509987,2025-03-29,SKU1021,WH_NORTH,11,2700.26,10.0,No,26732.57
509983,2025-03-29,SKU1012,WH_NORTH,20,1433.92,10.0,No,26455.82
509993,2025-03-30,SKU1002,WH_NORTH,7,4026.46,5.0,No,26775.96
510015,2025-03-30,SKU1036,WH_WEST,22,2919.38,5.0,No,61015.04
510016,2025-03-30,SKU1039,WH_SOUTH,22,222.44,5.0,No,4649.0
510009,2025-03-30,SKU1026,WH_WEST,6,994.38,5.0,No,5667.97
509991,2025-03-30,SKU1000,WH_WEST,3,9457.32,5.0,No,26953.36
509999,2025-03-30,SKU1011,WH_WEST,12,282.38,15.0,No,2880.28
510008,2025-03-30,SKU1024,WH_NORTH,8,1822.24,0.0,No,14577.92
510001,2025-03-30,SKU1013,WH_NORTH,6,2835.28,0.0,No,17011.68
509995,2025-03-30,SKU1005,WH_NORTH,4,23473.03,15.0,No,79808.3
510007,2025-03-30,SKU1021,WH_WEST,6,2700.26,5.0,No,15391.48
509992,2025-03-30,SKU1001,WH_NORTH,6,19525.32,0.0,No,117151.92
510000,2025-03-30,SKU1012,WH_SOUTH,13,1433.92,0.0,No,18640.96
510014,2025-03-30,SKU1035,WH_NORTH,38,1749.54,0.0,No,66482.52
510010,2025-03-30,SKU1027,WH_NORTH,10,194.56,0.0,No,1945.6
509996,2025-03-30,SKU1006,WH_WEST,5,4707.6,0.0,No,23538.0
509997,2025-03-30,SKU1007,WH_WEST,8,13190.2,0.0,No,105521.6
510005,2025-03-30,SKU1018,WH_WEST,12,2038.19,5.0,Yes,23235.37
510012,2025-03-30,SKU1030,WH_WEST,28,2402.0,10.0,No,60530.4
510013,2025-03-30,SKU1032,WH_WEST,27,2757.64,0.0,No,74456.28
510003,2025-03-30,SKU1016,WH_SOUTH,12,497.81,0.0,No,5973.72
510004,2025-03-30,SKU1017,WH_SOUTH,8,2741.56,10.0,No,19739.23
510002,2025-03-30,SKU1014,WH_NORTH,20,1248.44,0.0,Yes,25593.02
510006,2025-03-30,SKU1020,WH_NORTH,10,2359.13,10.0,No,21232.17
509994,2025-03-30,SKU1004,WH_WEST,8,661.52,0.0,Yes,5292.16
509998,2025-03-30,SKU1010,WH_SOUTH,14,1240.02,15.0,No,14756.24
510011,2025-03-30,SKU1029,WH_WEST,16,716.7,5.0,Yes,10893.84
510017,2025-03-31,SKU1004,WH_SOUTH,8,661.52,20.0,No,4233.73
510031,2025-03-31,SKU1032,WH_NORTH,12,2757.64,0.0,No,33091.68
510020,2025-03-31,SKU1010,WH_SOUTH,9,1240.02,10.0,No,10044.16
510030,2025-03-31,SKU1031,WH_WEST,21,2789.96,0.0,No,58589.16
510029,2025-03-31,SKU1030,WH_WEST,37,2402.0,5.0,Yes,84430.3
510028,2025-03-31,SKU1028,WH_SOUTH,6,716.34,10.0,No,3868.24
510034,2025-03-31,SKU1037,WH_NORTH,22,2206.93,0.0,No,48552.46
510033,2025-03-31,SKU1036,WH_NORTH,12,2919.38,15.0,No,29777.68
510027,2025-03-31,SKU1024,WH_NORTH,6,1822.24,5.0,No,10386.77
510032,2025-03-31,SKU1033,WH_NORTH,24,1093.06,0.0,No,26233.44
510025,2025-03-31,SKU1021,WH_WEST,10,2700.26,0.0,No,27002.6
510018,2025-03-31,SKU1008,WH_WEST,6,7387.04,0.0,No,44322.24
510021,2025-03-31,SKU1012,WH_NORTH,11,1433.92,5.0,No,14984.46
510019,2025-03-31,SKU1009,WH_SOUTH,5,1309.64,5.0,No,6220.79
510023,2025-03-31,SKU1014,WH_SOUTH,12,1248.44,20.0,No,11985.02
510026,2025-03-31,SKU1022,WH_WEST,4,278.9,15.0,No,948.26
510035,2025-03-31,SKU1038,WH_WEST,26,1639.79,0.0,No,42634.54
510022,2025-03-31,SKU1013,WH_SOUTH,10,2835.28,5.0,No,26935.16
510024,2025-03-31,SKU1020,WH_SOUTH,8,2359.13,15.0,No,16042.08
510051,2025-04-01,SKU1023,WH_WEST,4,1257.73,0.0,No,5030.92
510061,2025-04-01,SKU1035,WH_NORTH,18,1749.54,0.0,No,31491.72
510060,2025-04-01,SKU1034,WH_NORTH,17,2229.38,0.0,No,37899.46
510046,2025-04-01,SKU1013,WH_SOUTH,11,2835.28,0.0,No,31188.08
510050,2025-04-01,SKU1021,WH_SOUTH,6,2700.26,0.0,No,16201.56
510048,2025-04-01,SKU1017,WH_NORTH,20,2741.56,0.0,Yes,56201.98
510062,2025-04-01,SKU1036,WH_NORTH,21,2919.38,0.0,No,61306.98
510056,2025-04-01,SKU1030,WH_SOUTH,25,2402.0,0.0,No,60050.0
510044,2025-04-01,SKU1011,WH_SOUTH,5,282.38,0.0,No,1411.9
510052,2025-04-01,SKU1025,WH_SOUTH,8,1880.05,15.0,No,12784.34
510042,2025-04-01,SKU1009,WH_WEST,4,1309.64,15.0,No,4452.78
510041,2025-04-01,SKU1008,WH_NORTH,7,7387.04,0.0,No,51709.28
510036,2025-04-01,SKU1000,WH_SOUTH,5,9457.32,5.0,No,44922.27
510038,2025-04-01,SKU1004,WH_WEST,4,661.52,0.0,No,2646.08
510045,2025-04-01,SKU1012,WH_NORTH,16,1433.92,15.0,Yes,19501.31
510049,2025-04-01,SKU1018,WH_NORTH,16,2038.19,0.0,Yes,32611.04
510040,2025-04-01,SKU1007,WH_NORTH,3,13190.2,0.0,No,39570.6
510064,2025-04-01,SKU1039,WH_NORTH,17,222.44,5.0,No,3592.41
510055,2025-04-01,SKU1029,WH_WEST,12,716.7,0.0,No,8600.4
510043,2025-04-01,SKU1010,WH_WEST,7,1240.02,20.0,No,6944.11
510039,2025-04-01,SKU1006,WH_WEST,5,4707.6,0.0,No,23538.0
510053,2025-04-01,SKU1026,WH_SOUTH,5,994.38,10.0,No,4474.71
510047,2025-04-01,SKU1014,WH_WEST,7,1248.44,0.0,No,8739.08
510063,2025-04-01,SKU1037,WH_SOUTH,15,2206.93,15.0,No,28138.36
510054,2025-04-01,SKU1027,WH_NORTH,8,194.56,5.0,No,1478.66
510037,2025-04-01,SKU1001,WH_NORTH,7,19525.32,0.0,Yes,136677.24
510057,2025-04-01,SKU1031,WH_NORTH,33,2789.96,0.0,Yes,92068.68
510059,2025-04-01,SKU1033,WH_SOUTH,16,1093.06,10.0,No,15740.06
510058,2025-04-01,SKU1032,WH_WEST,24,2757.64,0.0,No,66183.36
510077,2025-04-02,SKU1030,WH_WEST,25,2402.0,10.0,No,54045.0
510080,2025-04-02,SKU1035,WH_SOUTH,25,1749.54,15.0,No,37177.72
510071,2025-04-02,SKU1013,WH_NORTH,12,2835.28,15.0,No,28919.86
510078,2025-04-02,SKU1033,WH_WEST,21,1093.06,0.0,No,22954.26
510067,2025-04-02,SKU1005,WH_SOUTH,3,23473.03,5.0,No,66898.14
510070,2025-04-02,SKU1011,WH_SOUTH,12,282.38,0.0,No,3388.56
510075,2025-04-02,SKU1023,WH_WEST,13,1257.73,20.0,Yes,13080.39
510082,2025-04-02,SKU1038,WH_NORTH,15,1639.79,10.0,No,22137.16
510076,2025-04-02,SKU1027,WH_SOUTH,7,194.56,0.0,No,1361.92
510069,2025-04-02,SKU1007,WH_SOUTH,5,13190.2,0.0,No,65951.0
510065,2025-04-02,SKU1002,WH_NORTH,5,4026.46,10.0,Yes,18119.07
510068,2025-04-02,SKU1006,WH_WEST,5,4707.6,10.0,No,21184.2
510074,2025-04-02,SKU1022,WH_WEST,7,278.9,0.0,No,1952.3
510083,2025-04-02,SKU1039,WH_WEST,23,222.44,0.0,No,5116.12
510072,2025-04-02,SKU1016,WH_NORTH,9,497.81,0.0,No,4480.29
510081,2025-04-02,SKU1036,WH_SOUTH,25,2919.38,5.0,No,69335.27
510073,2025-04-02,SKU1017,WH_NORTH,14,2741.56,0.0,No,38381.84
510066,2025-04-02,SKU1003,WH_SOUTH,6,21674.48,5.0,No,123544.54
510079,2025-04-02,SKU1034,WH_WEST,15,2229.38,10.0,No,30096.63
510107,2025-04-03,SKU1039,WH_SOUTH,17,222.44,10.0,No,3403.33
510086,2025-04-03,SKU1002,WH_NORTH,5,4026.46,0.0,No,20132.3
510094,2025-04-03,SKU1016,WH_WEST,16,497.81,5.0,Yes,7566.71
510088,2025-04-03,SKU1005,WH_NORTH,4,23473.03,0.0,No,93892.12
510096,2025-04-03,SKU1020,WH_WEST,4,2359.13,10.0,No,8492.87
510105,2025-04-03,SKU1035,WH_NORTH,19,1749.54,5.0,No,31579.2
510095,2025-04-03,SKU1019,WH_NORTH,11,1767.95,0.0,No,19447.45
510084,2025-04-03,SKU1000,WH_SOUTH,3,9457.32,0.0,No,28371.96
510104,2025-04-03,SKU1032,WH_SOUTH,18,2757.64,10.0,No,44673.77
510089,2025-04-03,SKU1011,WH_NORTH,19,282.38,5.0,Yes,5096.96
510100,2025-04-03,SKU1027,WH_WEST,4,194.56,10.0,No,700.42
510097,2025-04-03,SKU1021,WH_WEST,6,2700.26,0.0,No,16201.56
510092,2025-04-03,SKU1014,WH_WEST,20,1248.44,15.0,Yes,21754.07
510098,2025-04-03,SKU1022,WH_WEST,5,278.9,0.0,No,1394.5
510099,2025-04-03,SKU1026,WH_NORTH,3,994.38,5.0,No,2833.98
510106,2025-04-03,SKU1036,WH_SOUTH,26,2919.38,0.0,No,75903.88
510093,2025-04-03,SKU1015,WH_SOUTH,12,808.05,0.0,No,9696.6
510101,2025-04-03,SKU1028,WH_NORTH,16,716.34,0.0,Yes,11461.44
510085,2025-04-03,SKU1001,WH_NORTH,4,19525.32,5.0,No,74196.22
510090,2025-04-03,SKU1012,WH_SOUTH,10,1433.92,0.0,No,14339.2
510091,2025-04-03,SKU1013,WH_SOUTH,11,2835.28,0.0,No,31188.08
510102,2025-04-03,SKU1029,WH_WEST,7,716.7,10.0,No,4515.21
510103,2025-04-03,SKU1030,WH_WEST,20,2402.0,10.0,Yes,43236.0
510087,2025-04-03,SKU1004,WH_NORTH,9,661.52,0.0,Yes,5953.68
510119,2025-04-04,SKU1019,WH_WEST,8,1767.95,5.0,No,13436.42
510114,2025-04-04,SKU1013,WH_WEST,14,2835.28,0.0,No,39693.92
510113,2025-04-04,SKU1010,WH_SOUTH,13,1240.02,15.0,No,13702.22
510124,2025-04-04,SKU1027,WH_SOUTH,8,194.56,0.0,No,1556.48
510126,2025-04-04,SKU1031,WH_SOUTH,35,2789.96,20.0,Yes,78118.88
510108,2025-04-04,SKU1000,WH_WEST,3,9457.32,0.0,No,28371.96
510122,2025-04-04,SKU1024,WH_SOUTH,16,1822.24,15.0,No,24782.46
510120,2025-04-04,SKU1021,WH_SOUTH,8,2700.26,0.0,No,21602.08
510118,2025-04-04,SKU1017,WH_WEST,11,2741.56,10.0,No,27141.44
510130,2025-04-04,SKU1039,WH_NORTH,25,222.44,10.0,No,5004.9
510110,2025-04-04,SKU1005,WH_NORTH,4,23473.03,5.0,No,89197.51
510111,2025-04-04,SKU1006,WH_NORTH,4,4707.6,0.0,No,18830.4
510127,2025-04-04,SKU1032,WH_SOUTH,12,2757.64,0.0,No,33091.68
510109,2025-04-04,SKU1001,WH_SOUTH,5,19525.32,0.0,No,97626.6
510129,2025-04-04,SKU1037,WH_WEST,23,2206.93,0.0,No,50759.39
510116,2025-04-04,SKU1015,WH_SOUTH,9,808.05,0.0,No,7272.45
510125,2025-04-04,SKU1028,WH_WEST,8,716.34,5.0,No,5444.18
510112,2025-04-04,SKU1009,WH_WEST,4,1309.64,15.0,No,4452.78
510128,2025-04-04,SKU1034,WH_SOUTH,24,2229.38,5.0,No,50829.86
510117,2025-04-04,SKU1016,WH_WEST,8,497.81,0.0,No,3982.48
510115,2025-04-04,SKU1014,WH_WEST,6,1248.44,0.0,No,7490.64
510121,2025-04-04,SKU1023,WH_WEST,5,1257.73,0.0,No,6288.65
510123,2025-04-04,SKU1026,WH_WEST,10,994.38,0.0,No,9943.8
510138,2025-04-05,SKU1015,WH_SOUTH,6,808.05,5.0,No,4605.88
510144,2025-04-05,SKU1024,WH_SOUTH,13,1822.24,0.0,No,23689.12
510131,2025-04-05,SKU1004,WH_WEST,8,661.52,10.0,No,4762.94
510149,2025-04-05,SKU1035,WH_SOUTH,9,1749.54,20.0,No,12596.69
510152,2025-04-05,SKU1039,WH_WEST,18,222.44,10.0,No,3603.53
510143,2025-04-05,SKU1023,WH_WEST,10,1257.73,0.0,No,12577.3
510140,2025-04-05,SKU1017,WH_NORTH,11,2741.56,0.0,No,30157.16
510137,2025-04-05,SKU1012,WH_WEST,10,1433.92,10.0,No,12905.28
510134,2025-04-05,SKU1008,WH_WEST,6,7387.04,10.0,No,39890.02
510151,2025-04-05,SKU1038,WH_NORTH,27,1639.79,10.0,No,39846.9
510136,2025-04-05,SKU1010,WH_WEST,11,1240.02,0.0,No,13640.22
510147,2025-04-05,SKU1033,WH_SOUTH,32,1093.06,0.0,No,34977.92
510132,2025-04-05,SKU1005,WH_SOUTH,6,23473.03,0.0,No,140838.18
510139,2025-04-05,SKU1016,WH_SOUTH,11,497.81,15.0,No,4654.52
510141,2025-04-05,SKU1020,WH_SOUTH,8,2359.13,0.0,No,18873.04
510133,2025-04-05,SKU1006,WH_NORTH,8,4707.6,20.0,No,30128.64
510145,2025-04-05,SKU1025,WH_NORTH,7,1880.05,0.0,No,13160.35
510146,2025-04-05,SKU1028,WH_WEST,7,716.34,5.0,No,4763.66
510135,2025-04-05,SKU1009,WH_WEST,6,1309.64,5.0,No,7464.95
510150,2025-04-05,SKU1036,WH_WEST,26,2919.38,0.0,No,75903.88
510148,2025-04-05,SKU1034,WH_NORTH,33,2229.38,5.0,No,69891.06
510142,2025-04-05,SKU1021,WH_WEST,10,2700.26,10.0,No,24302.34
510159,2025-04-06,SKU1011,WH_NORTH,11,282.38,0.0,No,3106.18
510165,2025-04-06,SKU1018,WH_WEST,17,2038.19,10.0,No,31184.31
510153,2025-04-06,SKU1000,WH_WEST,9,9457.32,0.0,Yes,85115.88
510157,2025-04-06,SKU1009,WH_NORTH,9,1309.64,0.0,No,11786.76
510156,2025-04-06,SKU1008,WH_NORTH,6,7387.04,0.0,No,44322.24
510177,2025-04-06,SKU1037,WH_NORTH,26,2206.93,0.0,No,57380.18
510163,2025-04-06,SKU1016,WH_NORTH,15,497.81,15.0,No,6347.08
510173,2025-04-06,SKU1032,WH_WEST,15,2757.64,0.0,No,41364.6
510167,2025-04-06,SKU1023,WH_SOUTH,11,1257.73,0.0,No,13835.03
510170,2025-04-06,SKU1028,WH_SOUTH,10,716.34,0.0,No,7163.4
510169,2025-04-06,SKU1026,WH_SOUTH,7,994.38,0.0,No,6960.66
510162,2025-04-06,SKU1015,WH_SOUTH,8,808.05,0.0,No,6464.4
510176,2025-04-06,SKU1035,WH_WEST,20,1749.54,0.0,No,34990.8
510168,2025-04-06,SKU1025,WH_WEST,5,1880.05,0.0,No,9400.25
510161,2025-04-06,SKU1013,WH_NORTH,14,2835.28,10.0,No,35724.53
510171,2025-04-06,SKU1029,WH_NORTH,10,716.7,10.0,No,6450.3
510158,2025-04-06,SKU1010,WH_NORTH,13,1240.02,0.0,Yes,16120.26
510175,2025-04-06,SKU1034,WH_WEST,29,2229.38,0.0,No,64652.02
510154,2025-04-06,SKU1005,WH_NORTH,7,23473.03,10.0,No,147880.09
510166,2025-04-06,SKU1022,WH_WEST,8,278.9,10.0,No,2008.08
510174,2025-04-06,SKU1033,WH_NORTH,26,1093.06,5.0,No,26998.58
510155,2025-04-06,SKU1007,WH_SOUTH,5,13190.2,15.0,No,56058.35
510164,2025-04-06,SKU1017,WH_SOUTH,20,2741.56,0.0,Yes,54831.2
510178,2025-04-06,SKU1039,WH_NORTH,16,222.44,0.0,No,3559.04
510172,2025-04-06,SKU1031,WH_NORTH,38,2789.96,5.0,Yes,100717.56
510160,2025-04-06,SKU1012,WH_WEST,12,1433.92,0.0,No,17207.04
510186,2025-04-07,SKU1014,WH_SOUTH,9,1248.44,0.0,No,11235.96
510183,2025-04-07,SKU1006,WH_SOUTH,3,4707.6,15.0,No,12004.38
510179,2025-04-07,SKU1000,WH_WEST,5,9457.32,0.0,No,47286.6
510195,2025-04-07,SKU1029,WH_SOUTH,3,716.7,0.0,No,2150.1
510191,2025-04-07,SKU1024,WH_NORTH,3,1822.24,5.0,No,5193.38
510184,2025-04-07,SKU1009,WH_WEST,8,1309.64,10.0,Yes,9429.41
510198,2025-04-07,SKU1032,WH_NORTH,10,2757.64,5.0,No,26197.58
510196,2025-04-07,SKU1030,WH_NORTH,34,2402.0,5.0,Yes,77584.6
510180,2025-04-07,SKU1001,WH_SOUTH,4,19525.32,10.0,No,70291.15
510199,2025-04-07,SKU1033,WH_SOUTH,18,1093.06,15.0,No,16723.82
510181,2025-04-07,SKU1003,WH_SOUTH,5,21674.48,0.0,No,108372.4
510200,2025-04-07,SKU1036,WH_WEST,17,2919.38,0.0,No,49629.46
510201,2025-04-07,SKU1037,WH_WEST,19,2206.93,0.0,Yes,41931.67
510202,2025-04-07,SKU1039,WH_WEST,20,222.44,0.0,No,4448.8
510189,2025-04-07,SKU1022,WH_NORTH,5,278.9,0.0,No,1394.5
510190,2025-04-07,SKU1023,WH_WEST,9,1257.73,10.0,No,10187.61
510187,2025-04-07,SKU1017,WH_WEST,6,2741.56,0.0,No,16449.36
510194,2025-04-07,SKU1027,WH_NORTH,9,194.56,15.0,No,1488.38
510185,2025-04-07,SKU1012,WH_NORTH,8,1433.92,0.0,No,11471.36
510197,2025-04-07,SKU1031,WH_SOUTH,28,2789.96,15.0,Yes,66401.05
510182,2025-04-07,SKU1004,WH_SOUTH,4,661.52,10.0,No,2381.47
510188,2025-04-07,SKU1018,WH_NORTH,11,2038.19,0.0,No,22420.09
510192,2025-04-07,SKU1025,WH_SOUTH,10,1880.05,0.0,No,18800.5
510193,2025-04-07,SKU1026,WH_NORTH,6,994.38,0.0,No,5966.28
510208,2025-04-08,SKU1019,WH_WEST,8,1767.95,0.0,No,14143.6
510213,2025-04-08,SKU1024,WH_SOUTH,6,1822.24,0.0,No,10933.44
510215,2025-04-08,SKU1027,WH_SOUTH,9,194.56,0.0,No,1751.04
510207,2025-04-08,SKU1017,WH_NORTH,18,2741.56,0.0,Yes,49348.08
510204,2025-04-08,SKU1002,WH_WEST,5,4026.46,0.0,No,20132.3
510209,2025-04-08,SKU1020,WH_NORTH,6,2359.13,5.0,No,13447.04
510220,2025-04-08,SKU1033,WH_WEST,21,1093.06,0.0,No,22954.26
510212,2025-04-08,SKU1023,WH_WEST,7,1257.73,15.0,No,7483.49
510211,2025-04-08,SKU1022,WH_WEST,6,278.9,15.0,No,1422.39
510203,2025-04-08,SKU1000,WH_SOUTH,6,9457.32,0.0,No,56743.92
510210,2025-04-08,SKU1021,WH_NORTH,8,2700.26,10.0,No,19441.87
510219,2025-04-08,SKU1032,WH_WEST,16,2757.64,5.0,No,41916.13
510205,2025-04-08,SKU1004,WH_SOUTH,5,661.52,0.0,No,3307.6
510217,2025-04-08,SKU1030,WH_SOUTH,19,2402.0,0.0,No,45638.0
510214,2025-04-08,SKU1025,WH_WEST,7,1880.05,5.0,No,12502.33
510218,2025-04-08,SKU1031,WH_NORTH,21,2789.96,0.0,No,58589.16
510216,2025-04-08,SKU1029,WH_WEST,9,716.7,5.0,No,6127.78
510206,2025-04-08,SKU1011,WH_WEST,11,282.38,0.0,No,3106.18
510221,2025-04-08,SKU1038,WH_NORTH,17,1639.79,0.0,No,27876.43
510222,2025-04-08,SKU1039,WH_SOUTH,20,222.44,0.0,No,4448.8
510240,2025-04-09,SKU1033,WH_NORTH,32,1093.06,20.0,Yes,27982.34
510228,2025-04-09,SKU1011,WH_WEST,11,282.38,0.0,No,3106.18
510236,2025-04-09,SKU1025,WH_WEST,7,1880.05,0.0,No,13160.35
510238,2025-04-09,SKU1031,WH_WEST,23,2789.96,0.0,No,64169.08
510235,2025-04-09,SKU1024,WH_NORTH,9,1822.24,5.0,Yes,15580.15
510230,2025-04-09,SKU1014,WH_WEST,11,1248.44,5.0,No,13046.2
510232,2025-04-09,SKU1019,WH_WEST,12,1767.95,0.0,No,21215.4
510237,2025-04-09,SKU1027,WH_SOUTH,9,194.56,0.0,No,1751.04
510227,2025-04-09,SKU1009,WH_WEST,3,1309.64,15.0,No,3339.58
510239,2025-04-09,SKU1032,WH_WEST,15,2757.64,5.0,No,39296.37
510242,2025-04-09,SKU1039,WH_SOUTH,15,222.44,0.0,No,3336.6
510223,2025-04-09,SKU1000,WH_SOUTH,5,9457.32,0.0,No,47286.6
510226,2025-04-09,SKU1008,WH_SOUTH,5,7387.04,20.0,No,29548.16
510229,2025-04-09,SKU1013,WH_SOUTH,14,2835.28,0.0,No,39693.92
510224,2025-04-09,SKU1004,WH_SOUTH,8,661.52,5.0,Yes,5027.55
510233,2025-04-09,SKU1021,WH_NORTH,8,2700.26,0.0,No,21602.08
510234,2025-04-09,SKU1022,WH_SOUTH,10,278.9,10.0,No,2510.1
510225,2025-04-09,SKU1006,WH_SOUTH,5,4707.6,0.0,No,23538.0
510231,2025-04-09,SKU1015,WH_NORTH,16,808.05,10.0,Yes,11635.92
510241,2025-04-09,SKU1036,WH_NORTH,15,2919.38,15.0,No,37222.1
510259,2025-04-10,SKU1036,WH_SOUTH,25,2919.38,20.0,No,58387.6
510253,2025-04-10,SKU1026,WH_SOUTH,9,994.38,20.0,No,7159.54
510252,2025-04-10,SKU1025,WH_NORTH,8,1880.05,0.0,No,15040.4
510245,2025-04-10,SKU1007,WH_NORTH,6,13190.2,5.0,No,75184.14
510257,2025-04-10,SKU1033,WH_WEST,34,1093.06,5.0,Yes,35305.84
510255,2025-04-10,SKU1031,WH_NORTH,19,2789.96,10.0,No,47708.32
510261,2025-04-10,SKU1039,WH_SOUTH,24,222.44,5.0,Yes,5071.63
510248,2025-04-10,SKU1013,WH_NORTH,11,2835.28,15.0,No,26509.87
510246,2025-04-10,SKU1010,WH_SOUTH,10,1240.02,20.0,No,9920.16
510243,2025-04-10,SKU1004,WH_NORTH,7,661.52,0.0,Yes,4630.64
510256,2025-04-10,SKU1032,WH_NORTH,38,2757.64,10.0,Yes,95552.23
510258,2025-04-10,SKU1035,WH_NORTH,20,1749.54,0.0,No,34990.8
510247,2025-04-10,SKU1012,WH_SOUTH,10,1433.92,20.0,No,11471.36
510249,2025-04-10,SKU1018,WH_NORTH,10,2038.19,10.0,No,18343.71
510244,2025-04-10,SKU1006,WH_NORTH,3,4707.6,0.0,No,14122.8
510260,2025-04-10,SKU1038,WH_NORTH,18,1639.79,20.0,No,23612.98
510250,2025-04-10,SKU1020,WH_SOUTH,6,2359.13,0.0,No,14154.78
510251,2025-04-10,SKU1021,WH_WEST,10,2700.26,0.0,No,27002.6
510254,2025-04-10,SKU1030,WH_WEST,17,2402.0,15.0,No,34708.9
510264,2025-04-11,SKU1010,WH_SOUTH,8,1240.02,0.0,No,9920.16
510270,2025-04-11,SKU1023,WH_WEST,8,1257.73,0.0,No,10061.84
510273,2025-04-11,SKU1030,WH_SOUTH,13,2402.0,0.0,No,31226.0
510272,2025-04-11,SKU1029,WH_NORTH,12,716.7,5.0,Yes,8170.38
510275,2025-04-11,SKU1035,WH_WEST,20,1749.54,0.0,No,34990.8
510269,2025-04-11,SKU1022,WH_WEST,8,278.9,0.0,No,2231.2
510268,2025-04-11,SKU1018,WH_SOUTH,11,2038.19,15.0,No,19057.08
510262,2025-04-11,SKU1000,WH_NORTH,2,9457.32,0.0,No,18914.64
510277,2025-04-11,SKU1039,WH_SOUTH,26,222.44,10.0,No,5205.1
510271,2025-04-11,SKU1025,WH_WEST,9,1880.05,20.0,No,13536.36
510276,2025-04-11,SKU1038,WH_SOUTH,19,1639.79,5.0,No,29598.21
510263,2025-04-11,SKU1008,WH_SOUTH,4,7387.04,0.0,No,29548.16
510274,2025-04-11,SKU1031,WH_NORTH,21,2789.96,10.0,No,52730.24
510265,2025-04-11,SKU1014,WH_WEST,8,1248.44,0.0,No,9987.52
510267,2025-04-11,SKU1017,WH_SOUTH,14,2741.56,5.0,Yes,36462.75
510266,2025-04-11,SKU1016,WH_SOUTH,14,497.81,15.0,No,5923.94
510285,2025-04-12,SKU1012,WH_NORTH,10,1433.92,0.0,No,14339.2
510287,2025-04-12,SKU1014,WH_WEST,13,1248.44,5.0,No,15418.23
510278,2025-04-12,SKU1001,WH_WEST,4,19525.32,0.0,No,78101.28
510299,2025-04-12,SKU1032,WH_SOUTH,24,2757.64,5.0,No,62874.19
510302,2025-04-12,SKU1039,WH_NORTH,38,222.44,0.0,Yes,8563.94
510293,2025-04-12,SKU1021,WH_WEST,12,2700.26,0.0,No,32403.12
510281,2025-04-12,SKU1006,WH_NORTH,5,4707.6,0.0,No,23538.0
510284,2025-04-12,SKU1011,WH_WEST,9,282.38,10.0,No,2287.28
510288,2025-04-12,SKU1015,WH_WEST,12,808.05,0.0,No,9696.6
510279,2025-04-12,SKU1004,WH_WEST,9,661.52,0.0,Yes,5953.68
510290,2025-04-12,SKU1017,WH_WEST,11,2741.56,0.0,No,30157.16
510286,2025-04-12,SKU1013,WH_WEST,14,2835.28,0.0,No,39693.92
510298,2025-04-12,SKU1030,WH_NORTH,29,2402.0,0.0,No,69658.0
510296,2025-04-12,SKU1025,WH_WEST,9,1880.05,20.0,No,13536.36
510294,2025-04-12,SKU1023,WH_SOUTH,11,1257.73,10.0,No,12451.53
510283,2025-04-12,SKU1010,WH_NORTH,13,1240.02,0.0,No,16120.26
510280,2025-04-12,SKU1005,WH_SOUTH,5,23473.03,0.0,No,117365.15
510282,2025-04-12,SKU1009,WH_NORTH,5,1309.64,0.0,No,6548.2
510301,2025-04-12,SKU1038,WH_WEST,29,1639.79,0.0,No,47553.91
510289,2025-04-12,SKU1016,WH_NORTH,15,497.81,0.0,No,7467.15
510292,2025-04-12,SKU1019,WH_WEST,20,1767.95,0.0,No,36242.98
510295,2025-04-12,SKU1024,WH_NORTH,5,1822.24,0.0,No,9111.2
510297,2025-04-12,SKU1028,WH_WEST,16,716.34,5.0,Yes,10888.37
510300,2025-04-12,SKU1034,WH_SOUTH,33,2229.38,0.0,No,73569.54
510291,2025-04-12,SKU1018,WH_NORTH,11,2038.19,15.0,No,19057.08
510312,2025-04-13,SKU1020,WH_WEST,12,2359.13,5.0,No,26894.08
510313,2025-04-13,SKU1021,WH_SOUTH,4,2700.26,15.0,No,9180.88
510319,2025-04-13,SKU1031,WH_WEST,28,2789.96,5.0,Yes,74212.94
510310,2025-04-13,SKU1018,WH_WEST,14,2038.19,15.0,No,24254.46
510317,2025-04-13,SKU1029,WH_NORTH,11,716.7,0.0,No,7883.7
510305,2025-04-13,SKU1006,WH_WEST,7,4707.6,0.0,No,32953.2
510316,2025-04-13,SKU1026,WH_SOUTH,11,994.38,0.0,No,10938.18
510311,2025-04-13,SKU1019,WH_WEST,17,1767.95,0.0,No,30055.15
510308,2025-04-13,SKU1014,WH_WEST,14,1248.44,0.0,No,17478.16
510318,2025-04-13,SKU1030,WH_NORTH,29,2402.0,0.0,No,69658.0
510314,2025-04-13,SKU1022,WH_SOUTH,12,278.9,10.0,No,3012.12
510307,2025-04-13,SKU1013,WH_WEST,6,2835.28,0.0,No,17011.68
510306,2025-04-13,SKU1008,WH_SOUTH,5,7387.04,10.0,No,33241.68
510304,2025-04-13,SKU1005,WH_NORTH,6,23473.03,5.0,No,133796.27
510315,2025-04-13,SKU1024,WH_NORTH,8,1822.24,5.0,No,13849.02
510320,2025-04-13,SKU1033,WH_NORTH,29,1093.06,20.0,No,25358.99
510309,2025-04-13,SKU1015,WH_NORTH,11,808.05,0.0,No,8888.55
510321,2025-04-13,SKU1034,WH_NORTH,22,2229.38,0.0,No,49046.36
510322,2025-04-13,SKU1035,WH_WEST,27,1749.54,15.0,No,40151.94
510323,2025-04-13,SKU1037,WH_WEST,27,2206.93,0.0,No,59587.11
510303,2025-04-13,SKU1001,WH_WEST,6,19525.32,0.0,No,117151.92
510326,2025-04-14,SKU1005,WH_WEST,5,23473.03,10.0,No,105628.64
510347,2025-04-14,SKU1037,WH_NORTH,15,2206.93,0.0,No,33103.95
510331,2025-04-14,SKU1014,WH_NORTH,11,1248.44,15.0,No,11672.91
510341,2025-04-14,SKU1028,WH_NORTH,9,716.34,0.0,No,6447.06
510348,2025-04-14,SKU1038,WH_SOUTH,26,1639.79,10.0,Yes,38371.09
510342,2025-04-14,SKU1030,WH_SOUTH,24,2402.0,5.0,No,54765.6
510346,2025-04-14,SKU1036,WH_NORTH,14,2919.38,0.0,No,40871.32
510345,2025-04-14,SKU1034,WH_WEST,26,2229.38,5.0,No,55065.69
510337,2025-04-14,SKU1022,WH_WEST,10,278.9,20.0,No,2231.2
510333,2025-04-14,SKU1016,WH_SOUTH,8,497.81,5.0,No,3783.36
510335,2025-04-14,SKU1018,WH_SOUTH,12,2038.19,5.0,No,23235.37
510328,2025-04-14,SKU1009,WH_SOUTH,5,1309.64,0.0,No,6548.2
510330,2025-04-14,SKU1012,WH_WEST,9,1433.92,0.0,No,12905.28
510327,2025-04-14,SKU1008,WH_WEST,9,7387.04,5.0,Yes,63159.19
510334,2025-04-14,SKU1017,WH_NORTH,11,2741.56,5.0,No,28649.3
510324,2025-04-14,SKU1001,WH_SOUTH,6,19525.32,0.0,No,117151.92
510339,2025-04-14,SKU1026,WH_WEST,14,994.38,5.0,No,13225.25
510325,2025-04-14,SKU1003,WH_WEST,5,21674.48,5.0,No,102953.78
510343,2025-04-14,SKU1032,WH_SOUTH,20,2757.64,0.0,No,55152.8
510344,2025-04-14,SKU1033,WH_SOUTH,20,1093.06,15.0,Yes,18582.02
510336,2025-04-14,SKU1019,WH_NORTH,10,1767.95,10.0,No,15911.55
510340,2025-04-14,SKU1027,WH_NORTH,6,194.56,10.0,No,1050.62
510349,2025-04-14,SKU1039,WH_SOUTH,25,222.44,15.0,Yes,4726.85
510332,2025-04-14,SKU1015,WH_NORTH,8,808.05,0.0,No,6464.4
510338,2025-04-14,SKU1025,WH_SOUTH,4,1880.05,10.0,No,6768.18
510329,2025-04-14,SKU1010,WH_WEST,10,1240.02,0.0,No,12400.2
510370,2025-04-15,SKU1033,WH_WEST,18,1093.06,5.0,No,18691.33
510350,2025-04-15,SKU1000,WH_NORTH,4,9457.32,15.0,No,32154.89
510368,2025-04-15,SKU1030,WH_SOUTH,20,2402.0,0.0,No,48040.0
510354,2025-04-15,SKU1005,WH_WEST,6,23473.03,0.0,No,140838.18
510365,2025-04-15,SKU1024,WH_WEST,4,1822.24,10.0,No,6560.06
510372,2025-04-15,SKU1037,WH_NORTH,21,2206.93,10.0,No,41710.98
510364,2025-04-15,SKU1023,WH_SOUTH,11,1257.73,0.0,No,13835.03
510366,2025-04-15,SKU1025,WH_WEST,8,1880.05,15.0,No,12784.34
510359,2025-04-15,SKU1012,WH_NORTH,10,1433.92,5.0,No,13622.24
510357,2025-04-15,SKU1010,WH_NORTH,9,1240.02,10.0,No,10044.16
510374,2025-04-15,SKU1039,WH_WEST,18,222.44,0.0,No,4003.92
510363,2025-04-15,SKU1020,WH_SOUTH,10,2359.13,0.0,No,23591.3
510361,2025-04-15,SKU1015,WH_WEST,7,808.05,0.0,No,5656.35
510356,2025-04-15,SKU1009,WH_SOUTH,3,1309.64,0.0,No,3928.92
510351,2025-04-15,SKU1001,WH_NORTH,5,19525.32,0.0,No,97626.6
510353,2025-04-15,SKU1004,WH_SOUTH,9,661.52,10.0,Yes,5358.31
510367,2025-04-15,SKU1026,WH_SOUTH,6,994.38,0.0,No,5966.28
510373,2025-04-15,SKU1038,WH_NORTH,25,1639.79,0.0,No,40994.75
510352,2025-04-15,SKU1003,WH_WEST,6,21674.48,20.0,No,104037.5
510358,2025-04-15,SKU1011,WH_WEST,9,282.38,5.0,No,2414.35
510369,2025-04-15,SKU1032,WH_WEST,26,2757.64,5.0,No,68113.71
510362,2025-04-15,SKU1018,WH_SOUTH,4,2038.19,10.0,No,7337.48
510355,2025-04-15,SKU1008,WH_NORTH,5,7387.04,5.0,Yes,35088.44
510371,2025-04-15,SKU1035,WH_WEST,26,1749.54,0.0,Yes,45488.04
510360,2025-04-15,SKU1013,WH_WEST,13,2835.28,20.0,No,29486.91
510385,2025-04-16,SKU1021,WH_NORTH,7,2700.26,0.0,No,18901.82
510384,2025-04-16,SKU1020,WH_SOUTH,8,2359.13,15.0,No,16042.08
510382,2025-04-16,SKU1018,WH_WEST,13,2038.19,0.0,No,26496.47
510379,2025-04-16,SKU1010,WH_WEST,8,1240.02,20.0,No,7936.13
510387,2025-04-16,SKU1023,WH_NORTH,7,1257.73,0.0,No,8804.11
510380,2025-04-16,SKU1015,WH_SOUTH,11,808.05,0.0,No,8888.55
510393,2025-04-16,SKU1030,WH_WEST,18,2402.0,0.0,No,43236.0
510394,2025-04-16,SKU1032,WH_WEST,20,2757.64,15.0,No,46879.88
510375,2025-04-16,SKU1000,WH_NORTH,3,9457.32,0.0,No,28371.96
510388,2025-04-16,SKU1024,WH_NORTH,9,1822.24,20.0,No,13120.13
510378,2025-04-16,SKU1009,WH_WEST,6,1309.64,10.0,No,7072.06
510392,2025-04-16,SKU1029,WH_SOUTH,12,716.7,15.0,No,7310.34
510381,2025-04-16,SKU1017,WH_NORTH,13,2741.56,15.0,No,30294.24
510386,2025-04-16,SKU1022,WH_NORTH,16,278.9,0.0,Yes,4462.4
510395,2025-04-16,SKU1035,WH_NORTH,14,1749.54,10.0,No,22044.2
510396,2025-04-16,SKU1039,WH_SOUTH,34,222.44,10.0,Yes,6806.66
510377,2025-04-16,SKU1006,WH_SOUTH,5,4707.6,0.0,No,23538.0
510383,2025-04-16,SKU1019,WH_WEST,9,1767.95,5.0,No,15115.97
510376,2025-04-16,SKU1004,WH_NORTH,3,661.52,20.0,No,1587.65
510389,2025-04-16,SKU1025,WH_SOUTH,11,1880.05,15.0,Yes,17578.47
510391,2025-04-16,SKU1028,WH_NORTH,8,716.34,0.0,No,5730.72
510390,2025-04-16,SKU1027,WH_WEST,8,194.56,10.0,No,1400.83
510414,2025-04-17,SKU1037,WH_WEST,21,2206.93,0.0,Yes,46345.53
510406,2025-04-17,SKU1025,WH_SOUTH,7,1880.05,0.0,No,13160.35
510400,2025-04-17,SKU1005,WH_NORTH,5,23473.03,0.0,No,117365.15
510397,2025-04-17,SKU1000,WH_WEST,5,9457.32,15.0,No,40193.61
510401,2025-04-17,SKU1010,WH_SOUTH,10,1240.02,0.0,No,12400.2
510410,2025-04-17,SKU1032,WH_SOUTH,19,2757.64,0.0,No,52395.16
510399,2025-04-17,SKU1003,WH_NORTH,3,21674.48,0.0,No,65023.44
510408,2025-04-17,SKU1027,WH_WEST,9,194.56,15.0,No,1488.38
510411,2025-04-17,SKU1033,WH_WEST,19,1093.06,0.0,No,20768.14
510412,2025-04-17,SKU1034,WH_NORTH,14,2229.38,0.0,Yes,31211.32
510407,2025-04-17,SKU1026,WH_NORTH,15,994.38,10.0,Yes,13424.13
510403,2025-04-17,SKU1016,WH_NORTH,17,497.81,5.0,Yes,8039.63
510404,2025-04-17,SKU1020,WH_SOUTH,7,2359.13,20.0,No,13211.13
510402,2025-04-17,SKU1015,WH_SOUTH,11,808.05,0.0,No,8888.55
510405,2025-04-17,SKU1022,WH_SOUTH,10,278.9,10.0,No,2510.1
510398,2025-04-17,SKU1002,WH_SOUTH,9,4026.46,5.0,Yes,34426.23
510409,2025-04-17,SKU1029,WH_WEST,9,716.7,0.0,No,6450.3
510415,2025-04-17,SKU1038,WH_NORTH,22,1639.79,0.0,No,36075.38
510413,2025-04-17,SKU1036,WH_SOUTH,19,2919.38,15.0,No,47147.99
510434,2025-04-18,SKU1036,WH_NORTH,23,2919.38,5.0,No,63788.45
510427,2025-04-18,SKU1027,WH_NORTH,6,194.56,10.0,No,1050.62
510424,2025-04-18,SKU1020,WH_WEST,11,2359.13,15.0,Yes,22057.87
510425,2025-04-18,SKU1022,WH_NORTH,9,278.9,10.0,Yes,2259.09
510433,2025-04-18,SKU1034,WH_NORTH,19,2229.38,10.0,No,38122.4
510430,2025-04-18,SKU1030,WH_NORTH,30,2402.0,5.0,No,68457.0
510420,2025-04-18,SKU1014,WH_NORTH,14,1248.44,5.0,No,16604.25
510429,2025-04-18,SKU1029,WH_SOUTH,10,716.7,0.0,No,7167.0
510435,2025-04-18,SKU1037,WH_NORTH,15,2206.93,5.0,No,31448.75
510416,2025-04-18,SKU1002,WH_SOUTH,4,4026.46,0.0,Yes,16105.84
510426,2025-04-18,SKU1026,WH_WEST,7,994.38,0.0,No,6960.66
510423,2025-04-18,SKU1019,WH_NORTH,10,1767.95,10.0,No,15911.55
510422,2025-04-18,SKU1017,WH_WEST,7,2741.56,0.0,No,19190.92
510436,2025-04-18,SKU1039,WH_SOUTH,18,222.44,0.0,No,4003.92
510432,2025-04-18,SKU1033,WH_NORTH,17,1093.06,0.0,No,18582.02
510417,2025-04-18,SKU1004,WH_WEST,4,661.52,0.0,No,2646.08
510421,2025-04-18,SKU1015,WH_WEST,10,808.05,20.0,No,6464.4
510431,2025-04-18,SKU1031,WH_SOUTH,23,2789.96,10.0,No,57752.17
510419,2025-04-18,SKU1010,WH_WEST,8,1240.02,0.0,No,9920.16
510418,2025-04-18,SKU1006,WH_NORTH,5,4707.6,0.0,No,23538.0
510428,2025-04-18,SKU1028,WH_WEST,13,716.34,20.0,Yes,7449.94
510458,2025-04-19,SKU1036,WH_SOUTH,29,2919.38,0.0,No,84662.02
510449,2025-04-19,SKU1023,WH_WEST,11,1257.73,5.0,No,13143.28
510441,2025-04-19,SKU1006,WH_NORTH,7,4707.6,0.0,No,32953.2
510448,2025-04-19,SKU1020,WH_NORTH,12,2359.13,0.0,Yes,28309.56
510446,2025-04-19,SKU1018,WH_SOUTH,15,2038.19,0.0,No,30572.85
510445,2025-04-19,SKU1013,WH_SOUTH,6,2835.28,0.0,No,17011.68
510456,2025-04-19,SKU1034,WH_WEST,22,2229.38,0.0,No,49046.36
510454,2025-04-19,SKU1029,WH_SOUTH,8,716.7,10.0,No,5160.24
510451,2025-04-19,SKU1025,WH_SOUTH,9,1880.05,10.0,No,15228.4
510453,2025-04-19,SKU1028,WH_NORTH,8,716.34,15.0,No,4871.11
510438,2025-04-19,SKU1003,WH_WEST,5,21674.48,15.0,No,92116.54
510444,2025-04-19,SKU1012,WH_WEST,9,1433.92,0.0,No,12905.28
510450,2025-04-19,SKU1024,WH_SOUTH,4,1822.24,0.0,No,7288.96
510447,2025-04-19,SKU1019,WH_WEST,20,1767.95,0.0,Yes,36242.98
510440,2025-04-19,SKU1005,WH_WEST,7,23473.03,15.0,No,139664.53
510457,2025-04-19,SKU1035,WH_NORTH,38,1749.54,15.0,No,57253.7
510439,2025-04-19,SKU1004,WH_NORTH,6,661.52,0.0,No,3969.12
510442,2025-04-19,SKU1008,WH_SOUTH,6,7387.04,5.0,No,42106.13
510443,2025-04-19,SKU1009,WH_WEST,5,1309.64,0.0,No,6548.2
510459,2025-04-19,SKU1039,WH_WEST,23,222.44,10.0,No,4604.51
510452,2025-04-19,SKU1027,WH_SOUTH,5,194.56,10.0,No,875.52
510455,2025-04-19,SKU1032,WH_WEST,29,2757.64,0.0,No,79971.56
510437,2025-04-19,SKU1000,WH_NORTH,4,9457.32,20.0,No,30263.42
510466,2025-04-20,SKU1015,WH_NORTH,13,808.05,0.0,No,10504.65
510465,2025-04-20,SKU1013,WH_WEST,13,2835.28,10.0,No,33172.78
510461,2025-04-20,SKU1005,WH_SOUTH,9,23473.03,20.0,Yes,169005.82
510462,2025-04-20,SKU1009,WH_WEST,6,1309.64,5.0,No,7464.95
510476,2025-04-20,SKU1033,WH_SOUTH,27,1093.06,0.0,No,29512.62
510469,2025-04-20,SKU1020,WH_SOUTH,9,2359.13,0.0,No,21232.17
510473,2025-04-20,SKU1029,WH_NORTH,13,716.7,0.0,No,9317.1
510479,2025-04-20,SKU1038,WH_SOUTH,24,1639.79,5.0,No,37387.21
510474,2025-04-20,SKU1030,WH_WEST,11,2402.0,10.0,No,23779.8
510468,2025-04-20,SKU1019,WH_NORTH,4,1767.95,15.0,No,6011.03
510477,2025-04-20,SKU1035,WH_SOUTH,21,1749.54,10.0,No,33066.31
510480,2025-04-20,SKU1039,WH_NORTH,14,222.44,0.0,No,3114.16
510467,2025-04-20,SKU1016,WH_NORTH,12,497.81,0.0,No,5973.72
510463,2025-04-20,SKU1011,WH_SOUTH,10,282.38,0.0,No,2823.8
510470,2025-04-20,SKU1022,WH_NORTH,7,278.9,10.0,No,1757.07
510478,2025-04-20,SKU1036,WH_NORTH,20,2919.38,0.0,No,58387.6
510471,2025-04-20,SKU1024,WH_SOUTH,15,1822.24,0.0,Yes,27333.6
510475,2025-04-20,SKU1031,WH_SOUTH,38,2789.96,0.0,Yes,107413.46
510464,2025-04-20,SKU1012,WH_WEST,10,1433.92,0.0,No,14339.2
510472,2025-04-20,SKU1025,WH_WEST,11,1880.05,0.0,No,20680.55
510460,2025-04-20,SKU1004,WH_NORTH,6,661.52,0.0,No,3969.12
510484,2025-04-21,SKU1009,WH_WEST,5,1309.64,0.0,No,6548.2
510485,2025-04-21,SKU1010,WH_WEST,10,1240.02,0.0,No,12400.2
510491,2025-04-21,SKU1019,WH_NORTH,11,1767.95,10.0,No,17502.71
510493,2025-04-21,SKU1021,WH_SOUTH,4,2700.26,0.0,No,10801.04
510500,2025-04-21,SKU1033,WH_SOUTH,24,1093.06,0.0,No,26233.44
510496,2025-04-21,SKU1028,WH_WEST,6,716.34,15.0,No,3653.33
510494,2025-04-21,SKU1023,WH_SOUTH,10,1257.73,0.0,No,12577.3
510481,2025-04-21,SKU1000,WH_SOUTH,9,9457.32,10.0,Yes,76604.29
510486,2025-04-21,SKU1011,WH_WEST,9,282.38,15.0,No,2160.21
510488,2025-04-21,SKU1015,WH_WEST,8,808.05,15.0,No,5494.74
510498,2025-04-21,SKU1031,WH_NORTH,24,2789.96,0.0,No,66959.04
510495,2025-04-21,SKU1024,WH_WEST,7,1822.24,10.0,No,11480.11
510489,2025-04-21,SKU1017,WH_SOUTH,11,2741.56,15.0,No,25633.59
510502,2025-04-21,SKU1036,WH_WEST,29,2919.38,10.0,Yes,76195.82
510483,2025-04-21,SKU1008,WH_NORTH,6,7387.04,10.0,No,39890.02
510490,2025-04-21,SKU1018,WH_NORTH,15,2038.19,0.0,No,30572.85
510497,2025-04-21,SKU1029,WH_NORTH,5,716.7,10.0,No,3225.15
510504,2025-04-21,SKU1039,WH_NORTH,18,222.44,0.0,No,4003.92
510482,2025-04-21,SKU1007,WH_SOUTH,7,13190.2,0.0,No,92331.4
510487,2025-04-21,SKU1014,WH_NORTH,9,1248.44,0.0,No,11235.96
510503,2025-04-21,SKU1037,WH_WEST,18,2206.93,0.0,No,39724.74
510499,2025-04-21,SKU1032,WH_WEST,22,2757.64,10.0,No,54601.27
510492,2025-04-21,SKU1020,WH_WEST,9,2359.13,0.0,No,21232.17
510501,2025-04-21,SKU1035,WH_NORTH,18,1749.54,15.0,No,26767.96
510518,2025-04-22,SKU1029,WH_WEST,6,716.7,5.0,No,4085.19
510505,2025-04-22,SKU1000,WH_WEST,3,9457.32,15.0,No,24116.17
510508,2025-04-22,SKU1005,WH_SOUTH,4,23473.03,0.0,No,93892.12
510510,2025-04-22,SKU1009,WH_SOUTH,3,1309.64,0.0,No,3928.92
510519,2025-04-22,SKU1030,WH_NORTH,17,2402.0,0.0,No,40834.0
510512,2025-04-22,SKU1013,WH_WEST,14,2835.28,15.0,No,33739.83
510507,2025-04-22,SKU1002,WH_WEST,3,4026.46,10.0,No,10871.44
510516,2025-04-22,SKU1021,WH_SOUTH,5,2700.26,5.0,No,12826.24
510513,2025-04-22,SKU1014,WH_WEST,10,1248.44,0.0,No,12484.4
510521,2025-04-22,SKU1032,WH_NORTH,18,2757.64,0.0,No,49637.52
510515,2025-04-22,SKU1020,WH_WEST,6,2359.13,0.0,No,14154.78
510525,2025-04-22,SKU1037,WH_NORTH,21,2206.93,0.0,No,46345.53
510524,2025-04-22,SKU1035,WH_NORTH,23,1749.54,0.0,No,40239.42
510517,2025-04-22,SKU1022,WH_SOUTH,9,278.9,0.0,No,2510.1
510526,2025-04-22,SKU1039,WH_NORTH,26,222.44,0.0,Yes,5783.44
510522,2025-04-22,SKU1033,WH_SOUTH,21,1093.06,5.0,No,21806.55
510509,2025-04-22,SKU1008,WH_NORTH,3,7387.04,0.0,No,22161.12
510520,2025-04-22,SKU1031,WH_NORTH,21,2789.96,0.0,No,58589.16
510514,2025-04-22,SKU1015,WH_SOUTH,7,808.05,5.0,No,5373.53
510506,2025-04-22,SKU1001,WH_SOUTH,4,19525.32,5.0,No,74196.22
510511,2025-04-22,SKU1012,WH_NORTH,10,1433.92,0.0,No,14339.2
510523,2025-04-22,SKU1034,WH_NORTH,21,2229.38,10.0,No,42135.28
510536,2025-04-23,SKU1012,WH_WEST,9,1433.92,5.0,No,12260.02
510542,2025-04-23,SKU1022,WH_WEST,4,278.9,0.0,No,1115.6
510529,2025-04-23,SKU1002,WH_SOUTH,6,4026.46,15.0,No,20534.95
510549,2025-04-23,SKU1036,WH_SOUTH,20,2919.38,0.0,No,58387.6
510528,2025-04-23,SKU1001,WH_NORTH,5,19525.32,5.0,No,92745.27
510530,2025-04-23,SKU1004,WH_SOUTH,6,661.52,5.0,No,3770.66
510548,2025-04-23,SKU1035,WH_WEST,23,1749.54,0.0,No,40239.42
510546,2025-04-23,SKU1031,WH_NORTH,19,2789.96,0.0,No,53009.24
510531,2025-04-23,SKU1006,WH_SOUTH,5,4707.6,0.0,No,23538.0
510540,2025-04-23,SKU1020,WH_WEST,8,2359.13,0.0,No,18873.04
510539,2025-04-23,SKU1019,WH_SOUTH,12,1767.95,10.0,Yes,19093.86
510541,2025-04-23,SKU1021,WH_NORTH,11,2700.26,0.0,No,29702.86
510527,2025-04-23,SKU1000,WH_WEST,4,9457.32,5.0,No,35937.82
510545,2025-04-23,SKU1029,WH_NORTH,10,716.7,0.0,No,7167.0
510532,2025-04-23,SKU1007,WH_WEST,4,13190.2,0.0,No,52760.8
510544,2025-04-23,SKU1027,WH_SOUTH,6,194.56,10.0,No,1050.62
510550,2025-04-23,SKU1039,WH_NORTH,13,222.44,0.0,No,2891.72
510537,2025-04-23,SKU1015,WH_NORTH,12,808.05,0.0,No,9696.6
510547,2025-04-23,SKU1034,WH_NORTH,25,2229.38,0.0,No,55734.5
510538,2025-04-23,SKU1018,WH_SOUTH,16,2038.19,0.0,Yes,32611.04
510543,2025-04-23,SKU1025,WH_NORTH,8,1880.05,15.0,No,12784.34
510533,2025-04-23,SKU1008,WH_SOUTH,5,7387.04,5.0,No,35088.44
510535,2025-04-23,SKU1011,WH_SOUTH,12,282.38,0.0,No,3388.56
510534,2025-04-23,SKU1009,WH_WEST,5,1309.64,0.0,No,6548.2
510571,2025-04-24,SKU1035,WH_WEST,10,1749.54,0.0,No,17495.4
510559,2025-04-24,SKU1011,WH_SOUTH,12,282.38,0.0,No,3388.56
510558,2025-04-24,SKU1010,WH_WEST,7,1240.02,10.0,No,7812.13
510566,2025-04-24,SKU1022,WH_NORTH,7,278.9,0.0,No,1952.3
510570,2025-04-24,SKU1032,WH_SOUTH,25,2757.64,15.0,No,58599.85
510557,2025-04-24,SKU1009,WH_NORTH,4,1309.64,5.0,No,4976.63
510565,2025-04-24,SKU1021,WH_NORTH,5,2700.26,5.0,No,12826.24
510555,2025-04-24,SKU1005,WH_SOUTH,5,23473.03,0.0,No,117365.15
510562,2025-04-24,SKU1017,WH_SOUTH,11,2741.56,15.0,No,25633.59
510568,2025-04-24,SKU1026,WH_NORTH,8,994.38,0.0,Yes,7955.04
510561,2025-04-24,SKU1015,WH_NORTH,8,808.05,0.0,No,6464.4
510563,2025-04-24,SKU1018,WH_NORTH,8,2038.19,0.0,No,16305.52
510552,2025-04-24,SKU1001,WH_WEST,5,19525.32,15.0,No,82982.61
510560,2025-04-24,SKU1013,WH_NORTH,11,2835.28,0.0,No,31188.08
510554,2025-04-24,SKU1003,WH_NORTH,3,21674.48,0.0,No,65023.44
510556,2025-04-24,SKU1007,WH_NORTH,4,13190.2,10.0,No,47484.72
510551,2025-04-24,SKU1000,WH_SOUTH,5,9457.32,0.0,No,47286.6
510572,2025-04-24,SKU1039,WH_SOUTH,23,222.44,0.0,No,5116.12
510553,2025-04-24,SKU1002,WH_NORTH,4,4026.46,5.0,No,15300.55
510569,2025-04-24,SKU1031,WH_NORTH,21,2789.96,10.0,No,52730.24
510567,2025-04-24,SKU1023,WH_SOUTH,8,1257.73,5.0,No,9558.75
510564,2025-04-24,SKU1020,WH_SOUTH,9,2359.13,0.0,No,21232.17
510575,2025-04-25,SKU1005,WH_NORTH,5,23473.03,0.0,No,117365.15
510573,2025-04-25,SKU1002,WH_WEST,5,4026.46,0.0,No,20132.3
510583,2025-04-25,SKU1019,WH_SOUTH,16,1767.95,10.0,Yes,25458.48
510586,2025-04-25,SKU1028,WH_SOUTH,8,716.34,0.0,No,5730.72
510576,2025-04-25,SKU1006,WH_WEST,6,4707.6,0.0,No,28245.6
510588,2025-04-25,SKU1032,WH_WEST,19,2757.64,0.0,No,52395.16
510580,2025-04-25,SKU1011,WH_NORTH,10,282.38,10.0,No,2541.42
510578,2025-04-25,SKU1008,WH_NORTH,4,7387.04,0.0,No,29548.16
510579,2025-04-25,SKU1010,WH_SOUTH,11,1240.02,0.0,No,13640.22
510581,2025-04-25,SKU1015,WH_NORTH,12,808.05,10.0,No,8726.94
510582,2025-04-25,SKU1018,WH_NORTH,11,2038.19,10.0,No,20178.08
510574,2025-04-25,SKU1004,WH_NORTH,6,661.52,0.0,No,3969.12
510589,2025-04-25,SKU1035,WH_NORTH,20,1749.54,10.0,No,31491.72
510587,2025-04-25,SKU1031,WH_NORTH,38,2789.96,5.0,No,102042.79
510577,2025-04-25,SKU1007,WH_WEST,6,13190.2,0.0,No,79141.2
510591,2025-04-25,SKU1038,WH_WEST,18,1639.79,10.0,No,26564.6
510584,2025-04-25,SKU1023,WH_NORTH,10,1257.73,0.0,No,12577.3
510585,2025-04-25,SKU1027,WH_SOUTH,10,194.56,10.0,No,1751.04
510590,2025-04-25,SKU1036,WH_SOUTH,16,2919.38,10.0,No,42039.07
510592,2025-04-26,SKU1005,WH_SOUTH,7,23473.03,10.0,No,147880.09
510611,2025-04-26,SKU1035,WH_SOUTH,35,1749.54,0.0,No,61233.9
510613,2025-04-26,SKU1039,WH_NORTH,20,222.44,10.0,No,4003.92
510602,2025-04-26,SKU1018,WH_SOUTH,12,2038.19,15.0,No,20789.54
510593,2025-04-26,SKU1006,WH_SOUTH,7,4707.6,0.0,No,32953.2
510597,2025-04-26,SKU1013,WH_NORTH,12,2835.28,5.0,No,32322.19
510604,2025-04-26,SKU1020,WH_WEST,11,2359.13,0.0,No,25950.43
510605,2025-04-26,SKU1021,WH_NORTH,12,2700.26,0.0,No,32403.12
510609,2025-04-26,SKU1028,WH_NORTH,12,716.34,15.0,No,7306.67
510612,2025-04-26,SKU1038,WH_WEST,30,1639.79,0.0,No,49193.7
510594,2025-04-26,SKU1010,WH_WEST,12,1240.02,0.0,No,14880.24
510607,2025-04-26,SKU1024,WH_SOUTH,16,1822.24,15.0,Yes,24782.46
510610,2025-04-26,SKU1033,WH_WEST,18,1093.06,0.0,No,19675.08
510596,2025-04-26,SKU1012,WH_SOUTH,14,1433.92,15.0,No,17063.65
510608,2025-04-26,SKU1025,WH_NORTH,8,1880.05,0.0,No,15040.4
510598,2025-04-26,SKU1014,WH_SOUTH,14,1248.44,0.0,No,17478.16
510600,2025-04-26,SKU1016,WH_SOUTH,8,497.81,0.0,No,3982.48
510601,2025-04-26,SKU1017,WH_WEST,14,2741.56,5.0,No,36462.75
510606,2025-04-26,SKU1022,WH_WEST,6,278.9,0.0,No,1673.4
510599,2025-04-26,SKU1015,WH_WEST,14,808.05,15.0,Yes,9615.79
510595,2025-04-26,SKU1011,WH_SOUTH,11,282.38,15.0,No,2640.25
510603,2025-04-26,SKU1019,WH_SOUTH,11,1767.95,0.0,No,19447.45
510618,2025-04-27,SKU1014,WH_SOUTH,10,1248.44,0.0,No,12484.4
510620,2025-04-27,SKU1017,WH_WEST,20,2741.56,5.0,No,53391.88
510624,2025-04-27,SKU1025,WH_SOUTH,8,1880.05,10.0,No,13536.36
510622,2025-04-27,SKU1021,WH_WEST,10,2700.26,10.0,No,24302.34
510621,2025-04-27,SKU1018,WH_SOUTH,10,2038.19,0.0,No,20381.9
510623,2025-04-27,SKU1023,WH_NORTH,16,1257.73,0.0,Yes,20123.68
510619,2025-04-27,SKU1015,WH_SOUTH,11,808.05,0.0,No,8888.55
510617,2025-04-27,SKU1010,WH_NORTH,14,1240.02,0.0,No,17360.28
510615,2025-04-27,SKU1004,WH_SOUTH,7,661.52,0.0,No,4630.64
510616,2025-04-27,SKU1007,WH_WEST,5,13190.2,15.0,No,56058.35
510628,2025-04-27,SKU1036,WH_NORTH,12,2919.38,5.0,No,33280.93
510627,2025-04-27,SKU1032,WH_SOUTH,20,2757.64,0.0,No,55152.8
510626,2025-04-27,SKU1031,WH_WEST,24,2789.96,5.0,No,63611.09
510614,2025-04-27,SKU1000,WH_WEST,8,9457.32,20.0,No,60526.85
510625,2025-04-27,SKU1027,WH_SOUTH,8,194.56,5.0,No,1478.66
510631,2025-04-28,SKU1002,WH_SOUTH,4,4026.46,0.0,No,16105.84
510640,2025-04-28,SKU1025,WH_SOUTH,8,1880.05,0.0,No,15040.4
510642,2025-04-28,SKU1027,WH_WEST,7,194.56,10.0,No,1225.73
510641,2025-04-28,SKU1026,WH_NORTH,5,994.38,5.0,No,4723.3
510637,2025-04-28,SKU1021,WH_WEST,7,2700.26,0.0,No,18901.82
510629,2025-04-28,SKU1000,WH_WEST,3,9457.32,10.0,No,25534.76
510634,2025-04-28,SKU1014,WH_NORTH,11,1248.44,0.0,No,13732.84
510645,2025-04-28,SKU1034,WH_NORTH,21,2229.38,0.0,No,46816.98
510644,2025-04-28,SKU1032,WH_SOUTH,22,2757.64,0.0,No,60668.08
510636,2025-04-28,SKU1020,WH_WEST,6,2359.13,0.0,No,14154.78
510635,2025-04-28,SKU1019,WH_NORTH,9,1767.95,5.0,No,15115.97
510646,2025-04-28,SKU1039,WH_SOUTH,21,222.44,0.0,No,4671.24
510632,2025-04-28,SKU1003,WH_SOUTH,4,21674.48,10.0,No,78028.13
510633,2025-04-28,SKU1004,WH_NORTH,7,661.52,0.0,No,4630.64
510638,2025-04-28,SKU1022,WH_SOUTH,11,278.9,0.0,No,3067.9
510630,2025-04-28,SKU1001,WH_WEST,6,19525.32,10.0,No,105436.73
510643,2025-04-28,SKU1028,WH_SOUTH,6,716.34,0.0,No,4298.04
510639,2025-04-28,SKU1024,WH_NORTH,6,1822.24,15.0,No,9293.42
510648,2025-04-29,SKU1002,WH_NORTH,5,4026.46,0.0,No,20132.3
510650,2025-04-29,SKU1007,WH_NORTH,3,13190.2,0.0,No,39570.6
510647,2025-04-29,SKU1000,WH_SOUTH,2,9457.32,10.0,No,17023.18
510674,2025-04-29,SKU1038,WH_NORTH,38,1639.79,0.0,Yes,63131.92
510675,2025-04-29,SKU1039,WH_NORTH,23,222.44,0.0,No,5116.12
510656,2025-04-29,SKU1015,WH_NORTH,13,808.05,0.0,No,10504.65
510660,2025-04-29,SKU1019,WH_WEST,9,1767.95,0.0,No,15911.55
510667,2025-04-29,SKU1028,WH_WEST,9,716.34,5.0,No,6124.71
510669,2025-04-29,SKU1032,WH_SOUTH,14,2757.64,15.0,No,32815.92
510665,2025-04-29,SKU1026,WH_NORTH,8,994.38,5.0,No,7557.29
510654,2025-04-29,SKU1012,WH_NORTH,7,1433.92,0.0,No,10037.44
510652,2025-04-29,SKU1010,WH_SOUTH,9,1240.02,0.0,No,11160.18
510672,2025-04-29,SKU1036,WH_WEST,14,2919.38,0.0,No,40871.32
510664,2025-04-29,SKU1024,WH_SOUTH,5,1822.24,10.0,No,8200.08
510663,2025-04-29,SKU1023,WH_WEST,6,1257.73,15.0,No,6414.42
510653,2025-04-29,SKU1011,WH_WEST,9,282.38,0.0,No,2541.42
510670,2025-04-29,SKU1033,WH_WEST,19,1093.06,20.0,No,16614.51
510658,2025-04-29,SKU1017,WH_NORTH,7,2741.56,5.0,No,18231.37
510655,2025-04-29,SKU1014,WH_SOUTH,18,1248.44,15.0,Yes,19101.13
510673,2025-04-29,SKU1037,WH_WEST,28,2206.93,10.0,No,55614.64
510662,2025-04-29,SKU1022,WH_WEST,3,278.9,0.0,No,836.7
510649,2025-04-29,SKU1003,WH_SOUTH,3,21674.48,0.0,No,65023.44
510657,2025-04-29,SKU1016,WH_NORTH,19,497.81,0.0,Yes,9458.39
510666,2025-04-29,SKU1027,WH_SOUTH,8,194.56,0.0,No,1556.48
510661,2025-04-29,SKU1020,WH_SOUTH,10,2359.13,5.0,No,22411.74
510651,2025-04-29,SKU1008,WH_SOUTH,5,7387.04,0.0,No,36935.2
510671,2025-04-29,SKU1034,WH_WEST,21,2229.38,0.0,No,46816.98
510668,2025-04-29,SKU1031,WH_WEST,22,2789.96,5.0,No,58310.16
510659,2025-04-29,SKU1018,WH_NORTH,11,2038.19,15.0,No,19057.08
510687,2025-04-30,SKU1017,WH_SOUTH,5,2741.56,0.0,No,13707.8
510676,2025-04-30,SKU1000,WH_WEST,3,9457.32,10.0,No,25534.76
510700,2025-04-30,SKU1037,WH_SOUTH,20,2206.93,5.0,No,41931.67
510694,2025-04-30,SKU1028,WH_NORTH,7,716.34,0.0,No,5014.38
510681,2025-04-30,SKU1007,WH_WEST,4,13190.2,0.0,No,52760.8
510686,2025-04-30,SKU1016,WH_WEST,13,497.81,5.0,No,6147.95
510696,2025-04-30,SKU1031,WH_SOUTH,22,2789.96,10.0,No,55241.21
510688,2025-04-30,SKU1018,WH_NORTH,9,2038.19,15.0,No,15592.15
510693,2025-04-30,SKU1026,WH_SOUTH,10,994.38,5.0,No,9446.61
510699,2025-04-30,SKU1036,WH_WEST,10,2919.38,0.0,No,29193.8
510677,2025-04-30,SKU1002,WH_NORTH,7,4026.46,5.0,Yes,26775.96
510690,2025-04-30,SKU1020,WH_WEST,13,2359.13,0.0,Yes,30668.69
510692,2025-04-30,SKU1025,WH_NORTH,7,1880.05,0.0,No,13160.35
510689,2025-04-30,SKU1019,WH_NORTH,10,1767.95,0.0,No,17679.5
510697,2025-04-30,SKU1033,WH_SOUTH,16,1093.06,0.0,No,17488.96
510683,2025-04-30,SKU1009,WH_WEST,3,1309.64,20.0,No,3143.14
510684,2025-04-30,SKU1014,WH_SOUTH,11,1248.44,0.0,No,13732.84
510679,2025-04-30,SKU1005,WH_NORTH,9,23473.03,0.0,Yes,211257.27
510698,2025-04-30,SKU1035,WH_NORTH,19,1749.54,0.0,No,33241.26
510685,2025-04-30,SKU1015,WH_NORTH,15,808.05,0.0,Yes,12120.75
510691,2025-04-30,SKU1024,WH_SOUTH,8,1822.24,0.0,No,14577.92
510695,2025-04-30,SKU1029,WH_WEST,10,716.7,15.0,No,6091.95
510678,2025-04-30,SKU1004,WH_WEST,4,661.52,10.0,No,2381.47
510680,2025-04-30,SKU1006,WH_NORTH,9,4707.6,0.0,Yes,42368.4
510682,2025-04-30,SKU1008,WH_SOUTH,4,7387.04,0.0,No,29548.16
510711,2025-05-01,SKU1022,WH_WEST,10,278.9,0.0,No,2789.0
510704,2025-05-01,SKU1008,WH_NORTH,3,7387.04,0.0,No,22161.12
510714,2025-05-01,SKU1028,WH_WEST,7,716.34,5.0,No,4763.66
510705,2025-05-01,SKU1011,WH_WEST,10,282.38,0.0,No,2823.8
510707,2025-05-01,SKU1014,WH_SOUTH,9,1248.44,0.0,No,11235.96
510716,2025-05-01,SKU1030,WH_SOUTH,22,2402.0,5.0,No,50201.8
510715,2025-05-01,SKU1029,WH_SOUTH,10,716.7,0.0,No,7167.0
510719,2025-05-01,SKU1034,WH_SOUTH,19,2229.38,0.0,No,42358.22
510713,2025-05-01,SKU1026,WH_NORTH,4,994.38,15.0,No,3380.89
510717,2025-05-01,SKU1032,WH_WEST,25,2757.64,0.0,No,68941.0
510710,2025-05-01,SKU1021,WH_SOUTH,7,2700.26,0.0,No,18901.82
510718,2025-05-01,SKU1033,WH_SOUTH,15,1093.06,0.0,No,16395.9
510706,2025-05-01,SKU1012,WH_WEST,12,1433.92,0.0,No,17207.04
510709,2025-05-01,SKU1018,WH_NORTH,9,2038.19,5.0,Yes,17426.52
510712,2025-05-01,SKU1025,WH_NORTH,8,1880.05,0.0,No,15040.4
510721,2025-05-01,SKU1039,WH_NORTH,26,222.44,10.0,No,5205.1
510720,2025-05-01,SKU1037,WH_SOUTH,25,2206.93,10.0,No,49655.92
510702,2025-05-01,SKU1001,WH_SOUTH,4,19525.32,0.0,No,78101.28
510701,2025-05-01,SKU1000,WH_SOUTH,7,9457.32,5.0,Yes,62891.18
510703,2025-05-01,SKU1007,WH_NORTH,2,13190.2,10.0,No,23742.36
510708,2025-05-01,SKU1016,WH_SOUTH,11,497.81,0.0,No,5475.91
510729,2025-05-02,SKU1010,WH_NORTH,9,1240.02,15.0,No,9486.15
510736,2025-05-02,SKU1021,WH_SOUTH,6,2700.26,0.0,No,16201.56
510722,2025-05-02,SKU1002,WH_NORTH,5,4026.46,15.0,No,17112.45
510741,2025-05-02,SKU1027,WH_WEST,6,194.56,0.0,No,1167.36
510723,2025-05-02,SKU1003,WH_SOUTH,5,21674.48,0.0,No,108372.4
510745,2025-05-02,SKU1038,WH_SOUTH,14,1639.79,0.0,No,22957.06
510738,2025-05-02,SKU1023,WH_SOUTH,8,1257.73,20.0,No,8049.47
510726,2025-05-02,SKU1007,WH_SOUTH,9,13190.2,5.0,Yes,112776.21
510725,2025-05-02,SKU1005,WH_WEST,5,23473.03,0.0,Yes,117365.15
510740,2025-05-02,SKU1026,WH_SOUTH,7,994.38,5.0,No,6612.63
510728,2025-05-02,SKU1009,WH_NORTH,5,1309.64,0.0,No,6548.2
510732,2025-05-02,SKU1014,WH_WEST,9,1248.44,10.0,No,10112.36
510739,2025-05-02,SKU1025,WH_SOUTH,8,1880.05,5.0,No,14288.38
510733,2025-05-02,SKU1015,WH_SOUTH,13,808.05,0.0,No,10504.65
510730,2025-05-02,SKU1012,WH_WEST,8,1433.92,15.0,No,9750.66
510735,2025-05-02,SKU1020,WH_SOUTH,9,2359.13,0.0,No,21232.17
510737,2025-05-02,SKU1022,WH_NORTH,10,278.9,0.0,No,2789.0
510743,2025-05-02,SKU1031,WH_NORTH,19,2789.96,10.0,No,47708.32
510734,2025-05-02,SKU1017,WH_WEST,15,2741.56,5.0,No,39067.23
510746,2025-05-02,SKU1039,WH_SOUTH,19,222.44,0.0,No,4226.36
510724,2025-05-02,SKU1004,WH_WEST,5,661.52,15.0,No,2811.46
510744,2025-05-02,SKU1032,WH_NORTH,28,2757.64,0.0,Yes,77213.92
510731,2025-05-02,SKU1013,WH_NORTH,18,2835.28,0.0,Yes,51035.04
510742,2025-05-02,SKU1030,WH_WEST,17,2402.0,5.0,No,38792.3
510727,2025-05-02,SKU1008,WH_NORTH,6,7387.04,0.0,No,44322.24
510749,2025-05-03,SKU1008,WH_WEST,9,7387.04,0.0,Yes,66483.36
510757,2025-05-03,SKU1023,WH_WEST,13,1257.73,5.0,No,15532.97
510755,2025-05-03,SKU1019,WH_WEST,11,1767.95,0.0,No,19447.45
510761,2025-05-03,SKU1032,WH_NORTH,22,2757.64,0.0,No,60668.08
510756,2025-05-03,SKU1022,WH_NORTH,14,278.9,0.0,No,3904.6
510750,2025-05-03,SKU1011,WH_SOUTH,20,282.38,0.0,Yes,5788.79
510754,2025-05-03,SKU1016,WH_WEST,13,497.81,10.0,No,5824.38
510752,2025-05-03,SKU1013,WH_SOUTH,13,2835.28,0.0,No,36858.64
510753,2025-05-03,SKU1014,WH_NORTH,14,1248.44,0.0,No,17478.16
510747,2025-05-03,SKU1001,WH_NORTH,7,19525.32,0.0,No,136677.24
510760,2025-05-03,SKU1029,WH_WEST,13,716.7,0.0,Yes,9317.1
510758,2025-05-03,SKU1025,WH_SOUTH,14,1880.05,0.0,No,26320.7
510762,2025-05-03,SKU1033,WH_SOUTH,19,1093.06,0.0,No,20768.14
510759,2025-05-03,SKU1027,WH_SOUTH,10,194.56,10.0,No,1751.04
510751,2025-05-03,SKU1012,WH_NORTH,9,1433.92,10.0,No,11614.75
510764,2025-05-03,SKU1035,WH_NORTH,38,1749.54,0.0,Yes,66482.52
510748,2025-05-03,SKU1003,WH_SOUTH,5,21674.48,20.0,No,86697.92
510765,2025-05-03,SKU1036,WH_NORTH,26,2919.38,10.0,No,68313.49
510763,2025-05-03,SKU1034,WH_SOUTH,29,2229.38,0.0,No,64652.02
510768,2025-05-04,SKU1004,WH_SOUTH,4,661.52,0.0,No,2646.08
510766,2025-05-04,SKU1001,WH_WEST,4,19525.32,0.0,No,78101.28
510783,2025-05-04,SKU1035,WH_SOUTH,20,1749.54,0.0,No,34990.8
510769,2025-05-04,SKU1006,WH_SOUTH,9,4707.6,0.0,No,42368.4
510767,2025-05-04,SKU1003,WH_NORTH,7,21674.48,0.0,No,151721.36
510776,2025-05-04,SKU1019,WH_SOUTH,10,1767.95,15.0,No,15027.58
510784,2025-05-04,SKU1037,WH_SOUTH,26,2206.93,0.0,No,57380.18
510773,2025-05-04,SKU1015,WH_WEST,20,808.05,0.0,Yes,16565.02
510779,2025-05-04,SKU1026,WH_NORTH,7,994.38,0.0,No,6960.66
510778,2025-05-04,SKU1022,WH_NORTH,9,278.9,5.0,No,2384.59
510774,2025-05-04,SKU1017,WH_WEST,17,2741.56,0.0,No,46606.52
510777,2025-05-04,SKU1021,WH_SOUTH,3,2700.26,15.0,No,6885.66
510785,2025-05-04,SKU1038,WH_NORTH,21,1639.79,10.0,No,30992.03
510781,2025-05-04,SKU1032,WH_SOUTH,18,2757.64,20.0,No,39710.02
510770,2025-05-04,SKU1008,WH_SOUTH,7,7387.04,10.0,No,46538.35
510772,2025-05-04,SKU1014,WH_NORTH,14,1248.44,0.0,No,17478.16
510771,2025-05-04,SKU1011,WH_NORTH,19,282.38,5.0,Yes,5096.96
510782,2025-05-04,SKU1033,WH_WEST,22,1093.06,0.0,No,24047.32
510780,2025-05-04,SKU1027,WH_WEST,8,194.56,0.0,No,1556.48
510775,2025-05-04,SKU1018,WH_SOUTH,13,2038.19,0.0,No,26496.47
510804,2025-05-05,SKU1032,WH_SOUTH,20,2757.64,15.0,No,46879.88
510799,2025-05-05,SKU1023,WH_NORTH,5,1257.73,0.0,No,6288.65
510790,2025-05-05,SKU1008,WH_WEST,4,7387.04,0.0,No,29548.16
510809,2025-05-05,SKU1039,WH_WEST,15,222.44,0.0,No,3336.6
510794,2025-05-05,SKU1017,WH_WEST,10,2741.56,15.0,No,23303.26
510786,2025-05-05,SKU1000,WH_SOUTH,3,9457.32,0.0,No,28371.96
510791,2025-05-05,SKU1009,WH_SOUTH,3,1309.64,0.0,No,3928.92
510801,2025-05-05,SKU1027,WH_SOUTH,8,194.56,5.0,No,1478.66
510795,2025-05-05,SKU1018,WH_WEST,10,2038.19,0.0,No,20381.9
510802,2025-05-05,SKU1028,WH_NORTH,9,716.34,0.0,No,6447.06
510798,2025-05-05,SKU1021,WH_WEST,8,2700.26,15.0,No,18361.77
510803,2025-05-05,SKU1030,WH_NORTH,38,2402.0,0.0,Yes,92477.0
510787,2025-05-05,SKU1002,WH_WEST,6,4026.46,0.0,No,24158.76
510788,2025-05-05,SKU1005,WH_WEST,8,23473.03,5.0,Yes,178395.03
510797,2025-05-05,SKU1020,WH_WEST,7,2359.13,0.0,No,16513.91
510793,2025-05-05,SKU1014,WH_NORTH,8,1248.44,0.0,No,9987.52
510805,2025-05-05,SKU1033,WH_WEST,22,1093.06,0.0,No,24047.32
510800,2025-05-05,SKU1025,WH_WEST,8,1880.05,5.0,No,14288.38
510808,2025-05-05,SKU1038,WH_SOUTH,20,1639.79,0.0,No,32795.8
510807,2025-05-05,SKU1037,WH_NORTH,21,2206.93,0.0,No,46345.53
510806,2025-05-05,SKU1034,WH_WEST,15,2229.38,15.0,Yes,28424.6
510789,2025-05-05,SKU1006,WH_SOUTH,4,4707.6,5.0,No,17888.88
510792,2025-05-05,SKU1010,WH_WEST,12,1240.02,0.0,No,14880.24
510796,2025-05-05,SKU1019,WH_SOUTH,11,1767.95,0.0,No,19447.45
510828,2025-05-06,SKU1036,WH_SOUTH,17,2919.38,0.0,No,49629.46
510817,2025-05-06,SKU1018,WH_WEST,20,2038.19,0.0,Yes,41782.9
510812,2025-05-06,SKU1008,WH_WEST,4,7387.04,0.0,No,29548.16
510818,2025-05-06,SKU1020,WH_SOUTH,8,2359.13,0.0,No,18873.04
510821,2025-05-06,SKU1024,WH_SOUTH,10,1822.24,5.0,No,17311.28
510823,2025-05-06,SKU1027,WH_NORTH,12,194.56,5.0,No,2217.98
510815,2025-05-06,SKU1013,WH_WEST,8,2835.28,0.0,No,22682.24
510829,2025-05-06,SKU1039,WH_NORTH,23,222.44,0.0,No,5116.12
510822,2025-05-06,SKU1026,WH_NORTH,10,994.38,0.0,No,9943.8
510813,2025-05-06,SKU1011,WH_WEST,13,282.38,10.0,No,3303.85
510820,2025-05-06,SKU1022,WH_NORTH,8,278.9,10.0,No,2008.08
510825,2025-05-06,SKU1033,WH_NORTH,15,1093.06,5.0,No,15576.1
510827,2025-05-06,SKU1035,WH_NORTH,38,1749.54,20.0,Yes,53885.83
510810,2025-05-06,SKU1001,WH_NORTH,5,19525.32,0.0,No,97626.6
510819,2025-05-06,SKU1021,WH_WEST,7,2700.26,5.0,No,17956.73
510811,2025-05-06,SKU1007,WH_NORTH,5,13190.2,10.0,No,59355.9
510826,2025-05-06,SKU1034,WH_SOUTH,18,2229.38,0.0,No,40128.84
510814,2025-05-06,SKU1012,WH_SOUTH,5,1433.92,0.0,No,7169.6
510816,2025-05-06,SKU1014,WH_SOUTH,9,1248.44,0.0,No,11235.96
510824,2025-05-06,SKU1028,WH_NORTH,7,716.34,0.0,No,5014.38
510831,2025-05-07,SKU1002,WH_WEST,5,4026.46,0.0,No,20132.3
510836,2025-05-07,SKU1019,WH_WEST,9,1767.95,5.0,No,15115.97
510840,2025-05-07,SKU1023,WH_NORTH,6,1257.73,0.0,No,7546.38
510835,2025-05-07,SKU1017,WH_NORTH,14,2741.56,0.0,Yes,38381.84
510848,2025-05-07,SKU1037,WH_NORTH,35,2206.93,0.0,Yes,77242.55
510845,2025-05-07,SKU1033,WH_NORTH,14,1093.06,15.0,No,13007.41
510838,2025-05-07,SKU1021,WH_SOUTH,13,2700.26,10.0,Yes,31593.04
510842,2025-05-07,SKU1028,WH_WEST,7,716.34,0.0,No,5014.38
510833,2025-05-07,SKU1012,WH_SOUTH,8,1433.92,0.0,No,11471.36
510839,2025-05-07,SKU1022,WH_NORTH,9,278.9,15.0,No,2133.58
510834,2025-05-07,SKU1014,WH_WEST,11,1248.44,15.0,No,11672.91
510841,2025-05-07,SKU1024,WH_NORTH,8,1822.24,0.0,No,14577.92
510847,2025-05-07,SKU1035,WH_NORTH,21,1749.54,10.0,No,33066.31
510837,2025-05-07,SKU1020,WH_SOUTH,11,2359.13,5.0,No,24652.91
510844,2025-05-07,SKU1032,WH_WEST,10,2757.64,0.0,No,27576.4
510846,2025-05-07,SKU1034,WH_SOUTH,21,2229.38,0.0,No,46816.98
510830,2025-05-07,SKU1001,WH_SOUTH,4,19525.32,15.0,No,66386.09
510849,2025-05-07,SKU1038,WH_WEST,24,1639.79,20.0,Yes,31483.97
510843,2025-05-07,SKU1031,WH_WEST,18,2789.96,15.0,No,42686.39
510832,2025-05-07,SKU1009,WH_SOUTH,2,1309.64,0.0,No,2619.28
510850,2025-05-07,SKU1039,WH_WEST,19,222.44,0.0,No,4226.36
510868,2025-05-08,SKU1027,WH_NORTH,5,194.56,20.0,No,778.24
510857,2025-05-08,SKU1010,WH_SOUTH,11,1240.02,0.0,Yes,13640.22
510869,2025-05-08,SKU1028,WH_SOUTH,10,716.34,0.0,No,7163.4
510867,2025-05-08,SKU1026,WH_NORTH,7,994.38,0.0,No,6960.66
510866,2025-05-08,SKU1025,WH_NORTH,12,1880.05,0.0,No,22560.6
510858,2025-05-08,SKU1013,WH_SOUTH,13,2835.28,5.0,No,35015.71
510853,2025-05-08,SKU1005,WH_NORTH,4,23473.03,10.0,No,84502.91
510862,2025-05-08,SKU1020,WH_SOUTH,8,2359.13,5.0,No,17929.39
510856,2025-05-08,SKU1009,WH_WEST,6,1309.64,0.0,No,7857.84
510872,2025-05-08,SKU1035,WH_NORTH,19,1749.54,0.0,Yes,33241.26
510860,2025-05-08,SKU1018,WH_WEST,8,2038.19,0.0,No,16305.52
510864,2025-05-08,SKU1023,WH_SOUTH,9,1257.73,20.0,No,9055.66
510865,2025-05-08,SKU1024,WH_NORTH,12,1822.24,0.0,Yes,21866.88
510852,2025-05-08,SKU1004,WH_WEST,9,661.52,20.0,Yes,4762.94
510855,2025-05-08,SKU1007,WH_SOUTH,4,13190.2,5.0,No,50122.76
510861,2025-05-08,SKU1019,WH_WEST,10,1767.95,5.0,No,16795.52
510871,2025-05-08,SKU1034,WH_WEST,10,2229.38,20.0,No,17835.04
510854,2025-05-08,SKU1006,WH_WEST,8,4707.6,0.0,No,37660.8
510874,2025-05-08,SKU1038,WH_WEST,26,1639.79,5.0,No,40502.81
510863,2025-05-08,SKU1021,WH_SOUTH,7,2700.26,0.0,No,18901.82
510870,2025-05-08,SKU1032,WH_NORTH,37,2757.64,0.0,Yes,102032.68
510851,2025-05-08,SKU1003,WH_WEST,5,21674.48,10.0,No,97535.16
510873,2025-05-08,SKU1036,WH_SOUTH,25,2919.38,15.0,No,62036.82
510859,2025-05-08,SKU1017,WH_NORTH,10,2741.56,10.0,No,24674.04
510877,2025-05-09,SKU1009,WH_WEST,7,1309.64,10.0,Yes,8250.73
510884,2025-05-09,SKU1018,WH_WEST,11,2038.19,0.0,No,22420.09
510887,2025-05-09,SKU1021,WH_WEST,9,2700.26,0.0,No,24302.34
510895,2025-05-09,SKU1032,WH_SOUTH,29,2757.64,0.0,No,79971.56
510893,2025-05-09,SKU1028,WH_WEST,10,716.34,0.0,No,7163.4
510892,2025-05-09,SKU1027,WH_WEST,9,194.56,15.0,No,1488.38
510883,2025-05-09,SKU1017,WH_NORTH,2,2741.56,10.0,Yes,4934.81
510891,2025-05-09,SKU1026,WH_SOUTH,6,994.38,10.0,No,5369.65
510890,2025-05-09,SKU1025,WH_WEST,7,1880.05,0.0,No,13160.35
510882,2025-05-09,SKU1016,WH_WEST,7,497.81,10.0,No,3136.2
510898,2025-05-09,SKU1037,WH_NORTH,16,2206.93,10.0,No,31779.79
510888,2025-05-09,SKU1022,WH_WEST,10,278.9,10.0,No,2510.1
510886,2025-05-09,SKU1020,WH_NORTH,10,2359.13,0.0,No,23591.3
510889,2025-05-09,SKU1024,WH_NORTH,8,1822.24,0.0,No,14577.92
510894,2025-05-09,SKU1031,WH_NORTH,16,2789.96,0.0,No,44639.36
510880,2025-05-09,SKU1013,WH_WEST,12,2835.28,10.0,No,30621.02
510876,2025-05-09,SKU1008,WH_NORTH,5,7387.04,0.0,No,36935.2
510885,2025-05-09,SKU1019,WH_WEST,9,1767.95,0.0,No,15911.55
510878,2025-05-09,SKU1010,WH_WEST,10,1240.02,0.0,No,12400.2
510896,2025-05-09,SKU1033,WH_WEST,19,1093.06,0.0,Yes,20768.14
510875,2025-05-09,SKU1006,WH_WEST,5,4707.6,0.0,No,23538.0
510899,2025-05-09,SKU1038,WH_WEST,14,1639.79,0.0,No,22957.06
510897,2025-05-09,SKU1034,WH_WEST,12,2229.38,0.0,No,26752.56
510879,2025-05-09,SKU1011,WH_SOUTH,9,282.38,0.0,No,2541.42
510881,2025-05-09,SKU1014,WH_WEST,11,1248.44,15.0,No,11672.91
510906,2025-05-10,SKU1008,WH_WEST,8,7387.04,0.0,No,59096.32
510907,2025-05-10,SKU1012,WH_WEST,15,1433.92,10.0,No,19357.92
510903,2025-05-10,SKU1005,WH_WEST,7,23473.03,0.0,No,164311.21
510905,2025-05-10,SKU1007,WH_SOUTH,6,13190.2,0.0,No,79141.2
510918,2025-05-10,SKU1029,WH_WEST,9,716.7,0.0,No,6450.3
510917,2025-05-10,SKU1028,WH_WEST,9,716.34,0.0,No,6447.06
510916,2025-05-10,SKU1027,WH_NORTH,9,194.56,0.0,Yes,1751.04
510919,2025-05-10,SKU1037,WH_NORTH,21,2206.93,0.0,No,46345.53
510910,2025-05-10,SKU1017,WH_WEST,8,2741.56,5.0,No,20835.86
510901,2025-05-10,SKU1002,WH_NORTH,8,4026.46,0.0,No,32211.68
510908,2025-05-10,SKU1014,WH_SOUTH,13,1248.44,0.0,No,16229.72
510909,2025-05-10,SKU1015,WH_NORTH,9,808.05,15.0,No,6181.58
510904,2025-05-10,SKU1006,WH_SOUTH,6,4707.6,15.0,No,24008.76
510920,2025-05-10,SKU1038,WH_NORTH,29,1639.79,0.0,No,47553.91
510900,2025-05-10,SKU1001,WH_WEST,6,19525.32,0.0,No,117151.92
510902,2025-05-10,SKU1003,WH_WEST,5,21674.48,0.0,No,108372.4
510911,2025-05-10,SKU1018,WH_WEST,14,2038.19,10.0,No,25681.19
510913,2025-05-10,SKU1021,WH_NORTH,16,2700.26,0.0,Yes,43204.16
510914,2025-05-10,SKU1022,WH_SOUTH,11,278.9,5.0,No,2914.5
510915,2025-05-10,SKU1024,WH_NORTH,7,1822.24,0.0,No,12755.68
510912,2025-05-10,SKU1019,WH_SOUTH,11,1767.95,5.0,No,18475.08
510925,2025-05-11,SKU1007,WH_WEST,8,13190.2,0.0,No,105521.6
510932,2025-05-11,SKU1017,WH_SOUTH,10,2741.56,0.0,No,27415.6
510929,2025-05-11,SKU1013,WH_SOUTH,10,2835.28,0.0,No,28352.8
510934,2025-05-11,SKU1020,WH_WEST,7,2359.13,15.0,No,14036.82
510938,2025-05-11,SKU1037,WH_WEST,28,2206.93,0.0,No,61794.04
510928,2025-05-11,SKU1011,WH_SOUTH,19,282.38,0.0,No,5365.22
510923,2025-05-11,SKU1005,WH_WEST,7,23473.03,0.0,No,164311.21
510931,2025-05-11,SKU1016,WH_SOUTH,12,497.81,5.0,No,5675.03
510937,2025-05-11,SKU1034,WH_SOUTH,24,2229.38,10.0,No,48154.61
510921,2025-05-11,SKU1001,WH_WEST,7,19525.32,0.0,No,136677.24
510933,2025-05-11,SKU1018,WH_NORTH,8,2038.19,0.0,No,16305.52
510936,2025-05-11,SKU1029,WH_SOUTH,8,716.7,10.0,No,5160.24
510930,2025-05-11,SKU1014,WH_SOUTH,9,1248.44,0.0,No,11235.96
510935,2025-05-11,SKU1021,WH_NORTH,12,2700.26,0.0,No,32403.12
510924,2025-05-11,SKU1006,WH_NORTH,5,4707.6,15.0,No,20007.3
510926,2025-05-11,SKU1009,WH_WEST,7,1309.64,0.0,No,9167.48
510927,2025-05-11,SKU1010,WH_NORTH,14,1240.02,0.0,No,17360.28
510922,2025-05-11,SKU1002,WH_SOUTH,7,4026.46,10.0,No,25366.7
510952,2025-05-12,SKU1022,WH_SOUTH,6,278.9,0.0,No,1673.4
510958,2025-05-12,SKU1032,WH_NORTH,26,2757.64,0.0,No,71698.64
510946,2025-05-12,SKU1013,WH_NORTH,8,2835.28,10.0,No,20414.02
510957,2025-05-12,SKU1031,WH_NORTH,25,2789.96,5.0,No,66261.55
510941,2025-05-12,SKU1007,WH_WEST,6,13190.2,10.0,No,71227.08
510943,2025-05-12,SKU1009,WH_SOUTH,5,1309.64,15.0,No,5565.97
510955,2025-05-12,SKU1026,WH_WEST,8,994.38,0.0,No,7955.04
510944,2025-05-12,SKU1010,WH_WEST,12,1240.02,0.0,No,14880.24
510951,2025-05-12,SKU1019,WH_SOUTH,9,1767.95,5.0,No,15115.97
510942,2025-05-12,SKU1008,WH_NORTH,4,7387.04,0.0,No,29548.16
510945,2025-05-12,SKU1011,WH_NORTH,8,282.38,0.0,No,2259.04
510961,2025-05-12,SKU1039,WH_NORTH,27,222.44,10.0,No,5405.29
510947,2025-05-12,SKU1014,WH_NORTH,13,1248.44,5.0,No,15418.23
510949,2025-05-12,SKU1016,WH_SOUTH,13,497.81,5.0,No,6147.95
510940,2025-05-12,SKU1005,WH_NORTH,8,23473.03,0.0,No,187784.24
510950,2025-05-12,SKU1018,WH_WEST,11,2038.19,0.0,No,22420.09
510954,2025-05-12,SKU1025,WH_SOUTH,8,1880.05,0.0,No,15040.4
510956,2025-05-12,SKU1030,WH_WEST,17,2402.0,0.0,No,40834.0
510960,2025-05-12,SKU1034,WH_SOUTH,19,2229.38,0.0,No,42358.22
510939,2025-05-12,SKU1003,WH_SOUTH,5,21674.48,0.0,No,108372.4
510948,2025-05-12,SKU1015,WH_SOUTH,6,808.05,0.0,No,4848.3
510959,2025-05-12,SKU1033,WH_NORTH,18,1093.06,0.0,No,19675.08
510953,2025-05-12,SKU1023,WH_SOUTH,8,1257.73,0.0,No,10061.84
510968,2025-05-13,SKU1016,WH_WEST,6,497.81,0.0,No,2986.86
510962,2025-05-13,SKU1001,WH_NORTH,7,19525.32,5.0,No,129843.38
510972,2025-05-13,SKU1022,WH_WEST,10,278.9,15.0,No,2370.65
510965,2025-05-13,SKU1009,WH_WEST,3,1309.64,10.0,No,3536.03
510977,2025-05-13,SKU1030,WH_NORTH,21,2402.0,0.0,No,50442.0
510982,2025-05-13,SKU1039,WH_NORTH,38,222.44,0.0,Yes,8563.94
510978,2025-05-13,SKU1032,WH_SOUTH,22,2757.64,0.0,No,60668.08
510963,2025-05-13,SKU1002,WH_NORTH,5,4026.46,0.0,No,20132.3
510975,2025-05-13,SKU1026,WH_NORTH,7,994.38,0.0,No,6960.66
510970,2025-05-13,SKU1018,WH_NORTH,10,2038.19,0.0,No,20381.9
510981,2025-05-13,SKU1036,WH_SOUTH,10,2919.38,0.0,No,29193.8
510971,2025-05-13,SKU1019,WH_SOUTH,13,1767.95,20.0,No,18386.68
510980,2025-05-13,SKU1034,WH_WEST,26,2229.38,20.0,No,46371.1
510979,2025-05-13,SKU1033,WH_WEST,38,1093.06,0.0,Yes,42082.81
510964,2025-05-13,SKU1008,WH_SOUTH,5,7387.04,0.0,No,36935.2
510973,2025-05-13,SKU1023,WH_SOUTH,6,1257.73,15.0,No,6414.42
510967,2025-05-13,SKU1012,WH_WEST,17,1433.92,5.0,Yes,23157.81
510969,2025-05-13,SKU1017,WH_SOUTH,4,2741.56,0.0,No,10966.24
510966,2025-05-13,SKU1010,WH_SOUTH,10,1240.02,10.0,No,11160.18
510974,2025-05-13,SKU1025,WH_NORTH,12,1880.05,5.0,No,21432.57
510976,2025-05-13,SKU1029,WH_NORTH,10,716.7,0.0,No,7167.0
511004,2025-05-14,SKU1036,WH_NORTH,17,2919.38,0.0,No,49629.46
511001,2025-05-14,SKU1033,WH_NORTH,16,1093.06,0.0,No,17488.96
510995,2025-05-14,SKU1022,WH_NORTH,16,278.9,15.0,Yes,3793.04
510989,2025-05-14,SKU1012,WH_WEST,8,1433.92,10.0,No,10324.22
511007,2025-05-14,SKU1039,WH_SOUTH,13,222.44,0.0,No,2891.72
511005,2025-05-14,SKU1037,WH_NORTH,21,2206.93,15.0,No,39393.7
510986,2025-05-14,SKU1008,WH_WEST,4,7387.04,0.0,No,29548.16
510992,2025-05-14,SKU1016,WH_NORTH,15,497.81,5.0,No,7093.79
510985,2025-05-14,SKU1004,WH_WEST,6,661.52,0.0,No,3969.12
510996,2025-05-14,SKU1027,WH_NORTH,7,194.56,0.0,No,1361.92
510990,2025-05-14,SKU1013,WH_WEST,15,2835.28,15.0,Yes,36149.82
510998,2025-05-14,SKU1030,WH_SOUTH,38,2402.0,0.0,Yes,92477.0
510983,2025-05-14,SKU1000,WH_NORTH,4,9457.32,0.0,No,37829.28
510987,2025-05-14,SKU1009,WH_WEST,3,1309.64,0.0,No,3928.92
510994,2025-05-14,SKU1021,WH_WEST,5,2700.26,10.0,No,12151.17
510984,2025-05-14,SKU1001,WH_WEST,5,19525.32,10.0,Yes,87863.94
510991,2025-05-14,SKU1014,WH_NORTH,9,1248.44,0.0,No,11235.96
511002,2025-05-14,SKU1034,WH_WEST,15,2229.38,0.0,No,33440.7
511003,2025-05-14,SKU1035,WH_WEST,19,1749.54,0.0,No,33241.26
510988,2025-05-14,SKU1010,WH_WEST,12,1240.02,20.0,No,11904.19
510999,2025-05-14,SKU1031,WH_SOUTH,15,2789.96,0.0,No,41849.4
510993,2025-05-14,SKU1017,WH_NORTH,13,2741.56,0.0,No,35640.28
510997,2025-05-14,SKU1028,WH_SOUTH,9,716.34,15.0,No,5480.0
511006,2025-05-14,SKU1038,WH_NORTH,30,1639.79,0.0,No,49193.7
511000,2025-05-14,SKU1032,WH_SOUTH,18,2757.64,0.0,No,49637.52
511034,2025-05-15,SKU1039,WH_WEST,20,222.44,0.0,No,4448.8
511022,2025-05-15,SKU1016,WH_SOUTH,5,497.81,0.0,No,2489.05
511029,2025-05-15,SKU1029,WH_WEST,6,716.7,10.0,No,3870.18
511021,2025-05-15,SKU1015,WH_SOUTH,15,808.05,0.0,No,12120.75
511015,2025-05-15,SKU1007,WH_NORTH,3,13190.2,5.0,No,37592.07
511020,2025-05-15,SKU1014,WH_SOUTH,8,1248.44,15.0,No,8489.39
511017,2025-05-15,SKU1010,WH_WEST,8,1240.02,5.0,No,9424.15
511008,2025-05-15,SKU1000,WH_NORTH,4,9457.32,0.0,No,37829.28
511030,2025-05-15,SKU1034,WH_NORTH,14,2229.38,0.0,No,31211.32
511024,2025-05-15,SKU1020,WH_NORTH,6,2359.13,0.0,No,14154.78
511026,2025-05-15,SKU1024,WH_SOUTH,4,1822.24,15.0,No,6195.62
511025,2025-05-15,SKU1022,WH_SOUTH,5,278.9,0.0,No,1394.5
511009,2025-05-15,SKU1001,WH_SOUTH,6,19525.32,0.0,No,117151.92
511014,2025-05-15,SKU1006,WH_SOUTH,3,4707.6,0.0,No,14122.8
511033,2025-05-15,SKU1038,WH_WEST,38,1639.79,0.0,Yes,63131.92
511012,2025-05-15,SKU1004,WH_NORTH,5,661.52,0.0,No,3307.6
511013,2025-05-15,SKU1005,WH_WEST,3,23473.03,20.0,No,56335.27
511019,2025-05-15,SKU1013,WH_WEST,7,2835.28,5.0,No,18854.61
511016,2025-05-15,SKU1009,WH_NORTH,5,1309.64,0.0,Yes,6548.2
511032,2025-05-15,SKU1037,WH_NORTH,17,2206.93,0.0,No,37517.81
511031,2025-05-15,SKU1036,WH_NORTH,27,2919.38,0.0,No,78823.26
511011,2025-05-15,SKU1003,WH_SOUTH,9,21674.48,0.0,Yes,195070.32
511027,2025-05-15,SKU1025,WH_SOUTH,11,1880.05,5.0,No,19646.52
511018,2025-05-15,SKU1012,WH_WEST,20,1433.92,0.0,Yes,29395.36
511028,2025-05-15,SKU1027,WH_NORTH,7,194.56,0.0,No,1361.92
511010,2025-05-15,SKU1002,WH_NORTH,6,4026.46,15.0,No,20534.95
511023,2025-05-15,SKU1019,WH_WEST,10,1767.95,5.0,No,16795.52
511037,2025-05-16,SKU1005,WH_SOUTH,6,23473.03,0.0,No,140838.18
511041,2025-05-16,SKU1017,WH_NORTH,14,2741.56,0.0,Yes,38381.84
511042,2025-05-16,SKU1018,WH_NORTH,8,2038.19,0.0,No,16305.52
511045,2025-05-16,SKU1026,WH_WEST,7,994.38,15.0,No,5916.56
511036,2025-05-16,SKU1004,WH_WEST,7,661.52,5.0,Yes,4399.11
511039,2025-05-16,SKU1013,WH_WEST,16,2835.28,15.0,No,38559.81
511046,2025-05-16,SKU1027,WH_SOUTH,7,194.56,0.0,No,1361.92
511048,2025-05-16,SKU1029,WH_SOUTH,7,716.7,0.0,No,5016.9
511050,2025-05-16,SKU1033,WH_SOUTH,13,1093.06,5.0,No,13499.29
511055,2025-05-16,SKU1039,WH_WEST,25,222.44,10.0,No,5004.9
511038,2025-05-16,SKU1010,WH_WEST,13,1240.02,10.0,No,14508.23
511043,2025-05-16,SKU1019,WH_NORTH,9,1767.95,0.0,No,15911.55
511040,2025-05-16,SKU1015,WH_NORTH,11,808.05,0.0,No,8888.55
511047,2025-05-16,SKU1028,WH_NORTH,9,716.34,0.0,No,6447.06
511051,2025-05-16,SKU1034,WH_NORTH,10,2229.38,0.0,Yes,22293.8
511052,2025-05-16,SKU1035,WH_NORTH,12,1749.54,5.0,No,19944.76
511044,2025-05-16,SKU1020,WH_SOUTH,5,2359.13,0.0,No,11795.65
511054,2025-05-16,SKU1038,WH_NORTH,30,1639.79,0.0,Yes,49193.7
511049,2025-05-16,SKU1031,WH_WEST,15,2789.96,10.0,No,37664.46
511053,2025-05-16,SKU1036,WH_SOUTH,21,2919.38,0.0,No,61306.98
511035,2025-05-16,SKU1003,WH_WEST,3,21674.48,0.0,No,65023.44
511073,2025-05-17,SKU1029,WH_NORTH,7,716.7,0.0,No,5016.9
511060,2025-05-17,SKU1005,WH_WEST,4,23473.03,0.0,No,93892.12
511069,2025-05-17,SKU1021,WH_NORTH,8,2700.26,15.0,No,18361.77
511063,2025-05-17,SKU1012,WH_WEST,15,1433.92,0.0,No,21508.8
511068,2025-05-17,SKU1019,WH_SOUTH,19,1767.95,10.0,No,30231.95
511078,2025-05-17,SKU1037,WH_WEST,17,2206.93,15.0,No,31890.14
511074,2025-05-17,SKU1033,WH_SOUTH,28,1093.06,15.0,No,26014.83
511072,2025-05-17,SKU1027,WH_WEST,8,194.56,5.0,No,1478.66
511061,2025-05-17,SKU1008,WH_WEST,7,7387.04,10.0,No,46538.35
511057,2025-05-17,SKU1002,WH_SOUTH,6,4026.46,0.0,No,24158.76
511070,2025-05-17,SKU1023,WH_NORTH,12,1257.73,0.0,No,15092.76
511071,2025-05-17,SKU1024,WH_NORTH,8,1822.24,20.0,No,11662.34
511067,2025-05-17,SKU1018,WH_WEST,17,2038.19,0.0,No,34649.23
511076,2025-05-17,SKU1035,WH_WEST,24,1749.54,5.0,No,39889.51
511059,2025-05-17,SKU1004,WH_WEST,6,661.52,0.0,No,3969.12
511064,2025-05-17,SKU1014,WH_SOUTH,13,1248.44,0.0,No,16229.72
511066,2025-05-17,SKU1017,WH_SOUTH,14,2741.56,10.0,No,34543.66
511079,2025-05-17,SKU1038,WH_WEST,24,1639.79,0.0,No,39354.96
511065,2025-05-17,SKU1015,WH_WEST,10,808.05,0.0,No,8080.5
511062,2025-05-17,SKU1010,WH_SOUTH,12,1240.02,0.0,No,14880.24
511058,2025-05-17,SKU1003,WH_SOUTH,6,21674.48,5.0,No,123544.54
511056,2025-05-17,SKU1001,WH_WEST,4,19525.32,5.0,No,74196.22
511075,2025-05-17,SKU1034,WH_SOUTH,34,2229.38,5.0,No,72008.97
511077,2025-05-17,SKU1036,WH_NORTH,25,2919.38,0.0,No,72984.5
511086,2025-05-18,SKU1016,WH_NORTH,14,497.81,0.0,Yes,6969.34
511088,2025-05-18,SKU1019,WH_SOUTH,15,1767.95,10.0,No,23867.32
511082,2025-05-18,SKU1005,WH_NORTH,6,23473.03,0.0,No,140838.18
511093,2025-05-18,SKU1027,WH_WEST,7,194.56,10.0,No,1225.73
511080,2025-05-18,SKU1000,WH_WEST,6,9457.32,0.0,No,56743.92
511097,2025-05-18,SKU1035,WH_NORTH,18,1749.54,0.0,No,31491.72
511083,2025-05-18,SKU1011,WH_NORTH,19,282.38,10.0,Yes,4828.7
511096,2025-05-18,SKU1033,WH_SOUTH,32,1093.06,0.0,No,34977.92
511084,2025-05-18,SKU1012,WH_WEST,11,1433.92,5.0,No,14984.46
511090,2025-05-18,SKU1022,WH_NORTH,16,278.9,10.0,Yes,4016.16
511087,2025-05-18,SKU1018,WH_WEST,19,2038.19,0.0,No,38725.61
511089,2025-05-18,SKU1021,WH_WEST,11,2700.26,5.0,No,28217.72
511085,2025-05-18,SKU1013,WH_WEST,10,2835.28,20.0,No,22682.24
511094,2025-05-18,SKU1028,WH_SOUTH,8,716.34,5.0,No,5444.18
511081,2025-05-18,SKU1003,WH_NORTH,9,21674.48,0.0,No,195070.32
511098,2025-05-18,SKU1037,WH_SOUTH,38,2206.93,0.0,No,84966.8
511091,2025-05-18,SKU1023,WH_NORTH,6,1257.73,0.0,No,7546.38
511092,2025-05-18,SKU1026,WH_NORTH,10,994.38,10.0,No,8949.42
511099,2025-05-18,SKU1039,WH_SOUTH,10,222.44,0.0,No,2224.4
511095,2025-05-18,SKU1030,WH_SOUTH,27,2402.0,0.0,No,64854.0
511109,2025-05-19,SKU1026,WH_WEST,9,994.38,0.0,No,8949.42
511104,2025-05-19,SKU1011,WH_NORTH,14,282.38,0.0,No,3953.32
511105,2025-05-19,SKU1013,WH_NORTH,8,2835.28,5.0,No,21548.13
511106,2025-05-19,SKU1014,WH_WEST,12,1248.44,0.0,No,14981.28
511100,2025-05-19,SKU1000,WH_SOUTH,4,9457.32,0.0,No,37829.28
511114,2025-05-19,SKU1038,WH_WEST,12,1639.79,0.0,No,19677.48
511111,2025-05-19,SKU1031,WH_WEST,18,2789.96,0.0,No,50219.28
511101,2025-05-19,SKU1003,WH_NORTH,4,21674.48,0.0,No,86697.92
511102,2025-05-19,SKU1004,WH_NORTH,3,661.52,5.0,No,1885.33
511113,2025-05-19,SKU1033,WH_WEST,22,1093.06,5.0,No,22844.95
511107,2025-05-19,SKU1024,WH_NORTH,8,1822.24,5.0,No,13849.02
511110,2025-05-19,SKU1027,WH_WEST,5,194.56,15.0,No,826.88
511112,2025-05-19,SKU1032,WH_NORTH,20,2757.64,0.0,No,55152.8
511108,2025-05-19,SKU1025,WH_SOUTH,6,1880.05,0.0,No,11280.3
511103,2025-05-19,SKU1009,WH_WEST,4,1309.64,5.0,No,4976.63
511123,2025-05-20,SKU1027,WH_SOUTH,8,194.56,0.0,No,1556.48
511118,2025-05-20,SKU1014,WH_SOUTH,12,1248.44,0.0,No,14981.28
511121,2025-05-20,SKU1025,WH_WEST,5,1880.05,0.0,No,9400.25
511129,2025-05-20,SKU1037,WH_WEST,27,2206.93,10.0,Yes,53628.4
511127,2025-05-20,SKU1033,WH_NORTH,28,1093.06,10.0,No,27545.11
511116,2025-05-20,SKU1002,WH_SOUTH,5,4026.46,0.0,No,20132.3
511130,2025-05-20,SKU1039,WH_SOUTH,23,222.44,0.0,No,5116.12
511119,2025-05-20,SKU1015,WH_WEST,20,808.05,0.0,Yes,16565.02
511126,2025-05-20,SKU1032,WH_NORTH,23,2757.64,0.0,No,63425.72
511117,2025-05-20,SKU1007,WH_NORTH,4,13190.2,0.0,No,52760.8
511124,2025-05-20,SKU1028,WH_SOUTH,7,716.34,0.0,No,5014.38
511115,2025-05-20,SKU1001,WH_SOUTH,9,19525.32,10.0,Yes,158155.09
511120,2025-05-20,SKU1022,WH_NORTH,16,278.9,0.0,Yes,4462.4
511122,2025-05-20,SKU1026,WH_NORTH,8,994.38,0.0,No,7955.04
511125,2025-05-20,SKU1029,WH_WEST,7,716.7,5.0,No,4766.06
511128,2025-05-20,SKU1034,WH_SOUTH,17,2229.38,0.0,No,37899.46
511134,2025-05-21,SKU1009,WH_WEST,4,1309.64,0.0,No,5238.56
511149,2025-05-21,SKU1037,WH_SOUTH,25,2206.93,0.0,No,55173.25
511136,2025-05-21,SKU1012,WH_SOUTH,6,1433.92,0.0,No,8603.52
511142,2025-05-21,SKU1023,WH_SOUTH,8,1257.73,0.0,No,10061.84
511151,2025-05-21,SKU1039,WH_NORTH,20,222.44,15.0,No,3781.48
511131,2025-05-21,SKU1002,WH_SOUTH,8,4026.46,5.0,No,30601.1
511146,2025-05-21,SKU1029,WH_WEST,9,716.7,15.0,No,5482.76
511139,2025-05-21,SKU1020,WH_SOUTH,9,2359.13,0.0,No,21232.17
511137,2025-05-21,SKU1016,WH_WEST,7,497.81,0.0,No,3484.67
511132,2025-05-21,SKU1007,WH_NORTH,6,13190.2,5.0,No,75184.14
511141,2025-05-21,SKU1022,WH_WEST,7,278.9,10.0,No,1757.07
511150,2025-05-21,SKU1038,WH_WEST,15,1639.79,0.0,No,24596.85
511138,2025-05-21,SKU1019,WH_NORTH,10,1767.95,5.0,No,16795.52
511144,2025-05-21,SKU1027,WH_WEST,5,194.56,0.0,No,972.8
511133,2025-05-21,SKU1008,WH_NORTH,7,7387.04,5.0,No,49123.82
511147,2025-05-21,SKU1033,WH_SOUTH,19,1093.06,0.0,No,20768.14
511143,2025-05-21,SKU1024,WH_WEST,8,1822.24,5.0,No,13849.02
511148,2025-05-21,SKU1034,WH_NORTH,17,2229.38,10.0,No,34109.51
511135,2025-05-21,SKU1011,WH_NORTH,14,282.38,15.0,No,3360.32
511140,2025-05-21,SKU1021,WH_SOUTH,6,2700.26,0.0,No,16201.56
511145,2025-05-21,SKU1028,WH_NORTH,8,716.34,0.0,No,5730.72
511159,2025-05-22,SKU1013,WH_SOUTH,12,2835.28,5.0,No,32322.19
511160,2025-05-22,SKU1015,WH_NORTH,16,808.05,0.0,No,12928.8
511163,2025-05-22,SKU1020,WH_NORTH,9,2359.13,0.0,No,21232.17
511167,2025-05-22,SKU1027,WH_WEST,6,194.56,20.0,No,933.89
511154,2025-05-22,SKU1005,WH_NORTH,4,23473.03,10.0,No,84502.91
511156,2025-05-22,SKU1007,WH_WEST,8,13190.2,10.0,No,94969.44
511161,2025-05-22,SKU1017,WH_NORTH,11,2741.56,0.0,No,30157.16
511165,2025-05-22,SKU1023,WH_WEST,4,1257.73,10.0,No,4527.83
511152,2025-05-22,SKU1002,WH_SOUTH,6,4026.46,0.0,No,24158.76
511158,2025-05-22,SKU1009,WH_WEST,4,1309.64,0.0,No,5238.56
511153,2025-05-22,SKU1003,WH_WEST,4,21674.48,5.0,No,82363.02
511166,2025-05-22,SKU1026,WH_NORTH,8,994.38,0.0,No,7955.04
511157,2025-05-22,SKU1008,WH_SOUTH,5,7387.04,0.0,No,36935.2
511168,2025-05-22,SKU1029,WH_SOUTH,10,716.7,0.0,No,7167.0
511169,2025-05-22,SKU1034,WH_NORTH,15,2229.38,15.0,No,28424.6
511155,2025-05-22,SKU1006,WH_WEST,1,4707.6,0.0,No,4707.6
511170,2025-05-22,SKU1035,WH_NORTH,12,1749.54,0.0,No,20994.48
511162,2025-05-22,SKU1019,WH_SOUTH,5,1767.95,5.0,No,8397.76
511164,2025-05-22,SKU1021,WH_WEST,9,2700.26,5.0,No,23087.22
511172,2025-05-22,SKU1039,WH_SOUTH,14,222.44,5.0,No,2958.45
511171,2025-05-22,SKU1036,WH_SOUTH,21,2919.38,10.0,No,55176.28
511194,2025-05-23,SKU1035,WH_WEST,38,1749.54,0.0,Yes,67357.29
511183,2025-05-23,SKU1017,WH_SOUTH,10,2741.56,20.0,No,21932.48
511178,2025-05-23,SKU1010,WH_WEST,10,1240.02,10.0,No,11160.18
511182,2025-05-23,SKU1016,WH_SOUTH,11,497.81,20.0,No,4380.73
511188,2025-05-23,SKU1024,WH_WEST,7,1822.24,5.0,No,12117.9
511185,2025-05-23,SKU1020,WH_WEST,4,2359.13,0.0,No,9436.52
511186,2025-05-23,SKU1021,WH_SOUTH,5,2700.26,15.0,No,11476.11
511175,2025-05-23,SKU1006,WH_WEST,6,4707.6,0.0,Yes,28245.6
511192,2025-05-23,SKU1032,WH_WEST,20,2757.64,0.0,No,55152.8
511187,2025-05-23,SKU1023,WH_SOUTH,5,1257.73,20.0,No,5030.92
511190,2025-05-23,SKU1029,WH_NORTH,9,716.7,5.0,No,6127.78
511176,2025-05-23,SKU1007,WH_SOUTH,4,13190.2,10.0,No,47484.72
511173,2025-05-23,SKU1003,WH_NORTH,5,21674.48,15.0,No,92116.54
511174,2025-05-23,SKU1004,WH_SOUTH,6,661.52,0.0,No,3969.12
511195,2025-05-23,SKU1036,WH_WEST,19,2919.38,0.0,Yes,55468.22
511196,2025-05-23,SKU1038,WH_NORTH,19,1639.79,20.0,No,24924.81
511191,2025-05-23,SKU1031,WH_SOUTH,12,2789.96,0.0,No,33479.52
511193,2025-05-23,SKU1033,WH_NORTH,25,1093.06,10.0,No,24593.85
511181,2025-05-23,SKU1013,WH_WEST,11,2835.28,0.0,No,31188.08
511189,2025-05-23,SKU1028,WH_SOUTH,6,716.34,20.0,No,3438.43
511184,2025-05-23,SKU1019,WH_SOUTH,9,1767.95,5.0,No,15115.97
511179,2025-05-23,SKU1011,WH_WEST,20,282.38,0.0,Yes,5788.79
511180,2025-05-23,SKU1012,WH_NORTH,14,1433.92,0.0,No,20074.88
511177,2025-05-23,SKU1008,WH_NORTH,6,7387.04,0.0,No,44322.24
511207,2025-05-24,SKU1022,WH_NORTH,11,278.9,0.0,No,3067.9
511212,2025-05-24,SKU1032,WH_SOUTH,23,2757.64,15.0,No,53911.86
511217,2025-05-24,SKU1038,WH_NORTH,26,1639.79,0.0,No,42634.54
511210,2025-05-24,SKU1029,WH_WEST,12,716.7,0.0,No,8600.4
511204,2025-05-24,SKU1012,WH_WEST,10,1433.92,0.0,No,14339.2
511214,2025-05-24,SKU1034,WH_SOUTH,18,2229.38,15.0,No,34109.51
511198,2025-05-24,SKU1003,WH_WEST,8,21674.48,5.0,No,164726.05
511205,2025-05-24,SKU1017,WH_WEST,15,2741.56,0.0,No,41123.4
511202,2025-05-24,SKU1009,WH_NORTH,5,1309.64,20.0,No,5238.56
511197,2025-05-24,SKU1002,WH_WEST,4,4026.46,0.0,No,16105.84
511203,2025-05-24,SKU1011,WH_SOUTH,17,282.38,0.0,No,4800.46
511211,2025-05-24,SKU1031,WH_NORTH,22,2789.96,0.0,No,61379.12
511199,2025-05-24,SKU1004,WH_SOUTH,9,661.52,0.0,Yes,5953.68
511201,2025-05-24,SKU1007,WH_NORTH,7,13190.2,0.0,No,92331.4
511216,2025-05-24,SKU1037,WH_NORTH,38,2206.93,0.0,No,84966.8
511215,2025-05-24,SKU1035,WH_SOUTH,27,1749.54,0.0,No,47237.58
511200,2025-05-24,SKU1006,WH_WEST,6,4707.6,5.0,No,26833.32
511208,2025-05-24,SKU1024,WH_NORTH,8,1822.24,0.0,No,14577.92
511213,2025-05-24,SKU1033,WH_SOUTH,26,1093.06,15.0,No,24156.63
511209,2025-05-24,SKU1026,WH_SOUTH,16,994.38,5.0,Yes,15114.58
511206,2025-05-24,SKU1020,WH_NORTH,11,2359.13,0.0,No,25950.43
511236,2025-05-25,SKU1029,WH_NORTH,10,716.7,0.0,No,7167.0
511241,2025-05-25,SKU1034,WH_SOUTH,25,2229.38,10.0,No,50161.05
511231,2025-05-25,SKU1020,WH_WEST,7,2359.13,5.0,No,15688.21
511239,2025-05-25,SKU1032,WH_WEST,19,2757.64,5.0,No,49775.4
511221,2025-05-25,SKU1005,WH_WEST,5,23473.03,0.0,No,117365.15
511224,2025-05-25,SKU1008,WH_SOUTH,9,7387.04,0.0,Yes,66483.36
511229,2025-05-25,SKU1016,WH_WEST,13,497.81,20.0,No,5177.22
511244,2025-05-25,SKU1038,WH_WEST,21,1639.79,0.0,No,34435.59
511220,2025-05-25,SKU1004,WH_SOUTH,7,661.52,5.0,No,4399.11
511219,2025-05-25,SKU1002,WH_SOUTH,7,4026.46,20.0,No,22548.18
511222,2025-05-25,SKU1006,WH_NORTH,9,4707.6,0.0,Yes,42368.4
511223,2025-05-25,SKU1007,WH_NORTH,6,13190.2,0.0,No,79141.2
511230,2025-05-25,SKU1017,WH_WEST,14,2741.56,15.0,No,32624.56
511242,2025-05-25,SKU1035,WH_NORTH,35,1749.54,5.0,No,58172.2
511245,2025-05-25,SKU1039,WH_SOUTH,18,222.44,0.0,No,4003.92
511240,2025-05-25,SKU1033,WH_NORTH,32,1093.06,0.0,No,34977.92
511234,2025-05-25,SKU1027,WH_NORTH,13,194.56,5.0,Yes,2402.82
511228,2025-05-25,SKU1015,WH_NORTH,12,808.05,0.0,No,9696.6
511238,2025-05-25,SKU1031,WH_WEST,30,2789.96,0.0,No,83698.8
511232,2025-05-25,SKU1021,WH_WEST,16,2700.26,10.0,Yes,38883.74
511233,2025-05-25,SKU1025,WH_SOUTH,16,1880.05,0.0,Yes,30080.8
511218,2025-05-25,SKU1000,WH_WEST,5,9457.32,0.0,No,47286.6
511225,2025-05-25,SKU1009,WH_SOUTH,8,1309.64,5.0,No,9953.26
511235,2025-05-25,SKU1028,WH_NORTH,9,716.34,5.0,No,6124.71
511237,2025-05-25,SKU1030,WH_SOUTH,33,2402.0,0.0,No,79266.0
511226,2025-05-25,SKU1010,WH_NORTH,13,1240.02,0.0,No,16120.26
511227,2025-05-25,SKU1012,WH_WEST,12,1433.92,0.0,No,17207.04
511243,2025-05-25,SKU1036,WH_NORTH,31,2919.38,10.0,No,81450.7
511257,2025-05-26,SKU1025,WH_WEST,11,1880.05,0.0,Yes,20680.55
511250,2025-05-26,SKU1010,WH_WEST,17,1240.02,0.0,No,21080.34
511252,2025-05-26,SKU1013,WH_SOUTH,15,2835.28,0.0,Yes,42529.2
511256,2025-05-26,SKU1020,WH_NORTH,9,2359.13,15.0,No,18047.34
511254,2025-05-26,SKU1015,WH_WEST,14,808.05,5.0,No,10747.06
511259,2025-05-26,SKU1028,WH_NORTH,6,716.34,5.0,No,4083.14
511261,2025-05-26,SKU1030,WH_SOUTH,22,2402.0,0.0,No,52844.0
511246,2025-05-26,SKU1001,WH_SOUTH,5,19525.32,5.0,No,92745.27
511251,2025-05-26,SKU1012,WH_WEST,8,1433.92,0.0,No,11471.36
511253,2025-05-26,SKU1014,WH_SOUTH,12,1248.44,0.0,No,14981.28
511260,2025-05-26,SKU1029,WH_NORTH,8,716.7,0.0,No,5733.6
511266,2025-05-26,SKU1036,WH_NORTH,14,2919.38,0.0,No,40871.32
511262,2025-05-26,SKU1031,WH_NORTH,22,2789.96,0.0,No,61379.12
511249,2025-05-26,SKU1009,WH_WEST,6,1309.64,0.0,No,7857.84
511258,2025-05-26,SKU1026,WH_SOUTH,5,994.38,5.0,No,4723.3
511265,2025-05-26,SKU1035,WH_SOUTH,22,1749.54,20.0,No,30791.9
511264,2025-05-26,SKU1034,WH_SOUTH,17,2229.38,0.0,No,37899.46
511255,2025-05-26,SKU1019,WH_SOUTH,17,1767.95,10.0,No,27049.64
511263,2025-05-26,SKU1033,WH_WEST,19,1093.06,10.0,No,18691.33
511247,2025-05-26,SKU1004,WH_SOUTH,4,661.52,15.0,No,2249.17
511248,2025-05-26,SKU1007,WH_SOUTH,6,13190.2,5.0,Yes,75184.14
511274,2025-05-27,SKU1017,WH_WEST,10,2741.56,20.0,No,21932.48
511282,2025-05-27,SKU1032,WH_NORTH,31,2757.64,20.0,Yes,68389.47
511275,2025-05-27,SKU1019,WH_NORTH,14,1767.95,0.0,No,24751.3
511268,2025-05-27,SKU1002,WH_WEST,6,4026.46,0.0,No,24158.76
511276,2025-05-27,SKU1020,WH_SOUTH,7,2359.13,0.0,No,16513.91
511280,2025-05-27,SKU1028,WH_SOUTH,10,716.34,0.0,No,7163.4
511286,2025-05-27,SKU1039,WH_WEST,21,222.44,10.0,No,4204.12
511285,2025-05-27,SKU1038,WH_SOUTH,25,1639.79,5.0,No,38945.01
511284,2025-05-27,SKU1037,WH_WEST,29,2206.93,0.0,No,64000.97
511273,2025-05-27,SKU1015,WH_NORTH,8,808.05,5.0,No,6141.18
511281,2025-05-27,SKU1031,WH_WEST,20,2789.96,10.0,No,50219.28
511272,2025-05-27,SKU1014,WH_WEST,11,1248.44,0.0,No,13732.84
511279,2025-05-27,SKU1027,WH_WEST,14,194.56,0.0,Yes,2723.84
511269,2025-05-27,SKU1009,WH_NORTH,4,1309.64,0.0,No,5238.56
511267,2025-05-27,SKU1001,WH_NORTH,5,19525.32,10.0,No,87863.94
511277,2025-05-27,SKU1022,WH_SOUTH,8,278.9,15.0,No,1896.52
511278,2025-05-27,SKU1023,WH_NORTH,9,1257.73,0.0,No,11319.57
511283,2025-05-27,SKU1035,WH_SOUTH,20,1749.54,0.0,No,34990.8
511271,2025-05-27,SKU1011,WH_NORTH,12,282.38,0.0,No,3388.56
511270,2025-05-27,SKU1010,WH_WEST,15,1240.02,10.0,No,16740.27
511296,2025-05-28,SKU1016,WH_SOUTH,6,497.81,10.0,No,2688.17
511293,2025-05-28,SKU1010,WH_SOUTH,13,1240.02,0.0,No,16120.26
511297,2025-05-28,SKU1017,WH_WEST,15,2741.56,10.0,No,37011.06
511299,2025-05-28,SKU1019,WH_NORTH,8,1767.95,0.0,No,14143.6
511302,2025-05-28,SKU1023,WH_NORTH,5,1257.73,5.0,No,5974.22
511287,2025-05-28,SKU1001,WH_NORTH,4,19525.32,5.0,No,74196.22
511310,2025-05-28,SKU1032,WH_WEST,22,2757.64,0.0,No,60668.08
511289,2025-05-28,SKU1004,WH_WEST,7,661.52,0.0,No,4630.64
511305,2025-05-28,SKU1027,WH_NORTH,11,194.56,0.0,No,2140.16
511300,2025-05-28,SKU1021,WH_WEST,9,2700.26,15.0,No,20656.99
511306,2025-05-28,SKU1028,WH_WEST,8,716.34,0.0,No,5730.72
511309,2025-05-28,SKU1031,WH_SOUTH,19,2789.96,0.0,No,53009.24
511301,2025-05-28,SKU1022,WH_SOUTH,7,278.9,10.0,No,1757.07
511307,2025-05-28,SKU1029,WH_SOUTH,7,716.7,0.0,Yes,5016.9
511290,2025-05-28,SKU1005,WH_WEST,6,23473.03,10.0,No,126754.36
511308,2025-05-28,SKU1030,WH_SOUTH,31,2402.0,0.0,No,74462.0
511314,2025-05-28,SKU1036,WH_SOUTH,16,2919.38,0.0,No,46710.08
511304,2025-05-28,SKU1026,WH_SOUTH,6,994.38,0.0,No,5966.28
511288,2025-05-28,SKU1002,WH_SOUTH,5,4026.46,10.0,No,18119.07
511291,2025-05-28,SKU1006,WH_SOUTH,5,4707.6,20.0,No,18830.4
511303,2025-05-28,SKU1025,WH_WEST,4,1880.05,0.0,No,7520.2
511292,2025-05-28,SKU1007,WH_NORTH,6,13190.2,0.0,No,79141.2
511311,2025-05-28,SKU1033,WH_WEST,12,1093.06,5.0,No,12460.88
511298,2025-05-28,SKU1018,WH_WEST,9,2038.19,10.0,No,16509.34
511315,2025-05-28,SKU1039,WH_SOUTH,13,222.44,0.0,No,2891.72
511313,2025-05-28,SKU1035,WH_SOUTH,20,1749.54,0.0,No,34990.8
511295,2025-05-28,SKU1014,WH_SOUTH,12,1248.44,0.0,No,14981.28
511312,2025-05-28,SKU1034,WH_NORTH,22,2229.38,0.0,No,49046.36
511294,2025-05-28,SKU1012,WH_WEST,10,1433.92,10.0,No,12905.28
511318,2025-05-29,SKU1007,WH_WEST,5,13190.2,0.0,No,65951.0
511317,2025-05-29,SKU1004,WH_NORTH,6,661.52,15.0,No,3373.75
511334,2025-05-29,SKU1037,WH_SOUTH,16,2206.93,0.0,No,35310.88
511329,2025-05-29,SKU1027,WH_NORTH,9,194.56,0.0,No,1751.04
511320,2025-05-29,SKU1012,WH_NORTH,11,1433.92,20.0,No,12618.5
511333,2025-05-29,SKU1035,WH_SOUTH,17,1749.54,15.0,No,25280.85
511331,2025-05-29,SKU1030,WH_WEST,21,2402.0,0.0,No,50442.0
511332,2025-05-29,SKU1031,WH_NORTH,15,2789.96,5.0,No,39756.93
511319,2025-05-29,SKU1008,WH_WEST,3,7387.04,0.0,No,22161.12
511328,2025-05-29,SKU1026,WH_NORTH,15,994.38,20.0,Yes,11932.56
511330,2025-05-29,SKU1028,WH_SOUTH,7,716.34,0.0,No,5014.38
511322,2025-05-29,SKU1015,WH_SOUTH,6,808.05,5.0,No,4605.88
511325,2025-05-29,SKU1021,WH_WEST,10,2700.26,5.0,No,25652.47
511323,2025-05-29,SKU1018,WH_SOUTH,8,2038.19,15.0,No,13859.69
511335,2025-05-29,SKU1038,WH_WEST,38,1639.79,0.0,Yes,63131.92
511324,2025-05-29,SKU1020,WH_SOUTH,5,2359.13,0.0,No,11795.65
511326,2025-05-29,SKU1023,WH_WEST,12,1257.73,0.0,Yes,15092.76
511327,2025-05-29,SKU1024,WH_WEST,10,1822.24,5.0,No,17311.28
511321,2025-05-29,SKU1013,WH_NORTH,10,2835.28,0.0,No,28352.8
511316,2025-05-29,SKU1003,WH_WEST,6,21674.48,0.0,No,130046.88
511352,2025-05-30,SKU1021,WH_SOUTH,11,2700.26,15.0,No,25247.43
511358,2025-05-30,SKU1032,WH_WEST,26,2757.64,20.0,No,57358.91
511350,2025-05-30,SKU1017,WH_WEST,18,2741.56,0.0,Yes,49348.08
511339,2025-05-30,SKU1004,WH_SOUTH,6,661.52,15.0,No,3373.75
511363,2025-05-30,SKU1037,WH_SOUTH,15,2206.93,20.0,No,26483.16
511345,2025-05-30,SKU1011,WH_WEST,12,282.38,5.0,No,3219.13
511354,2025-05-30,SKU1025,WH_WEST,7,1880.05,20.0,No,10528.28
511348,2025-05-30,SKU1015,WH_WEST,9,808.05,10.0,No,6545.2
511355,2025-05-30,SKU1026,WH_SOUTH,9,994.38,5.0,No,8501.95
511337,2025-05-30,SKU1002,WH_NORTH,6,4026.46,0.0,No,24158.76
511349,2025-05-30,SKU1016,WH_NORTH,9,497.81,0.0,No,4480.29
511362,2025-05-30,SKU1036,WH_SOUTH,17,2919.38,0.0,No,49629.46
511347,2025-05-30,SKU1013,WH_SOUTH,12,2835.28,0.0,No,34023.36
511356,2025-05-30,SKU1027,WH_NORTH,7,194.56,5.0,No,1293.82
511357,2025-05-30,SKU1030,WH_SOUTH,25,2402.0,20.0,No,48040.0
511342,2025-05-30,SKU1008,WH_SOUTH,5,7387.04,5.0,No,35088.44
511344,2025-05-30,SKU1010,WH_NORTH,13,1240.02,15.0,No,13702.22
511340,2025-05-30,SKU1005,WH_NORTH,4,23473.03,5.0,No,89197.51
511361,2025-05-30,SKU1035,WH_WEST,38,1749.54,0.0,Yes,67357.29
511359,2025-05-30,SKU1033,WH_NORTH,20,1093.06,5.0,No,20768.14
511351,2025-05-30,SKU1019,WH_WEST,9,1767.95,0.0,No,15911.55
511341,2025-05-30,SKU1006,WH_NORTH,2,4707.6,10.0,No,8473.68
511346,2025-05-30,SKU1012,WH_NORTH,12,1433.92,0.0,No,17207.04
511338,2025-05-30,SKU1003,WH_WEST,5,21674.48,5.0,No,102953.78
511343,2025-05-30,SKU1009,WH_SOUTH,5,1309.64,0.0,No,6548.2
511353,2025-05-30,SKU1022,WH_SOUTH,9,278.9,0.0,No,2510.1
511336,2025-05-30,SKU1000,WH_SOUTH,4,9457.32,0.0,No,37829.28
511360,2025-05-30,SKU1034,WH_SOUTH,25,2229.38,0.0,Yes,55734.5
511371,2025-05-31,SKU1017,WH_SOUTH,10,2741.56,15.0,No,23303.26
511373,2025-05-31,SKU1020,WH_SOUTH,13,2359.13,0.0,Yes,30668.69
511369,2025-05-31,SKU1014,WH_SOUTH,9,1248.44,0.0,No,11235.96
511378,2025-05-31,SKU1029,WH_SOUTH,10,716.7,0.0,No,7167.0
511367,2025-05-31,SKU1011,WH_SOUTH,11,282.38,20.0,No,2484.94
511381,2025-05-31,SKU1036,WH_SOUTH,25,2919.38,0.0,No,72984.5
511368,2025-05-31,SKU1013,WH_SOUTH,11,2835.28,10.0,No,28069.27
511375,2025-05-31,SKU1022,WH_WEST,11,278.9,0.0,No,3067.9
511366,2025-05-31,SKU1009,WH_SOUTH,8,1309.64,0.0,No,10477.12
511374,2025-05-31,SKU1021,WH_SOUTH,9,2700.26,0.0,No,24302.34
511382,2025-05-31,SKU1039,WH_WEST,14,222.44,0.0,No,3114.16
511370,2025-05-31,SKU1015,WH_WEST,20,808.05,0.0,Yes,16565.02
511380,2025-05-31,SKU1034,WH_WEST,25,2229.38,10.0,No,50161.05
511376,2025-05-31,SKU1026,WH_NORTH,7,994.38,0.0,No,6960.66
511377,2025-05-31,SKU1028,WH_SOUTH,15,716.34,0.0,No,10745.1
511365,2025-05-31,SKU1004,WH_SOUTH,9,661.52,0.0,Yes,5953.68
511379,2025-05-31,SKU1031,WH_WEST,29,2789.96,0.0,No,80908.84
511372,2025-05-31,SKU1019,WH_NORTH,7,1767.95,15.0,No,10519.3
511364,2025-05-31,SKU1003,WH_SOUTH,8,21674.48,0.0,No,173395.84
511403,2025-06-01,SKU1034,WH_SOUTH,21,2229.38,5.0,No,44476.13
511389,2025-06-01,SKU1010,WH_WEST,7,1240.02,10.0,No,7812.13
511386,2025-06-01,SKU1005,WH_NORTH,9,23473.03,5.0,Yes,200694.41
511404,2025-06-01,SKU1035,WH_NORTH,31,1749.54,0.0,No,54235.74
511398,2025-06-01,SKU1025,WH_WEST,10,1880.05,0.0,No,18800.5
511397,2025-06-01,SKU1022,WH_SOUTH,9,278.9,0.0,No,2510.1
511405,2025-06-01,SKU1036,WH_SOUTH,26,2919.38,5.0,No,72108.69
511400,2025-06-01,SKU1027,WH_NORTH,11,194.56,0.0,No,2140.16
511407,2025-06-01,SKU1039,WH_NORTH,21,222.44,10.0,No,4204.12
511391,2025-06-01,SKU1012,WH_WEST,11,1433.92,0.0,No,15773.12
511394,2025-06-01,SKU1018,WH_NORTH,11,2038.19,0.0,No,22420.09
511383,2025-06-01,SKU1001,WH_SOUTH,6,19525.32,10.0,No,105436.73
511402,2025-06-01,SKU1031,WH_SOUTH,17,2789.96,20.0,No,37943.46
511395,2025-06-01,SKU1019,WH_SOUTH,8,1767.95,0.0,No,14143.6
511387,2025-06-01,SKU1006,WH_SOUTH,8,4707.6,10.0,No,33894.72
511396,2025-06-01,SKU1020,WH_SOUTH,6,2359.13,0.0,No,14154.78
511406,2025-06-01,SKU1037,WH_NORTH,14,2206.93,0.0,No,30897.02
511390,2025-06-01,SKU1011,WH_NORTH,14,282.38,10.0,No,3557.99
511393,2025-06-01,SKU1014,WH_NORTH,12,1248.44,0.0,No,14981.28
511399,2025-06-01,SKU1026,WH_WEST,13,994.38,15.0,No,10987.9
511385,2025-06-01,SKU1004,WH_NORTH,7,661.52,20.0,No,3704.51
511388,2025-06-01,SKU1007,WH_WEST,6,13190.2,0.0,No,79141.2
511401,2025-06-01,SKU1030,WH_WEST,15,2402.0,0.0,No,36030.0
511384,2025-06-01,SKU1002,WH_NORTH,5,4026.46,0.0,No,20132.3
511392,2025-06-01,SKU1013,WH_SOUTH,13,2835.28,0.0,No,36858.64
511420,2025-06-02,SKU1030,WH_NORTH,20,2402.0,0.0,No,48040.0
511421,2025-06-02,SKU1031,WH_WEST,27,2789.96,10.0,No,67796.03
511425,2025-06-02,SKU1037,WH_NORTH,16,2206.93,0.0,No,35310.88
511412,2025-06-02,SKU1008,WH_NORTH,5,7387.04,0.0,No,36935.2
511416,2025-06-02,SKU1026,WH_NORTH,5,994.38,0.0,No,4971.9
511418,2025-06-02,SKU1028,WH_WEST,8,716.34,15.0,No,4871.11
511409,2025-06-02,SKU1002,WH_NORTH,6,4026.46,0.0,No,24158.76
511413,2025-06-02,SKU1022,WH_WEST,9,278.9,0.0,No,2510.1
511411,2025-06-02,SKU1006,WH_WEST,5,4707.6,5.0,No,22361.1
511422,2025-06-02,SKU1032,WH_NORTH,17,2757.64,15.0,No,39847.9
511408,2025-06-02,SKU1000,WH_SOUTH,8,9457.32,10.0,Yes,68092.7
511419,2025-06-02,SKU1029,WH_SOUTH,9,716.7,0.0,No,6450.3
511423,2025-06-02,SKU1033,WH_NORTH,28,1093.06,10.0,No,27545.11
511426,2025-06-02,SKU1038,WH_WEST,16,1639.79,10.0,No,23612.98
511417,2025-06-02,SKU1027,WH_WEST,9,194.56,0.0,No,1751.04
511410,2025-06-02,SKU1003,WH_WEST,5,21674.48,20.0,No,86697.92
511414,2025-06-02,SKU1023,WH_SOUTH,9,1257.73,5.0,No,10753.59
511415,2025-06-02,SKU1025,WH_WEST,7,1880.05,10.0,No,11844.32
511424,2025-06-02,SKU1036,WH_WEST,16,2919.38,0.0,No,46710.08
511429,2025-06-03,SKU1008,WH_NORTH,5,7387.04,0.0,No,36935.2
511434,2025-06-03,SKU1019,WH_NORTH,7,1767.95,0.0,No,12375.65
511427,2025-06-03,SKU1001,WH_NORTH,6,19525.32,10.0,No,105436.73
511439,2025-06-03,SKU1029,WH_SOUTH,9,716.7,0.0,No,6450.3
511432,2025-06-03,SKU1014,WH_SOUTH,12,1248.44,10.0,No,13483.15
511443,2025-06-03,SKU1039,WH_WEST,12,222.44,0.0,No,2669.28
511433,2025-06-03,SKU1017,WH_NORTH,6,2741.56,0.0,No,16449.36
511430,2025-06-03,SKU1009,WH_WEST,6,1309.64,0.0,No,7857.84
511441,2025-06-03,SKU1035,WH_SOUTH,20,1749.54,0.0,No,34990.8
511442,2025-06-03,SKU1036,WH_SOUTH,25,2919.38,10.0,Yes,65686.05
511440,2025-06-03,SKU1033,WH_SOUTH,26,1093.06,5.0,Yes,26998.58
511437,2025-06-03,SKU1025,WH_SOUTH,5,1880.05,0.0,No,9400.25
511438,2025-06-03,SKU1026,WH_WEST,7,994.38,0.0,No,6960.66
511428,2025-06-03,SKU1006,WH_SOUTH,4,4707.6,0.0,No,18830.4
511435,2025-06-03,SKU1022,WH_SOUTH,16,278.9,0.0,Yes,4462.4
511431,2025-06-03,SKU1012,WH_NORTH,8,1433.92,0.0,No,11471.36
511436,2025-06-03,SKU1023,WH_SOUTH,10,1257.73,0.0,No,12577.3
511452,2025-06-04,SKU1019,WH_SOUTH,9,1767.95,15.0,No,13524.82
511457,2025-06-04,SKU1028,WH_WEST,5,716.34,15.0,No,3044.44
511460,2025-06-04,SKU1032,WH_WEST,15,2757.64,0.0,No,41364.6
511448,2025-06-04,SKU1011,WH_WEST,10,282.38,5.0,No,2682.61
511445,2025-06-04,SKU1002,WH_SOUTH,4,4026.46,0.0,No,16105.84
511454,2025-06-04,SKU1022,WH_SOUTH,5,278.9,10.0,No,1255.05
511465,2025-06-04,SKU1039,WH_SOUTH,7,222.44,0.0,No,1557.08
511453,2025-06-04,SKU1020,WH_SOUTH,8,2359.13,5.0,No,17929.39
511447,2025-06-04,SKU1009,WH_SOUTH,2,1309.64,0.0,No,2619.28
511462,2025-06-04,SKU1035,WH_SOUTH,30,1749.54,10.0,No,47237.58
511446,2025-06-04,SKU1003,WH_WEST,7,21674.48,20.0,No,121377.09
511458,2025-06-04,SKU1029,WH_SOUTH,11,716.7,0.0,No,7883.7
511459,2025-06-04,SKU1031,WH_WEST,22,2789.96,5.0,No,58310.16
511451,2025-06-04,SKU1018,WH_NORTH,10,2038.19,0.0,No,20381.9
511450,2025-06-04,SKU1014,WH_SOUTH,12,1248.44,0.0,No,14981.28
511464,2025-06-04,SKU1038,WH_SOUTH,16,1639.79,15.0,No,22301.14
511463,2025-06-04,SKU1036,WH_SOUTH,20,2919.38,0.0,No,58387.6
511456,2025-06-04,SKU1027,WH_NORTH,6,194.56,5.0,No,1108.99
511444,2025-06-04,SKU1001,WH_SOUTH,6,19525.32,15.0,No,99579.13
511449,2025-06-04,SKU1012,WH_SOUTH,17,1433.92,0.0,Yes,24376.64
511461,2025-06-04,SKU1033,WH_SOUTH,15,1093.06,0.0,No,16395.9
511455,2025-06-04,SKU1026,WH_SOUTH,6,994.38,0.0,No,5966.28
511469,2025-06-05,SKU1006,WH_WEST,5,4707.6,10.0,No,21184.2
511472,2025-06-05,SKU1013,WH_SOUTH,10,2835.28,10.0,No,25517.52
511468,2025-06-05,SKU1005,WH_WEST,5,23473.03,0.0,No,117365.15
511475,2025-06-05,SKU1017,WH_WEST,7,2741.56,0.0,No,19190.92
511466,2025-06-05,SKU1000,WH_SOUTH,6,9457.32,0.0,No,56743.92
511484,2025-06-05,SKU1034,WH_WEST,22,2229.38,15.0,No,41689.41
511482,2025-06-05,SKU1030,WH_WEST,21,2402.0,0.0,No,50442.0
511470,2025-06-05,SKU1009,WH_SOUTH,3,1309.64,0.0,No,3928.92
511467,2025-06-05,SKU1001,WH_SOUTH,9,19525.32,0.0,Yes,175727.88
511479,2025-06-05,SKU1024,WH_WEST,11,1822.24,0.0,No,20044.64
511480,2025-06-05,SKU1025,WH_SOUTH,4,1880.05,0.0,No,7520.2
511474,2025-06-05,SKU1016,WH_WEST,15,497.81,10.0,No,6720.44
511471,2025-06-05,SKU1011,WH_NORTH,12,282.38,0.0,No,3388.56
511478,2025-06-05,SKU1022,WH_SOUTH,8,278.9,0.0,No,2231.2
511476,2025-06-05,SKU1018,WH_NORTH,13,2038.19,0.0,No,26496.47
511483,2025-06-05,SKU1032,WH_SOUTH,14,2757.64,0.0,No,38606.96
511485,2025-06-05,SKU1036,WH_NORTH,22,2919.38,0.0,No,64226.36
511477,2025-06-05,SKU1020,WH_SOUTH,13,2359.13,0.0,No,30668.69
511481,2025-06-05,SKU1027,WH_WEST,5,194.56,10.0,No,875.52
511473,2025-06-05,SKU1015,WH_SOUTH,20,808.05,0.0,Yes,16565.02
511486,2025-06-05,SKU1038,WH_NORTH,38,1639.79,0.0,Yes,63131.92
511500,2025-06-06,SKU1018,WH_WEST,8,2038.19,0.0,No,16305.52
511505,2025-06-06,SKU1027,WH_SOUTH,7,194.56,0.0,No,1361.92
511504,2025-06-06,SKU1025,WH_WEST,6,1880.05,0.0,No,11280.3
511487,2025-06-06,SKU1000,WH_SOUTH,6,9457.32,5.0,No,53906.72
511501,2025-06-06,SKU1022,WH_SOUTH,8,278.9,0.0,No,2231.2
511494,2025-06-06,SKU1007,WH_NORTH,5,13190.2,10.0,No,59355.9
511503,2025-06-06,SKU1024,WH_WEST,5,1822.24,20.0,No,7288.96
511511,2025-06-06,SKU1038,WH_WEST,33,1639.79,0.0,No,54113.07
511489,2025-06-06,SKU1002,WH_WEST,3,4026.46,0.0,No,12079.38
511499,2025-06-06,SKU1015,WH_SOUTH,12,808.05,0.0,No,9696.6
511491,2025-06-06,SKU1004,WH_SOUTH,7,661.52,0.0,No,4630.64
511493,2025-06-06,SKU1006,WH_NORTH,6,4707.6,0.0,No,28245.6
511495,2025-06-06,SKU1010,WH_NORTH,5,1240.02,0.0,No,6200.1
511510,2025-06-06,SKU1036,WH_SOUTH,16,2919.38,0.0,No,46710.08
511492,2025-06-06,SKU1005,WH_SOUTH,7,23473.03,10.0,No,147880.09
511496,2025-06-06,SKU1012,WH_NORTH,9,1433.92,15.0,No,10969.49
511508,2025-06-06,SKU1032,WH_SOUTH,25,2757.64,0.0,No,68941.0
511488,2025-06-06,SKU1001,WH_WEST,5,19525.32,10.0,No,87863.94
511507,2025-06-06,SKU1030,WH_WEST,15,2402.0,0.0,No,36030.0
511502,2025-06-06,SKU1023,WH_WEST,10,1257.73,0.0,No,12577.3
511509,2025-06-06,SKU1035,WH_SOUTH,26,1749.54,0.0,No,45488.04
511490,2025-06-06,SKU1003,WH_NORTH,9,21674.48,5.0,Yes,185316.8
511506,2025-06-06,SKU1028,WH_SOUTH,8,716.34,15.0,No,4871.11
511497,2025-06-06,SKU1013,WH_WEST,14,2835.28,15.0,No,33739.83
511498,2025-06-06,SKU1014,WH_WEST,10,1248.44,0.0,Yes,12484.4
511519,2025-06-07,SKU1012,WH_SOUTH,11,1433.92,5.0,No,14984.46
511513,2025-06-07,SKU1002,WH_SOUTH,8,4026.46,0.0,No,32211.68
511517,2025-06-07,SKU1008,WH_WEST,5,7387.04,15.0,No,31394.92
511521,2025-06-07,SKU1018,WH_NORTH,10,2038.19,20.0,No,16305.52
511522,2025-06-07,SKU1019,WH_WEST,12,1767.95,10.0,No,19093.86
511525,2025-06-07,SKU1023,WH_SOUTH,11,1257.73,10.0,No,12451.53
511526,2025-06-07,SKU1024,WH_WEST,15,1822.24,5.0,No,25966.92
511530,2025-06-07,SKU1034,WH_NORTH,26,2229.38,0.0,No,57963.88
511528,2025-06-07,SKU1032,WH_SOUTH,33,2757.64,15.0,No,77351.8
511523,2025-06-07,SKU1021,WH_WEST,8,2700.26,15.0,No,18361.77
511532,2025-06-07,SKU1036,WH_SOUTH,35,2919.38,0.0,No,102178.3
511529,2025-06-07,SKU1033,WH_SOUTH,23,1093.06,5.0,No,23883.36
511515,2025-06-07,SKU1005,WH_SOUTH,3,23473.03,0.0,No,70419.09
511516,2025-06-07,SKU1006,WH_SOUTH,5,4707.6,0.0,No,23538.0
511524,2025-06-07,SKU1022,WH_WEST,12,278.9,0.0,No,3346.8
511514,2025-06-07,SKU1004,WH_WEST,7,661.52,10.0,No,4167.58
511531,2025-06-07,SKU1035,WH_SOUTH,38,1749.54,0.0,Yes,67357.29
511527,2025-06-07,SKU1031,WH_NORTH,28,2789.96,10.0,No,70306.99
511512,2025-06-07,SKU1001,WH_WEST,7,19525.32,0.0,No,136677.24
511518,2025-06-07,SKU1010,WH_WEST,17,1240.02,0.0,Yes,21080.34
511533,2025-06-07,SKU1037,WH_WEST,22,2206.93,0.0,No,48552.46
511520,2025-06-07,SKU1016,WH_WEST,15,497.81,0.0,No,7467.15
511551,2025-06-08,SKU1031,WH_NORTH,29,2789.96,20.0,No,64727.07
511541,2025-06-08,SKU1015,WH_WEST,17,808.05,10.0,No,12363.16
511555,2025-06-08,SKU1038,WH_SOUTH,21,1639.79,15.0,No,29270.25
511545,2025-06-08,SKU1023,WH_NORTH,14,1257.73,10.0,Yes,15847.4
511544,2025-06-08,SKU1021,WH_SOUTH,12,2700.26,0.0,No,32403.12
511540,2025-06-08,SKU1014,WH_SOUTH,16,1248.44,0.0,No,19975.04
511550,2025-06-08,SKU1030,WH_SOUTH,25,2402.0,0.0,No,60050.0
511543,2025-06-08,SKU1020,WH_SOUTH,9,2359.13,5.0,No,20170.56
511542,2025-06-08,SKU1019,WH_SOUTH,16,1767.95,0.0,No,28287.2
511549,2025-06-08,SKU1029,WH_WEST,7,716.7,20.0,No,4013.52
511547,2025-06-08,SKU1027,WH_NORTH,9,194.56,10.0,No,1575.94
511535,2025-06-08,SKU1003,WH_NORTH,7,21674.48,0.0,No,151721.36
511554,2025-06-08,SKU1037,WH_WEST,20,2206.93,5.0,No,41931.67
511553,2025-06-08,SKU1034,WH_NORTH,25,2229.38,5.0,No,52947.77
511539,2025-06-08,SKU1012,WH_SOUTH,6,1433.92,0.0,No,8603.52
511536,2025-06-08,SKU1005,WH_SOUTH,4,23473.03,0.0,No,93892.12
511548,2025-06-08,SKU1028,WH_SOUTH,8,716.34,0.0,No,5730.72
511537,2025-06-08,SKU1008,WH_WEST,6,7387.04,0.0,No,44322.24
511534,2025-06-08,SKU1001,WH_NORTH,5,19525.32,0.0,No,97626.6
511556,2025-06-08,SKU1039,WH_WEST,38,222.44,5.0,Yes,8135.74
511546,2025-06-08,SKU1024,WH_SOUTH,13,1822.24,0.0,No,23689.12
511552,2025-06-08,SKU1033,WH_NORTH,17,1093.06,0.0,No,18582.02
511538,2025-06-08,SKU1009,WH_SOUTH,5,1309.64,0.0,No,6548.2
511563,2025-06-09,SKU1011,WH_WEST,7,282.38,10.0,No,1778.99
511557,2025-06-09,SKU1001,WH_NORTH,7,19525.32,5.0,Yes,129843.38
511573,2025-06-09,SKU1025,WH_WEST,7,1880.05,0.0,No,13160.35
511561,2025-06-09,SKU1006,WH_WEST,5,4707.6,0.0,No,23538.0
511575,2025-06-09,SKU1028,WH_WEST,6,716.34,20.0,No,3438.43
511560,2025-06-09,SKU1005,WH_NORTH,7,23473.03,0.0,Yes,164311.21
511558,2025-06-09,SKU1002,WH_SOUTH,3,4026.46,20.0,No,9663.5
511564,2025-06-09,SKU1012,WH_WEST,20,1433.92,0.0,Yes,28678.4
511572,2025-06-09,SKU1023,WH_NORTH,9,1257.73,5.0,No,10753.59
511559,2025-06-09,SKU1004,WH_NORTH,7,661.52,10.0,No,4167.58
511569,2025-06-09,SKU1018,WH_WEST,20,2038.19,10.0,Yes,37604.61
511574,2025-06-09,SKU1027,WH_SOUTH,9,194.56,10.0,No,1575.94
511570,2025-06-09,SKU1019,WH_NORTH,10,1767.95,10.0,No,15911.55
511576,2025-06-09,SKU1035,WH_NORTH,27,1749.54,10.0,No,42513.82
511562,2025-06-09,SKU1007,WH_NORTH,5,13190.2,15.0,No,56058.35
511571,2025-06-09,SKU1022,WH_WEST,7,278.9,0.0,No,1952.3
511565,2025-06-09,SKU1013,WH_WEST,11,2835.28,15.0,No,26509.87
511577,2025-06-09,SKU1037,WH_NORTH,16,2206.93,0.0,No,35310.88
511568,2025-06-09,SKU1017,WH_NORTH,8,2741.56,15.0,No,18642.61
511566,2025-06-09,SKU1014,WH_WEST,12,1248.44,10.0,No,13483.15
511567,2025-06-09,SKU1015,WH_SOUTH,9,808.05,0.0,No,7272.45
511604,2025-06-10,SKU1038,WH_SOUTH,23,1639.79,10.0,No,33943.65
511590,2025-06-10,SKU1015,WH_SOUTH,13,808.05,0.0,No,10504.65
511582,2025-06-10,SKU1006,WH_NORTH,5,4707.6,5.0,No,22361.1
511587,2025-06-10,SKU1012,WH_WEST,12,1433.92,0.0,No,17207.04
511585,2025-06-10,SKU1010,WH_NORTH,5,1240.02,0.0,No,6200.1
511594,2025-06-10,SKU1025,WH_NORTH,7,1880.05,0.0,No,13160.35
511593,2025-06-10,SKU1024,WH_SOUTH,5,1822.24,0.0,No,9111.2
511586,2025-06-10,SKU1011,WH_NORTH,9,282.38,5.0,No,2414.35
511584,2025-06-10,SKU1009,WH_NORTH,3,1309.64,0.0,No,3928.92
511588,2025-06-10,SKU1013,WH_WEST,10,2835.28,5.0,No,26935.16
511600,2025-06-10,SKU1033,WH_WEST,19,1093.06,5.0,No,19729.73
511603,2025-06-10,SKU1037,WH_SOUTH,21,2206.93,0.0,No,46345.53
511580,2025-06-10,SKU1004,WH_NORTH,7,661.52,10.0,No,4167.58
511598,2025-06-10,SKU1029,WH_WEST,9,716.7,15.0,No,5482.76
511599,2025-06-10,SKU1032,WH_WEST,22,2757.64,0.0,No,60668.08
511581,2025-06-10,SKU1005,WH_NORTH,4,23473.03,10.0,No,84502.91
511602,2025-06-10,SKU1036,WH_NORTH,23,2919.38,10.0,No,60431.17
511579,2025-06-10,SKU1003,WH_SOUTH,5,21674.48,5.0,No,102953.78
511595,2025-06-10,SKU1026,WH_WEST,8,994.38,0.0,No,7955.04
511592,2025-06-10,SKU1020,WH_NORTH,5,2359.13,0.0,No,11795.65
511578,2025-06-10,SKU1002,WH_SOUTH,2,4026.46,15.0,No,6844.98
511597,2025-06-10,SKU1028,WH_SOUTH,7,716.34,20.0,No,4011.5
511591,2025-06-10,SKU1017,WH_NORTH,10,2741.56,0.0,No,27415.6
511583,2025-06-10,SKU1007,WH_NORTH,9,13190.2,15.0,No,100905.03
511601,2025-06-10,SKU1035,WH_NORTH,38,1749.54,0.0,Yes,67357.29
511596,2025-06-10,SKU1027,WH_SOUTH,5,194.56,0.0,No,972.8
511589,2025-06-10,SKU1014,WH_NORTH,5,1248.44,0.0,No,6242.2
511609,2025-06-11,SKU1007,WH_WEST,9,13190.2,0.0,Yes,118711.8
511608,2025-06-11,SKU1006,WH_SOUTH,6,4707.6,0.0,No,28245.6
511605,2025-06-11,SKU1001,WH_SOUTH,4,19525.32,10.0,No,70291.15
511612,2025-06-11,SKU1016,WH_WEST,14,497.81,10.0,No,6272.41
511607,2025-06-11,SKU1004,WH_NORTH,4,661.52,5.0,No,2513.78
511617,2025-06-11,SKU1024,WH_SOUTH,5,1822.24,0.0,No,9111.2
511619,2025-06-11,SKU1034,WH_SOUTH,18,2229.38,15.0,Yes,34109.51
511621,2025-06-11,SKU1036,WH_NORTH,22,2919.38,0.0,No,64226.36
511615,2025-06-11,SKU1022,WH_SOUTH,7,278.9,10.0,No,1757.07
511611,2025-06-11,SKU1011,WH_NORTH,10,282.38,0.0,No,2823.8
511613,2025-06-11,SKU1019,WH_WEST,10,1767.95,0.0,No,17679.5
511620,2025-06-11,SKU1035,WH_SOUTH,27,1749.54,0.0,No,47237.58
511614,2025-06-11,SKU1020,WH_WEST,8,2359.13,0.0,No,18873.04
511610,2025-06-11,SKU1010,WH_NORTH,7,1240.02,0.0,No,8680.14
511606,2025-06-11,SKU1003,WH_NORTH,6,21674.48,0.0,No,130046.88
511616,2025-06-11,SKU1023,WH_NORTH,11,1257.73,10.0,Yes,12451.53
511622,2025-06-11,SKU1037,WH_WEST,26,2206.93,0.0,No,57380.18
511623,2025-06-11,SKU1039,WH_NORTH,30,222.44,10.0,No,6005.88
511618,2025-06-11,SKU1028,WH_SOUTH,6,716.34,10.0,No,3868.24
511642,2025-06-12,SKU1025,WH_SOUTH,8,1880.05,0.0,No,15040.4
511646,2025-06-12,SKU1034,WH_WEST,18,2229.38,5.0,No,38122.4
511634,2025-06-12,SKU1014,WH_SOUTH,13,1248.44,20.0,No,12983.78
511625,2025-06-12,SKU1001,WH_NORTH,4,19525.32,0.0,No,78101.28
511631,2025-06-12,SKU1011,WH_WEST,9,282.38,20.0,No,2033.14
511632,2025-06-12,SKU1012,WH_WEST,13,1433.92,0.0,No,18640.96
511644,2025-06-12,SKU1030,WH_SOUTH,38,2402.0,5.0,Yes,87853.15
511638,2025-06-12,SKU1020,WH_WEST,11,2359.13,0.0,Yes,25950.43
511628,2025-06-12,SKU1006,WH_WEST,5,4707.6,0.0,No,23538.0
511636,2025-06-12,SKU1017,WH_NORTH,11,2741.56,0.0,No,30157.16
511645,2025-06-12,SKU1031,WH_SOUTH,31,2789.96,0.0,Yes,86488.76
511629,2025-06-12,SKU1009,WH_SOUTH,4,1309.64,15.0,No,4452.78
511635,2025-06-12,SKU1016,WH_WEST,10,497.81,10.0,No,4480.29
511639,2025-06-12,SKU1021,WH_NORTH,8,2700.26,15.0,No,18361.77
511630,2025-06-12,SKU1010,WH_WEST,6,1240.02,10.0,No,6696.11
511643,2025-06-12,SKU1029,WH_NORTH,9,716.7,0.0,No,6450.3
511626,2025-06-12,SKU1003,WH_SOUTH,4,21674.48,10.0,No,78028.13
511627,2025-06-12,SKU1005,WH_SOUTH,3,23473.03,15.0,No,59856.23
511641,2025-06-12,SKU1024,WH_SOUTH,5,1822.24,15.0,No,7744.52
511633,2025-06-12,SKU1013,WH_SOUTH,6,2835.28,5.0,No,16161.1
511640,2025-06-12,SKU1023,WH_WEST,13,1257.73,0.0,Yes,16350.49
511648,2025-06-12,SKU1039,WH_NORTH,15,222.44,0.0,No,3336.6
511647,2025-06-12,SKU1036,WH_SOUTH,30,2919.38,15.0,No,74444.19
511624,2025-06-12,SKU1000,WH_SOUTH,5,9457.32,0.0,No,47286.6
511637,2025-06-12,SKU1018,WH_NORTH,11,2038.19,10.0,No,20178.08
511655,2025-06-13,SKU1012,WH_SOUTH,10,1433.92,0.0,No,14339.2
511666,2025-06-13,SKU1027,WH_WEST,10,194.56,0.0,No,1945.6
511663,2025-06-13,SKU1023,WH_WEST,14,1257.73,0.0,Yes,17608.22
511654,2025-06-13,SKU1008,WH_NORTH,7,7387.04,15.0,No,43952.89
511667,2025-06-13,SKU1031,WH_NORTH,23,2789.96,0.0,Yes,64169.08
511664,2025-06-13,SKU1025,WH_SOUTH,10,1880.05,10.0,No,16920.45
511657,2025-06-13,SKU1014,WH_SOUTH,14,1248.44,0.0,No,17478.16
511669,2025-06-13,SKU1038,WH_NORTH,14,1639.79,0.0,No,22957.06
511656,2025-06-13,SKU1013,WH_SOUTH,11,2835.28,10.0,No,28069.27
511661,2025-06-13,SKU1018,WH_SOUTH,4,2038.19,0.0,No,8152.76
511651,2025-06-13,SKU1002,WH_NORTH,5,4026.46,5.0,No,19125.68
511658,2025-06-13,SKU1015,WH_NORTH,9,808.05,10.0,No,6545.2
511662,2025-06-13,SKU1020,WH_WEST,6,2359.13,0.0,No,14154.78
511668,2025-06-13,SKU1037,WH_WEST,12,2206.93,0.0,No,26483.16
511665,2025-06-13,SKU1026,WH_NORTH,5,994.38,0.0,No,4971.9
511653,2025-06-13,SKU1007,WH_WEST,7,13190.2,0.0,No,92331.4
511659,2025-06-13,SKU1016,WH_NORTH,12,497.81,0.0,No,5973.72
511649,2025-06-13,SKU1000,WH_WEST,5,9457.32,0.0,No,47286.6
511660,2025-06-13,SKU1017,WH_NORTH,13,2741.56,15.0,No,30294.24
511652,2025-06-13,SKU1003,WH_WEST,5,21674.48,5.0,No,102953.78
511650,2025-06-13,SKU1001,WH_SOUTH,5,19525.32,0.0,No,97626.6
511670,2025-06-13,SKU1039,WH_SOUTH,20,222.44,0.0,No,4448.8
511675,2025-06-14,SKU1004,WH_WEST,5,661.52,0.0,No,3307.6
511687,2025-06-14,SKU1027,WH_SOUTH,11,194.56,0.0,No,2140.16
511685,2025-06-14,SKU1024,WH_SOUTH,9,1822.24,15.0,No,13940.14
511678,2025-06-14,SKU1009,WH_SOUTH,8,1309.64,0.0,No,10477.12
511671,2025-06-14,SKU1000,WH_WEST,9,9457.32,15.0,No,72348.5
511689,2025-06-14,SKU1032,WH_WEST,17,2757.64,5.0,No,44535.89
511693,2025-06-14,SKU1039,WH_WEST,26,222.44,0.0,No,5783.44
511686,2025-06-14,SKU1025,WH_NORTH,9,1880.05,0.0,No,16920.45
511691,2025-06-14,SKU1035,WH_WEST,34,1749.54,5.0,Yes,56510.14
511673,2025-06-14,SKU1002,WH_NORTH,8,4026.46,0.0,No,32211.68
511688,2025-06-14,SKU1029,WH_SOUTH,11,716.7,10.0,No,7095.33
511677,2025-06-14,SKU1007,WH_SOUTH,7,13190.2,0.0,Yes,92331.4
511683,2025-06-14,SKU1022,WH_SOUTH,11,278.9,5.0,No,2914.5
511692,2025-06-14,SKU1037,WH_NORTH,29,2206.93,0.0,No,64000.97
511680,2025-06-14,SKU1016,WH_WEST,15,497.81,5.0,No,7093.79
511674,2025-06-14,SKU1003,WH_NORTH,7,21674.48,15.0,No,128963.16
511672,2025-06-14,SKU1001,WH_WEST,6,19525.32,5.0,No,111294.32
511676,2025-06-14,SKU1006,WH_NORTH,6,4707.6,15.0,No,24008.76
511690,2025-06-14,SKU1034,WH_WEST,30,2229.38,0.0,No,66881.4
511681,2025-06-14,SKU1017,WH_SOUTH,16,2741.56,20.0,No,35091.97
511684,2025-06-14,SKU1023,WH_WEST,13,1257.73,0.0,No,16350.49
511682,2025-06-14,SKU1021,WH_SOUTH,11,2700.26,10.0,No,26732.57
511679,2025-06-14,SKU1014,WH_WEST,9,1248.44,0.0,No,11235.96
511712,2025-06-15,SKU1039,WH_NORTH,34,222.44,0.0,No,7562.96
511700,2025-06-15,SKU1014,WH_SOUTH,11,1248.44,0.0,Yes,13732.84
511703,2025-06-15,SKU1023,WH_WEST,9,1257.73,10.0,No,10187.61
511707,2025-06-15,SKU1029,WH_NORTH,9,716.7,10.0,No,5805.27
511695,2025-06-15,SKU1003,WH_NORTH,8,21674.48,10.0,No,156056.26
511699,2025-06-15,SKU1012,WH_NORTH,11,1433.92,20.0,No,12618.5
511710,2025-06-15,SKU1037,WH_WEST,38,2206.93,0.0,Yes,84966.8
511708,2025-06-15,SKU1031,WH_NORTH,11,2789.96,0.0,No,30689.56
511694,2025-06-15,SKU1002,WH_NORTH,5,4026.46,15.0,No,17112.45
511697,2025-06-15,SKU1005,WH_NORTH,5,23473.03,0.0,No,117365.15
511706,2025-06-15,SKU1028,WH_SOUTH,9,716.34,5.0,No,6124.71
511701,2025-06-15,SKU1015,WH_SOUTH,15,808.05,0.0,No,12120.75
511704,2025-06-15,SKU1024,WH_SOUTH,11,1822.24,0.0,No,20044.64
511705,2025-06-15,SKU1027,WH_WEST,11,194.56,20.0,No,1712.13
511698,2025-06-15,SKU1010,WH_SOUTH,16,1240.02,0.0,No,19840.32
511702,2025-06-15,SKU1022,WH_WEST,16,278.9,10.0,Yes,4016.16
511711,2025-06-15,SKU1038,WH_SOUTH,16,1639.79,0.0,No,26236.64
511709,2025-06-15,SKU1036,WH_NORTH,24,2919.38,10.0,No,63058.61
511696,2025-06-15,SKU1004,WH_SOUTH,9,661.52,20.0,No,4762.94
511734,2025-06-16,SKU1033,WH_SOUTH,12,1093.06,0.0,No,13116.72
511736,2025-06-16,SKU1039,WH_WEST,21,222.44,0.0,No,4671.24
511729,2025-06-16,SKU1026,WH_SOUTH,6,994.38,10.0,No,5369.65
511717,2025-06-16,SKU1007,WH_NORTH,6,13190.2,0.0,No,79141.2
511723,2025-06-16,SKU1020,WH_NORTH,5,2359.13,20.0,Yes,9436.52
511725,2025-06-16,SKU1022,WH_NORTH,8,278.9,10.0,No,2008.08
511735,2025-06-16,SKU1034,WH_NORTH,17,2229.38,20.0,No,30319.57
511727,2025-06-16,SKU1024,WH_WEST,6,1822.24,5.0,No,10386.77
511722,2025-06-16,SKU1018,WH_SOUTH,9,2038.19,0.0,No,18343.71
511718,2025-06-16,SKU1010,WH_NORTH,10,1240.02,0.0,No,12400.2
511731,2025-06-16,SKU1028,WH_NORTH,8,716.34,0.0,No,5730.72
511730,2025-06-16,SKU1027,WH_NORTH,3,194.56,5.0,No,554.5
511733,2025-06-16,SKU1032,WH_WEST,26,2757.64,0.0,No,71698.64
511724,2025-06-16,SKU1021,WH_WEST,9,2700.26,5.0,No,23087.22
511719,2025-06-16,SKU1013,WH_SOUTH,11,2835.28,10.0,No,28069.27
511720,2025-06-16,SKU1014,WH_WEST,11,1248.44,10.0,No,12359.56
511732,2025-06-16,SKU1031,WH_SOUTH,22,2789.96,0.0,No,61379.12
511715,2025-06-16,SKU1003,WH_WEST,4,21674.48,15.0,No,73693.23
511713,2025-06-16,SKU1001,WH_WEST,2,19525.32,0.0,No,39050.64
511714,2025-06-16,SKU1002,WH_NORTH,4,4026.46,0.0,No,16105.84
511728,2025-06-16,SKU1025,WH_SOUTH,8,1880.05,15.0,No,12784.34
511726,2025-06-16,SKU1023,WH_WEST,9,1257.73,0.0,No,11319.57
511716,2025-06-16,SKU1005,WH_NORTH,4,23473.03,0.0,No,93892.12
511721,2025-06-16,SKU1015,WH_WEST,17,808.05,0.0,No,13736.85
511745,2025-06-17,SKU1014,WH_SOUTH,10,1248.44,0.0,No,12484.4
511747,2025-06-17,SKU1016,WH_WEST,8,497.81,0.0,No,3982.48
511755,2025-06-17,SKU1030,WH_NORTH,10,2402.0,0.0,No,24020.0
511753,2025-06-17,SKU1028,WH_SOUTH,8,716.34,10.0,No,5157.65
511744,2025-06-17,SKU1012,WH_NORTH,8,1433.92,0.0,No,11471.36
511757,2025-06-17,SKU1033,WH_WEST,18,1093.06,0.0,No,19675.08
511743,2025-06-17,SKU1011,WH_SOUTH,12,282.38,0.0,No,3388.56
511746,2025-06-17,SKU1015,WH_NORTH,10,808.05,10.0,No,7272.45
511742,2025-06-17,SKU1008,WH_SOUTH,4,7387.04,0.0,No,29548.16
511739,2025-06-17,SKU1003,WH_SOUTH,6,21674.48,15.0,No,110539.85
511750,2025-06-17,SKU1022,WH_SOUTH,8,278.9,15.0,No,1896.52
511749,2025-06-17,SKU1019,WH_SOUTH,14,1767.95,0.0,No,24751.3
511748,2025-06-17,SKU1018,WH_NORTH,12,2038.19,0.0,No,24458.28
511754,2025-06-17,SKU1029,WH_WEST,11,716.7,0.0,No,7883.7
511737,2025-06-17,SKU1001,WH_SOUTH,3,19525.32,0.0,No,58575.96
511759,2025-06-17,SKU1039,WH_NORTH,31,222.44,10.0,Yes,6206.08
511741,2025-06-17,SKU1007,WH_NORTH,5,13190.2,0.0,No,65951.0
511752,2025-06-17,SKU1027,WH_SOUTH,8,194.56,5.0,No,1478.66
511756,2025-06-17,SKU1031,WH_SOUTH,22,2789.96,5.0,No,58310.16
511758,2025-06-17,SKU1034,WH_NORTH,10,2229.38,20.0,No,17835.04
511751,2025-06-17,SKU1025,WH_WEST,9,1880.05,5.0,No,16074.43
511738,2025-06-17,SKU1002,WH_WEST,3,4026.46,0.0,No,12079.38
511740,2025-06-17,SKU1004,WH_WEST,6,661.52,15.0,No,3373.75
511771,2025-06-18,SKU1020,WH_NORTH,5,2359.13,5.0,No,11205.87
511779,2025-06-18,SKU1032,WH_SOUTH,15,2757.64,0.0,No,41364.6
511782,2025-06-18,SKU1035,WH_WEST,15,1749.54,0.0,No,26243.1
511768,2025-06-18,SKU1016,WH_SOUTH,1,497.81,0.0,No,497.81
511773,2025-06-18,SKU1024,WH_NORTH,12,1822.24,0.0,No,21866.88
511772,2025-06-18,SKU1022,WH_SOUTH,11,278.9,0.0,No,3067.9
511761,2025-06-18,SKU1006,WH_WEST,4,4707.6,0.0,No,18830.4
511777,2025-06-18,SKU1028,WH_WEST,8,716.34,0.0,No,5730.72
511783,2025-06-18,SKU1036,WH_SOUTH,17,2919.38,0.0,No,49629.46
511767,2025-06-18,SKU1015,WH_WEST,7,808.05,0.0,No,5656.35
511762,2025-06-18,SKU1007,WH_WEST,5,13190.2,15.0,No,56058.35
511780,2025-06-18,SKU1033,WH_WEST,38,1093.06,0.0,Yes,42082.81
511776,2025-06-18,SKU1027,WH_SOUTH,7,194.56,5.0,No,1293.82
511763,2025-06-18,SKU1009,WH_WEST,6,1309.64,0.0,No,7857.84
511784,2025-06-18,SKU1037,WH_SOUTH,19,2206.93,0.0,No,41931.67
511778,2025-06-18,SKU1029,WH_WEST,8,716.7,0.0,No,5733.6
511770,2025-06-18,SKU1019,WH_SOUTH,8,1767.95,0.0,Yes,14143.6
511769,2025-06-18,SKU1017,WH_WEST,12,2741.56,0.0,No,32898.72
511781,2025-06-18,SKU1034,WH_WEST,14,2229.38,0.0,No,31211.32
511765,2025-06-18,SKU1012,WH_SOUTH,7,1433.92,5.0,No,9535.57
511774,2025-06-18,SKU1025,WH_WEST,10,1880.05,0.0,No,18800.5
511760,2025-06-18,SKU1003,WH_NORTH,3,21674.48,0.0,No,65023.44
511766,2025-06-18,SKU1014,WH_NORTH,12,1248.44,0.0,No,14981.28
511764,2025-06-18,SKU1011,WH_NORTH,12,282.38,0.0,No,3388.56
511775,2025-06-18,SKU1026,WH_SOUTH,10,994.38,10.0,No,8949.42
511786,2025-06-19,SKU1004,WH_SOUTH,7,661.52,0.0,No,4630.64
511785,2025-06-19,SKU1002,WH_SOUTH,6,4026.46,0.0,No,24158.76
511792,2025-06-19,SKU1016,WH_SOUTH,10,497.81,15.0,No,4231.38
511793,2025-06-19,SKU1017,WH_NORTH,13,2741.56,5.0,No,33858.27
511802,2025-06-19,SKU1039,WH_SOUTH,17,222.44,10.0,No,3403.33
511789,2025-06-19,SKU1012,WH_SOUTH,13,1433.92,0.0,No,18640.96
511798,2025-06-19,SKU1028,WH_SOUTH,10,716.34,10.0,No,6447.06
511797,2025-06-19,SKU1024,WH_NORTH,8,1822.24,10.0,No,13120.13
511800,2025-06-19,SKU1035,WH_NORTH,19,1749.54,20.0,No,26593.01
511788,2025-06-19,SKU1010,WH_SOUTH,10,1240.02,15.0,No,10540.17
511790,2025-06-19,SKU1014,WH_SOUTH,15,1248.44,10.0,Yes,16853.94
511796,2025-06-19,SKU1022,WH_SOUTH,7,278.9,0.0,No,1952.3
511795,2025-06-19,SKU1020,WH_NORTH,8,2359.13,5.0,No,17929.39
511801,2025-06-19,SKU1037,WH_SOUTH,11,2206.93,0.0,No,24276.23
511787,2025-06-19,SKU1008,WH_NORTH,5,7387.04,15.0,No,31394.92
511794,2025-06-19,SKU1018,WH_NORTH,13,2038.19,5.0,No,25171.65
511791,2025-06-19,SKU1015,WH_SOUTH,8,808.05,0.0,No,6464.4
511799,2025-06-19,SKU1030,WH_WEST,26,2402.0,0.0,Yes,62452.0
511818,2025-06-20,SKU1030,WH_SOUTH,25,2402.0,0.0,No,60050.0
511804,2025-06-20,SKU1006,WH_WEST,3,4707.6,10.0,No,12710.52
511814,2025-06-20,SKU1021,WH_WEST,5,2700.26,0.0,No,13501.3
511812,2025-06-20,SKU1018,WH_WEST,13,2038.19,20.0,No,21197.18
511807,2025-06-20,SKU1009,WH_NORTH,5,1309.64,15.0,No,5565.97
511820,2025-06-20,SKU1033,WH_SOUTH,29,1093.06,0.0,No,31698.74
511822,2025-06-20,SKU1037,WH_SOUTH,16,2206.93,0.0,No,35310.88
511823,2025-06-20,SKU1039,WH_SOUTH,11,222.44,10.0,No,2202.16
511816,2025-06-20,SKU1024,WH_SOUTH,5,1822.24,0.0,No,9111.2
511817,2025-06-20,SKU1027,WH_WEST,11,194.56,0.0,Yes,2140.16
511810,2025-06-20,SKU1015,WH_SOUTH,10,808.05,0.0,No,8080.5
511803,2025-06-20,SKU1005,WH_SOUTH,4,23473.03,10.0,No,84502.91
511811,2025-06-20,SKU1016,WH_WEST,18,497.81,10.0,No,8064.52
511809,2025-06-20,SKU1012,WH_WEST,19,1433.92,0.0,Yes,27244.48
511819,2025-06-20,SKU1032,WH_WEST,23,2757.64,15.0,No,53911.86
511806,2025-06-20,SKU1008,WH_NORTH,3,7387.04,0.0,No,22161.12
511805,2025-06-20,SKU1007,WH_WEST,6,13190.2,10.0,No,71227.08
511813,2025-06-20,SKU1020,WH_NORTH,2,2359.13,0.0,No,4718.26
511815,2025-06-20,SKU1022,WH_SOUTH,8,278.9,0.0,No,2231.2
511808,2025-06-20,SKU1010,WH_SOUTH,8,1240.02,20.0,No,7936.13
511821,2025-06-20,SKU1036,WH_WEST,23,2919.38,5.0,No,63788.45
511844,2025-06-21,SKU1036,WH_NORTH,33,2919.38,10.0,No,86705.59
511843,2025-06-21,SKU1035,WH_NORTH,22,1749.54,0.0,No,38489.88
511832,2025-06-21,SKU1015,WH_WEST,13,808.05,5.0,No,9979.42
511842,2025-06-21,SKU1032,WH_WEST,14,2757.64,15.0,No,32815.92
511834,2025-06-21,SKU1018,WH_NORTH,20,2038.19,15.0,No,35515.46
511846,2025-06-21,SKU1038,WH_SOUTH,5,1639.79,15.0,No,6969.11
511841,2025-06-21,SKU1031,WH_NORTH,30,2789.96,10.0,No,75328.92
511828,2025-06-21,SKU1009,WH_SOUTH,5,1309.64,0.0,No,6548.2
511829,2025-06-21,SKU1010,WH_WEST,16,1240.02,5.0,No,18848.3
511840,2025-06-21,SKU1026,WH_NORTH,3,994.38,0.0,No,2983.14
511835,2025-06-21,SKU1019,WH_SOUTH,10,1767.95,10.0,No,15911.55
511827,2025-06-21,SKU1008,WH_WEST,6,7387.04,0.0,No,44322.24
511833,2025-06-21,SKU1017,WH_SOUTH,20,2741.56,10.0,No,49348.08
511831,2025-06-21,SKU1014,WH_WEST,14,1248.44,0.0,Yes,17478.16
511824,2025-06-21,SKU1001,WH_WEST,6,19525.32,15.0,No,99579.13
511839,2025-06-21,SKU1024,WH_WEST,9,1822.24,0.0,No,16400.16
511825,2025-06-21,SKU1002,WH_SOUTH,8,4026.46,0.0,No,32211.68
511845,2025-06-21,SKU1037,WH_WEST,28,2206.93,10.0,No,55614.64
511826,2025-06-21,SKU1005,WH_NORTH,5,23473.03,15.0,No,99760.38
511830,2025-06-21,SKU1011,WH_WEST,13,282.38,15.0,No,3120.3
511837,2025-06-21,SKU1021,WH_SOUTH,14,2700.26,5.0,No,35913.46
511838,2025-06-21,SKU1023,WH_SOUTH,5,1257.73,10.0,No,5659.78
511836,2025-06-21,SKU1020,WH_NORTH,9,2359.13,0.0,No,21232.17
511852,2025-06-22,SKU1015,WH_SOUTH,20,808.05,5.0,Yes,15736.77
511851,2025-06-22,SKU1013,WH_NORTH,17,2835.28,10.0,No,43379.78
511864,2025-06-22,SKU1037,WH_SOUTH,25,2206.93,0.0,No,55173.25
511861,2025-06-22,SKU1033,WH_WEST,16,1093.06,0.0,No,17488.96
511860,2025-06-22,SKU1024,WH_SOUTH,9,1822.24,0.0,No,16400.16
511863,2025-06-22,SKU1035,WH_NORTH,30,1749.54,5.0,No,49861.89
511858,2025-06-22,SKU1022,WH_SOUTH,10,278.9,10.0,No,2510.1
511847,2025-06-22,SKU1001,WH_SOUTH,6,19525.32,0.0,No,117151.92
511859,2025-06-22,SKU1023,WH_NORTH,12,1257.73,0.0,No,15092.76
511848,2025-06-22,SKU1005,WH_SOUTH,4,23473.03,0.0,No,93892.12
511854,2025-06-22,SKU1017,WH_WEST,16,2741.56,0.0,No,43864.96
511865,2025-06-22,SKU1038,WH_SOUTH,25,1639.79,10.0,No,36895.28
511866,2025-06-22,SKU1039,WH_SOUTH,26,222.44,10.0,No,5205.1
511849,2025-06-22,SKU1006,WH_NORTH,4,4707.6,10.0,No,16947.36
511850,2025-06-22,SKU1008,WH_NORTH,6,7387.04,15.0,No,37673.9
511857,2025-06-22,SKU1020,WH_NORTH,10,2359.13,0.0,No,23591.3
511853,2025-06-22,SKU1016,WH_SOUTH,15,497.81,5.0,No,7093.79
511862,2025-06-22,SKU1034,WH_WEST,24,2229.38,0.0,No,53505.12
511855,2025-06-22,SKU1018,WH_NORTH,11,2038.19,0.0,No,22420.09
511856,2025-06-22,SKU1019,WH_WEST,12,1767.95,0.0,No,21215.4
511872,2025-06-23,SKU1008,WH_WEST,7,7387.04,0.0,No,51709.28
511885,2025-06-23,SKU1027,WH_NORTH,7,194.56,10.0,No,1225.73
511879,2025-06-23,SKU1020,WH_WEST,7,2359.13,0.0,No,16513.91
511884,2025-06-23,SKU1026,WH_SOUTH,10,994.38,0.0,No,9943.8
511869,2025-06-23,SKU1002,WH_SOUTH,4,4026.46,0.0,No,16105.84
511889,2025-06-23,SKU1037,WH_WEST,18,2206.93,5.0,No,37738.5
511886,2025-06-23,SKU1028,WH_NORTH,8,716.34,0.0,No,5730.72
511875,2025-06-23,SKU1013,WH_SOUTH,14,2835.28,0.0,Yes,39693.92
511882,2025-06-23,SKU1024,WH_NORTH,7,1822.24,0.0,No,12755.68
511887,2025-06-23,SKU1031,WH_NORTH,20,2789.96,10.0,No,50219.28
511868,2025-06-23,SKU1001,WH_SOUTH,7,19525.32,0.0,No,136677.24
511880,2025-06-23,SKU1021,WH_WEST,11,2700.26,0.0,No,29702.86
511881,2025-06-23,SKU1023,WH_NORTH,10,1257.73,0.0,No,12577.3
511878,2025-06-23,SKU1018,WH_SOUTH,13,2038.19,5.0,No,25171.65
511883,2025-06-23,SKU1025,WH_WEST,6,1880.05,0.0,No,11280.3
511867,2025-06-23,SKU1000,WH_SOUTH,5,9457.32,5.0,No,44922.27
511888,2025-06-23,SKU1033,WH_SOUTH,14,1093.06,0.0,No,15302.84
511870,2025-06-23,SKU1003,WH_WEST,9,21674.48,0.0,Yes,195070.32
511874,2025-06-23,SKU1011,WH_SOUTH,10,282.38,0.0,No,2823.8
511877,2025-06-23,SKU1016,WH_SOUTH,9,497.81,5.0,No,4256.28
511876,2025-06-23,SKU1015,WH_NORTH,16,808.05,0.0,Yes,12928.8
511871,2025-06-23,SKU1005,WH_NORTH,3,23473.03,15.0,No,59856.23
511873,2025-06-23,SKU1010,WH_SOUTH,10,1240.02,5.0,No,11780.19
511911,2025-06-24,SKU1039,WH_NORTH,11,222.44,0.0,No,2446.84
511896,2025-06-24,SKU1011,WH_SOUTH,9,282.38,5.0,No,2414.35
511910,2025-06-24,SKU1037,WH_NORTH,18,2206.93,5.0,Yes,37738.5
511890,2025-06-24,SKU1000,WH_WEST,3,9457.32,0.0,No,28371.96
511898,2025-06-24,SKU1014,WH_WEST,12,1248.44,15.0,No,12734.09
511907,2025-06-24,SKU1033,WH_SOUTH,19,1093.06,10.0,No,18691.33
511905,2025-06-24,SKU1030,WH_NORTH,19,2402.0,5.0,No,43356.1
511909,2025-06-24,SKU1036,WH_NORTH,22,2919.38,0.0,No,64226.36
511908,2025-06-24,SKU1034,WH_NORTH,19,2229.38,0.0,No,42358.22
511900,2025-06-24,SKU1022,WH_WEST,4,278.9,5.0,No,1059.82
511903,2025-06-24,SKU1026,WH_NORTH,6,994.38,20.0,No,4773.02
511899,2025-06-24,SKU1016,WH_NORTH,10,497.81,0.0,No,4978.1
511897,2025-06-24,SKU1012,WH_SOUTH,9,1433.92,10.0,No,11614.75
511891,2025-06-24,SKU1002,WH_NORTH,2,4026.46,15.0,No,6844.98
511901,2025-06-24,SKU1024,WH_WEST,7,1822.24,5.0,No,12117.9
511895,2025-06-24,SKU1010,WH_SOUTH,8,1240.02,0.0,No,9920.16
511892,2025-06-24,SKU1003,WH_WEST,5,21674.48,0.0,No,108372.4
511902,2025-06-24,SKU1025,WH_NORTH,7,1880.05,0.0,No,13160.35
511906,2025-06-24,SKU1032,WH_WEST,21,2757.64,0.0,No,57910.44
511894,2025-06-24,SKU1008,WH_WEST,5,7387.04,0.0,No,36935.2
511904,2025-06-24,SKU1029,WH_NORTH,7,716.7,5.0,No,4766.06
511893,2025-06-24,SKU1004,WH_NORTH,8,661.52,15.0,Yes,4498.34
511917,2025-06-25,SKU1013,WH_NORTH,10,2835.28,0.0,No,28352.8
511920,2025-06-25,SKU1018,WH_NORTH,9,2038.19,0.0,No,18343.71
511913,2025-06-25,SKU1006,WH_SOUTH,3,4707.6,0.0,No,14122.8
511925,2025-06-25,SKU1025,WH_SOUTH,11,1880.05,15.0,No,17578.47
511912,2025-06-25,SKU1003,WH_WEST,4,21674.48,0.0,No,86697.92
511926,2025-06-25,SKU1027,WH_NORTH,10,194.56,10.0,No,1751.04
511923,2025-06-25,SKU1022,WH_SOUTH,10,278.9,0.0,No,2789.0
511921,2025-06-25,SKU1019,WH_NORTH,10,1767.95,5.0,No,16795.52
511915,2025-06-25,SKU1009,WH_NORTH,4,1309.64,15.0,No,4452.78
511931,2025-06-25,SKU1035,WH_NORTH,25,1749.54,0.0,No,43738.5
511927,2025-06-25,SKU1029,WH_NORTH,7,716.7,0.0,No,5016.9
511932,2025-06-25,SKU1036,WH_NORTH,33,2919.38,0.0,No,96339.54
511919,2025-06-25,SKU1017,WH_SOUTH,9,2741.56,0.0,No,24674.04
511914,2025-06-25,SKU1007,WH_WEST,4,13190.2,0.0,Yes,52760.8
511922,2025-06-25,SKU1020,WH_WEST,9,2359.13,0.0,No,21232.17
511930,2025-06-25,SKU1034,WH_SOUTH,21,2229.38,0.0,Yes,46816.98
511924,2025-06-25,SKU1023,WH_NORTH,8,1257.73,0.0,No,10061.84
511928,2025-06-25,SKU1031,WH_WEST,24,2789.96,15.0,No,56915.18
511916,2025-06-25,SKU1010,WH_WEST,9,1240.02,20.0,No,8928.14
511929,2025-06-25,SKU1033,WH_WEST,22,1093.06,0.0,No,24047.32
511918,2025-06-25,SKU1014,WH_WEST,11,1248.44,0.0,No,13732.84
511934,2025-06-26,SKU1002,WH_WEST,6,4026.46,10.0,No,21742.88
511946,2025-06-26,SKU1023,WH_SOUTH,7,1257.73,0.0,Yes,8804.11
511939,2025-06-26,SKU1010,WH_NORTH,11,1240.02,20.0,No,10912.18
511933,2025-06-26,SKU1001,WH_WEST,6,19525.32,5.0,No,111294.32
511951,2025-06-26,SKU1028,WH_SOUTH,7,716.34,0.0,No,5014.38
511956,2025-06-26,SKU1034,WH_NORTH,19,2229.38,0.0,No,42358.22
511960,2025-06-26,SKU1039,WH_WEST,18,222.44,0.0,No,4003.92
511953,2025-06-26,SKU1030,WH_WEST,24,2402.0,0.0,No,57648.0
511942,2025-06-26,SKU1016,WH_WEST,13,497.81,0.0,No,6471.53
511937,2025-06-26,SKU1006,WH_WEST,5,4707.6,10.0,No,21184.2
511944,2025-06-26,SKU1018,WH_NORTH,4,2038.19,10.0,No,7337.48
511941,2025-06-26,SKU1014,WH_SOUTH,3,1248.44,10.0,No,3370.79
511947,2025-06-26,SKU1024,WH_WEST,7,1822.24,0.0,No,12755.68
511945,2025-06-26,SKU1020,WH_NORTH,7,2359.13,0.0,No,16513.91
511948,2025-06-26,SKU1025,WH_NORTH,8,1880.05,5.0,Yes,14288.38
511954,2025-06-26,SKU1031,WH_WEST,24,2789.96,0.0,No,66959.04
511935,2025-06-26,SKU1004,WH_WEST,5,661.52,0.0,No,3307.6
511936,2025-06-26,SKU1005,WH_WEST,4,23473.03,5.0,No,89197.51
511957,2025-06-26,SKU1035,WH_NORTH,8,1749.54,0.0,No,13996.32
511952,2025-06-26,SKU1029,WH_SOUTH,7,716.7,0.0,No,5016.9
511949,2025-06-26,SKU1026,WH_NORTH,8,994.38,20.0,No,6364.03
511943,2025-06-26,SKU1017,WH_NORTH,13,2741.56,0.0,No,35640.28
511938,2025-06-26,SKU1007,WH_WEST,5,13190.2,0.0,No,65951.0
511955,2025-06-26,SKU1032,WH_NORTH,19,2757.64,0.0,No,52395.16
511958,2025-06-26,SKU1037,WH_SOUTH,19,2206.93,10.0,No,37738.5
511959,2025-06-26,SKU1038,WH_WEST,16,1639.79,0.0,No,26236.64
511950,2025-06-26,SKU1027,WH_NORTH,8,194.56,0.0,No,1556.48
511940,2025-06-26,SKU1012,WH_SOUTH,20,1433.92,15.0,Yes,24986.06
511971,2025-06-27,SKU1028,WH_SOUTH,11,716.34,5.0,No,7485.75
511968,2025-06-27,SKU1021,WH_SOUTH,9,2700.26,10.0,No,21872.11
511964,2025-06-27,SKU1005,WH_NORTH,6,23473.03,0.0,No,140838.18
511970,2025-06-27,SKU1025,WH_WEST,8,1880.05,0.0,No,15040.4
511961,2025-06-27,SKU1001,WH_SOUTH,5,19525.32,0.0,No,97626.6
511965,2025-06-27,SKU1007,WH_WEST,5,13190.2,0.0,No,65951.0
511972,2025-06-27,SKU1029,WH_WEST,13,716.7,0.0,Yes,9317.1
511966,2025-06-27,SKU1009,WH_WEST,5,1309.64,15.0,No,5565.97
511967,2025-06-27,SKU1012,WH_NORTH,10,1433.92,0.0,No,14339.2
511978,2025-06-27,SKU1039,WH_WEST,22,222.44,0.0,No,4893.68
511969,2025-06-27,SKU1023,WH_WEST,5,1257.73,15.0,No,5345.35
511963,2025-06-27,SKU1003,WH_SOUTH,4,21674.48,15.0,No,73693.23
511974,2025-06-27,SKU1031,WH_SOUTH,23,2789.96,0.0,No,64169.08
511973,2025-06-27,SKU1030,WH_SOUTH,23,2402.0,0.0,No,55246.0
511976,2025-06-27,SKU1036,WH_NORTH,21,2919.38,5.0,No,58241.63
511977,2025-06-27,SKU1037,WH_WEST,24,2206.93,5.0,No,50318.0
511975,2025-06-27,SKU1032,WH_SOUTH,18,2757.64,0.0,No,49637.52
511962,2025-06-27,SKU1002,WH_NORTH,4,4026.46,0.0,No,16105.84
511986,2025-06-28,SKU1013,WH_WEST,9,2835.28,0.0,No,25517.52
511979,2025-06-28,SKU1001,WH_WEST,7,19525.32,10.0,No,123009.52
512000,2025-06-28,SKU1039,WH_SOUTH,18,222.44,0.0,No,4003.92
511992,2025-06-28,SKU1024,WH_SOUTH,10,1822.24,15.0,No,15489.04
511993,2025-06-28,SKU1025,WH_WEST,14,1880.05,0.0,No,26320.7
511985,2025-06-28,SKU1011,WH_SOUTH,13,282.38,0.0,No,3670.94
511995,2025-06-28,SKU1029,WH_NORTH,6,716.7,0.0,No,4300.2
511981,2025-06-28,SKU1003,WH_NORTH,8,21674.48,0.0,No,173395.84
511983,2025-06-28,SKU1006,WH_WEST,9,4707.6,15.0,Yes,36013.14
511994,2025-06-28,SKU1027,WH_WEST,10,194.56,0.0,No,1945.6
511988,2025-06-28,SKU1017,WH_WEST,8,2741.56,20.0,No,17545.98
511998,2025-06-28,SKU1034,WH_WEST,32,2229.38,10.0,No,64206.14
511982,2025-06-28,SKU1004,WH_WEST,8,661.52,0.0,No,5292.16
511997,2025-06-28,SKU1033,WH_NORTH,23,1093.06,5.0,No,23883.36
511980,2025-06-28,SKU1002,WH_NORTH,6,4026.46,0.0,No,24158.76
511989,2025-06-28,SKU1020,WH_WEST,6,2359.13,0.0,No,14154.78
511984,2025-06-28,SKU1007,WH_SOUTH,8,13190.2,10.0,No,94969.44
511987,2025-06-28,SKU1015,WH_NORTH,14,808.05,0.0,No,11312.7
511991,2025-06-28,SKU1022,WH_SOUTH,10,278.9,15.0,No,2370.65
511990,2025-06-28,SKU1021,WH_NORTH,7,2700.26,0.0,No,18901.82
511996,2025-06-28,SKU1030,WH_NORTH,25,2402.0,0.0,No,60050.0
511999,2025-06-28,SKU1036,WH_WEST,24,2919.38,0.0,No,70065.12
512021,2025-06-29,SKU1039,WH_SOUTH,26,222.44,0.0,No,5783.44
512009,2025-06-29,SKU1018,WH_WEST,19,2038.19,20.0,No,30980.49
512013,2025-06-29,SKU1026,WH_NORTH,7,994.38,0.0,No,6960.66
512011,2025-06-29,SKU1021,WH_SOUTH,12,2700.26,0.0,No,32403.12
512002,2025-06-29,SKU1002,WH_WEST,5,4026.46,0.0,No,20132.3
512017,2025-06-29,SKU1033,WH_NORTH,23,1093.06,15.0,No,21369.32
512018,2025-06-29,SKU1034,WH_NORTH,38,2229.38,5.0,No,80480.62
512006,2025-06-29,SKU1011,WH_NORTH,11,282.38,5.0,No,2950.87
512001,2025-06-29,SKU1001,WH_SOUTH,6,19525.32,0.0,No,117151.92
512007,2025-06-29,SKU1012,WH_SOUTH,20,1433.92,0.0,Yes,28678.4
512015,2025-06-29,SKU1030,WH_WEST,37,2402.0,0.0,Yes,88874.0
512004,2025-06-29,SKU1009,WH_NORTH,2,1309.64,5.0,No,2488.32
512003,2025-06-29,SKU1008,WH_SOUTH,7,7387.04,0.0,No,51709.28
512014,2025-06-29,SKU1027,WH_SOUTH,16,194.56,10.0,No,2801.66
512005,2025-06-29,SKU1010,WH_SOUTH,15,1240.02,0.0,No,18600.3
512020,2025-06-29,SKU1037,WH_SOUTH,16,2206.93,0.0,No,35310.88
512010,2025-06-29,SKU1020,WH_WEST,7,2359.13,20.0,No,13211.13
512019,2025-06-29,SKU1035,WH_WEST,38,1749.54,0.0,Yes,67357.29
512008,2025-06-29,SKU1013,WH_NORTH,12,2835.28,5.0,No,32322.19
512012,2025-06-29,SKU1024,WH_WEST,6,1822.24,5.0,No,10386.77
512016,2025-06-29,SKU1031,WH_WEST,30,2789.96,0.0,No,83698.8
512037,2025-06-30,SKU1038,WH_WEST,28,1639.79,0.0,Yes,45914.12
512023,2025-06-30,SKU1002,WH_SOUTH,3,4026.46,10.0,No,10871.44
512025,2025-06-30,SKU1007,WH_NORTH,5,13190.2,5.0,No,62653.45
512032,2025-06-30,SKU1021,WH_NORTH,9,2700.26,15.0,No,20656.99
512029,2025-06-30,SKU1015,WH_NORTH,13,808.05,10.0,No,9454.18
512034,2025-06-30,SKU1026,WH_SOUTH,7,994.38,5.0,No,6612.63
512027,2025-06-30,SKU1012,WH_SOUTH,12,1433.92,20.0,No,13765.63
512035,2025-06-30,SKU1027,WH_NORTH,7,194.56,0.0,No,1361.92
512026,2025-06-30,SKU1010,WH_WEST,5,1240.02,0.0,No,6200.1
512036,2025-06-30,SKU1035,WH_WEST,28,1749.54,15.0,Yes,41639.05
512033,2025-06-30,SKU1024,WH_NORTH,9,1822.24,5.0,No,15580.15
512024,2025-06-30,SKU1005,WH_SOUTH,5,23473.03,0.0,No,117365.15
512031,2025-06-30,SKU1019,WH_NORTH,7,1767.95,0.0,No,12375.65
512030,2025-06-30,SKU1017,WH_WEST,9,2741.56,0.0,No,24674.04
512028,2025-06-30,SKU1014,WH_SOUTH,9,1248.44,0.0,No,11235.96
512022,2025-06-30,SKU1001,WH_NORTH,7,19525.32,0.0,No,136677.24
